18:21:53 INFO  : Launching XSCT server: xsct.bat -n  -interactive C:\Users\ianrun75\Downloads\MP1new\vitis\temp_xsdb_launch_script.tcl
18:21:53 INFO  : Registering command handlers for Vitis TCF services
18:21:54 INFO  : XSCT server has started successfully.
18:21:55 INFO  : Successfully done setting XSCT server connection channel  
18:21:55 INFO  : Successfully done query RDI_DATADIR 
18:21:55 INFO  : Successfully done setting workspace for the tool. 
18:21:55 INFO  : Platform repository initialization has completed.
18:21:55 INFO  : plnx-install-location is set to ''
18:22:59 INFO  : Result from executing command 'getProjects': mp1block_wrapper
18:22:59 INFO  : Result from executing command 'getPlatforms': 
18:22:59 INFO  : Platform 'mp1block_wrapper' is added to custom repositories.
18:23:05 INFO  : Platform 'mp1block_wrapper' is added to custom repositories.
18:24:14 INFO  : Result from executing command 'getProjects': mp1block_wrapper
18:24:14 INFO  : Result from executing command 'getPlatforms': mp1block_wrapper|C:/Users/ianrun75/Downloads/MP1new/vitis/mp1block_wrapper/export/mp1block_wrapper/mp1block_wrapper.xpfm
18:24:14 INFO  : Checking for BSP changes to sync application flags for project 'rc_control'...
18:25:42 INFO  : Checking for BSP changes to sync application flags for project 'rc_control'...
18:26:04 INFO  : Checking for BSP changes to sync application flags for project 'rc_control'...
18:26:27 INFO  : Checking for BSP changes to sync application flags for project 'rc_control'...
18:27:05 INFO  : Connected to target on host '127.0.0.1' and port '3121'.
18:27:05 INFO  : Jtag cable 'Digilent Zed 210248B9DA56' is selected.
18:27:05 INFO  : 'jtag frequency' command is executed.
18:27:05 INFO  : Context for 'APU' is selected.
18:27:05 INFO  : System reset is completed.
18:27:08 INFO  : 'after 3000' command is executed.
18:27:08 INFO  : 'targets -set -filter {jtag_cable_name =~ "Digilent Zed 210248B9DA56" && level==0 && jtag_device_ctx=="jsn-Zed-210248B9DA56-23727093-0"}' command is executed.
18:27:10 INFO  : FPGA configured successfully with bitstream "C:/Users/ianrun75/Downloads/MP1new/vitis/rc_control/_ide/bitstream/mp1block_wrapper.bit"
18:27:10 INFO  : Context for 'APU' is selected.
18:27:10 INFO  : Hardware design and registers information is loaded from 'C:/Users/ianrun75/Downloads/MP1new/vitis/mp1block_wrapper/export/mp1block_wrapper/hw/mp1block_wrapper.xsa'.
18:27:10 INFO  : 'configparams force-mem-access 1' command is executed.
18:27:10 INFO  : Context for 'APU' is selected.
18:27:10 INFO  : Sourcing of 'C:/Users/ianrun75/Downloads/MP1new/vitis/rc_control/_ide/psinit/ps7_init.tcl' is done.
18:27:11 INFO  : 'ps7_init' command is executed.
18:27:11 INFO  : 'ps7_post_config' command is executed.
18:27:11 INFO  : Context for processor 'ps7_cortexa9_0' is selected.
18:27:11 INFO  : The application 'C:/Users/ianrun75/Downloads/MP1new/vitis/rc_control/Debug/rc_control.elf' is downloaded to processor 'ps7_cortexa9_0'.
18:27:11 INFO  : 'configparams force-mem-access 0' command is executed.
18:27:11 INFO  : ----------------XSDB Script----------------
connect -url tcp:127.0.0.1:3121
targets -set -nocase -filter {name =~"APU*"}
rst -system
after 3000
targets -set -filter {jtag_cable_name =~ "Digilent Zed 210248B9DA56" && level==0 && jtag_device_ctx=="jsn-Zed-210248B9DA56-23727093-0"}
fpga -file C:/Users/ianrun75/Downloads/MP1new/vitis/rc_control/_ide/bitstream/mp1block_wrapper.bit
targets -set -nocase -filter {name =~"APU*"}
loadhw -hw C:/Users/ianrun75/Downloads/MP1new/vitis/mp1block_wrapper/export/mp1block_wrapper/hw/mp1block_wrapper.xsa -mem-ranges [list {0x40000000 0xbfffffff}] -regs
configparams force-mem-access 1
targets -set -nocase -filter {name =~"APU*"}
source C:/Users/ianrun75/Downloads/MP1new/vitis/rc_control/_ide/psinit/ps7_init.tcl
ps7_init
ps7_post_config
targets -set -nocase -filter {name =~ "*A9*#0"}
dow C:/Users/ianrun75/Downloads/MP1new/vitis/rc_control/Debug/rc_control.elf
configparams force-mem-access 0
----------------End of Script----------------

18:27:11 INFO  : Context for processor 'ps7_cortexa9_0' is selected.
18:27:11 INFO  : 'con' command is executed.
18:27:11 INFO  : ----------------XSDB Script (After Launch)----------------
targets -set -nocase -filter {name =~ "*A9*#0"}
con
----------------End of Script----------------

18:27:11 INFO  : Launch script is exported to file 'C:\Users\ianrun75\Downloads\MP1new\vitis\.sdk\launch_scripts\single_application_debug\debugger_rc_control-default.tcl'
18:28:04 INFO  : Disconnected from the channel tcfchan#6.
18:28:05 INFO  : Connected to target on host '127.0.0.1' and port '3121'.
18:28:05 INFO  : Jtag cable 'Digilent Zed 210248B9DA56' is selected.
18:28:05 INFO  : 'jtag frequency' command is executed.
18:28:05 INFO  : Context for 'APU' is selected.
18:28:05 INFO  : System reset is completed.
18:28:08 INFO  : 'after 3000' command is executed.
18:28:08 INFO  : 'targets -set -filter {jtag_cable_name =~ "Digilent Zed 210248B9DA56" && level==0 && jtag_device_ctx=="jsn-Zed-210248B9DA56-23727093-0"}' command is executed.
18:28:11 INFO  : FPGA configured successfully with bitstream "C:/Users/ianrun75/Downloads/MP1new/vitis/rc_control/_ide/bitstream/mp1block_wrapper.bit"
18:28:11 INFO  : Context for 'APU' is selected.
18:28:11 INFO  : Hardware design and registers information is loaded from 'C:/Users/ianrun75/Downloads/MP1new/vitis/mp1block_wrapper/export/mp1block_wrapper/hw/mp1block_wrapper.xsa'.
18:28:11 INFO  : 'configparams force-mem-access 1' command is executed.
18:28:11 INFO  : Context for 'APU' is selected.
18:28:11 INFO  : Sourcing of 'C:/Users/ianrun75/Downloads/MP1new/vitis/rc_control/_ide/psinit/ps7_init.tcl' is done.
18:28:11 INFO  : 'ps7_init' command is executed.
18:28:11 INFO  : 'ps7_post_config' command is executed.
18:28:11 INFO  : Context for processor 'ps7_cortexa9_0' is selected.
18:28:11 INFO  : The application 'C:/Users/ianrun75/Downloads/MP1new/vitis/rc_control/Debug/rc_control.elf' is downloaded to processor 'ps7_cortexa9_0'.
18:28:11 INFO  : 'configparams force-mem-access 0' command is executed.
18:28:11 INFO  : ----------------XSDB Script----------------
connect -url tcp:127.0.0.1:3121
targets -set -nocase -filter {name =~"APU*"}
rst -system
after 3000
targets -set -filter {jtag_cable_name =~ "Digilent Zed 210248B9DA56" && level==0 && jtag_device_ctx=="jsn-Zed-210248B9DA56-23727093-0"}
fpga -file C:/Users/ianrun75/Downloads/MP1new/vitis/rc_control/_ide/bitstream/mp1block_wrapper.bit
targets -set -nocase -filter {name =~"APU*"}
loadhw -hw C:/Users/ianrun75/Downloads/MP1new/vitis/mp1block_wrapper/export/mp1block_wrapper/hw/mp1block_wrapper.xsa -mem-ranges [list {0x40000000 0xbfffffff}] -regs
configparams force-mem-access 1
targets -set -nocase -filter {name =~"APU*"}
source C:/Users/ianrun75/Downloads/MP1new/vitis/rc_control/_ide/psinit/ps7_init.tcl
ps7_init
ps7_post_config
targets -set -nocase -filter {name =~ "*A9*#0"}
dow C:/Users/ianrun75/Downloads/MP1new/vitis/rc_control/Debug/rc_control.elf
configparams force-mem-access 0
----------------End of Script----------------

18:28:11 INFO  : Context for processor 'ps7_cortexa9_0' is selected.
18:28:11 INFO  : 'con' command is executed.
18:28:11 INFO  : ----------------XSDB Script (After Launch)----------------
targets -set -nocase -filter {name =~ "*A9*#0"}
con
----------------End of Script----------------

18:28:11 INFO  : Launch script is exported to file 'C:\Users\ianrun75\Downloads\MP1new\vitis\.sdk\launch_scripts\single_application_debug\debugger_rc_control-default.tcl'
18:53:19 INFO  : Hardware specification for platform project 'mp1block_wrapper' is updated.
18:54:04 INFO  : Result from executing command 'getProjects': mp1block_wrapper
18:54:04 INFO  : Result from executing command 'getPlatforms': mp1block_wrapper|C:/Users/ianrun75/Downloads/MP1new/vitis/mp1block_wrapper/export/mp1block_wrapper/mp1block_wrapper.xpfm
18:54:04 INFO  : Checking for BSP changes to sync application flags for project 'rc_control'...
18:54:06 INFO  : The hardware specfication used by project 'rc_control' is out of sync with the platform. Resource files extracted from the hardware specfiication will be updated.
18:54:06 INFO  : The file 'C:\Users\ianrun75\Downloads\MP1new\vitis\rc_control\_ide\bitstream\mp1block_wrapper.bit' stored in project is removed.
18:54:06 INFO  : The updated bitstream files are copied from platform to folder 'C:\Users\ianrun75\Downloads\MP1new\vitis\rc_control\_ide\bitstream' in project 'rc_control'.
18:54:06 INFO  : The file 'C:\Users\ianrun75\Downloads\MP1new\vitis\rc_control\_ide\psinit\ps7_init.tcl' stored in project is removed.
18:54:09 INFO  : The updated ps init files are copied from platform to folder 'C:\Users\ianrun75\Downloads\MP1new\vitis\rc_control\_ide\psinit' in project 'rc_control'.
18:55:22 INFO  : Disconnected from the channel tcfchan#7.
18:55:23 INFO  : Connected to target on host '127.0.0.1' and port '3121'.
18:55:23 INFO  : Jtag cable 'Digilent Zed 210248B9DA56' is selected.
18:55:23 INFO  : 'jtag frequency' command is executed.
18:55:23 INFO  : Context for 'APU' is selected.
18:55:23 INFO  : System reset is completed.
18:55:26 INFO  : 'after 3000' command is executed.
18:55:26 INFO  : 'targets -set -filter {jtag_cable_name =~ "Digilent Zed 210248B9DA56" && level==0 && jtag_device_ctx=="jsn-Zed-210248B9DA56-23727093-0"}' command is executed.
18:55:29 INFO  : FPGA configured successfully with bitstream "C:/Users/ianrun75/Downloads/MP1new/vitis/rc_control/_ide/bitstream/mp1block_wrapper.bit"
18:55:29 INFO  : Context for 'APU' is selected.
18:55:29 INFO  : Hardware design and registers information is loaded from 'C:/Users/ianrun75/Downloads/MP1new/vitis/mp1block_wrapper/export/mp1block_wrapper/hw/mp1block_wrapper.xsa'.
18:55:29 INFO  : 'configparams force-mem-access 1' command is executed.
18:55:29 INFO  : Context for 'APU' is selected.
18:55:29 INFO  : Sourcing of 'C:/Users/ianrun75/Downloads/MP1new/vitis/rc_control/_ide/psinit/ps7_init.tcl' is done.
18:55:29 INFO  : 'ps7_init' command is executed.
18:55:29 INFO  : 'ps7_post_config' command is executed.
18:55:29 INFO  : Context for processor 'ps7_cortexa9_0' is selected.
18:55:29 INFO  : The application 'C:/Users/ianrun75/Downloads/MP1new/vitis/rc_control/Debug/rc_control.elf' is downloaded to processor 'ps7_cortexa9_0'.
18:55:29 INFO  : 'configparams force-mem-access 0' command is executed.
18:55:29 INFO  : ----------------XSDB Script----------------
connect -url tcp:127.0.0.1:3121
targets -set -nocase -filter {name =~"APU*"}
rst -system
after 3000
targets -set -filter {jtag_cable_name =~ "Digilent Zed 210248B9DA56" && level==0 && jtag_device_ctx=="jsn-Zed-210248B9DA56-23727093-0"}
fpga -file C:/Users/ianrun75/Downloads/MP1new/vitis/rc_control/_ide/bitstream/mp1block_wrapper.bit
targets -set -nocase -filter {name =~"APU*"}
loadhw -hw C:/Users/ianrun75/Downloads/MP1new/vitis/mp1block_wrapper/export/mp1block_wrapper/hw/mp1block_wrapper.xsa -mem-ranges [list {0x40000000 0xbfffffff}] -regs
configparams force-mem-access 1
targets -set -nocase -filter {name =~"APU*"}
source C:/Users/ianrun75/Downloads/MP1new/vitis/rc_control/_ide/psinit/ps7_init.tcl
ps7_init
ps7_post_config
targets -set -nocase -filter {name =~ "*A9*#0"}
dow C:/Users/ianrun75/Downloads/MP1new/vitis/rc_control/Debug/rc_control.elf
configparams force-mem-access 0
----------------End of Script----------------

18:55:29 INFO  : Context for processor 'ps7_cortexa9_0' is selected.
18:55:29 INFO  : 'con' command is executed.
18:55:29 INFO  : ----------------XSDB Script (After Launch)----------------
targets -set -nocase -filter {name =~ "*A9*#0"}
con
----------------End of Script----------------

18:55:29 INFO  : Launch script is exported to file 'C:\Users\ianrun75\Downloads\MP1new\vitis\.sdk\launch_scripts\single_application_debug\debugger_rc_control-default.tcl'
19:08:50 INFO  : Checking for BSP changes to sync application flags for project 'rc_control'...
19:09:46 INFO  : Disconnected from the channel tcfchan#10.
19:09:50 INFO  : Connected to target on host '127.0.0.1' and port '3121'.
19:09:50 INFO  : Jtag cable 'Digilent Zed 210248B9DA56' is selected.
19:09:50 INFO  : 'jtag frequency' command is executed.
19:09:50 INFO  : Context for 'APU' is selected.
19:09:50 INFO  : System reset is completed.
19:09:53 INFO  : 'after 3000' command is executed.
19:09:53 INFO  : 'targets -set -filter {jtag_cable_name =~ "Digilent Zed 210248B9DA56" && level==0 && jtag_device_ctx=="jsn-Zed-210248B9DA56-23727093-0"}' command is executed.
19:09:56 INFO  : FPGA configured successfully with bitstream "C:/Users/ianrun75/Downloads/MP1new/vitis/rc_control/_ide/bitstream/mp1block_wrapper.bit"
19:09:56 INFO  : Context for 'APU' is selected.
19:09:56 INFO  : Hardware design and registers information is loaded from 'C:/Users/ianrun75/Downloads/MP1new/vitis/mp1block_wrapper/export/mp1block_wrapper/hw/mp1block_wrapper.xsa'.
19:09:56 INFO  : 'configparams force-mem-access 1' command is executed.
19:09:56 INFO  : Context for 'APU' is selected.
19:09:56 INFO  : Sourcing of 'C:/Users/ianrun75/Downloads/MP1new/vitis/rc_control/_ide/psinit/ps7_init.tcl' is done.
19:09:56 INFO  : 'ps7_init' command is executed.
19:09:56 INFO  : 'ps7_post_config' command is executed.
19:09:56 INFO  : Context for processor 'ps7_cortexa9_0' is selected.
19:09:56 INFO  : The application 'C:/Users/ianrun75/Downloads/MP1new/vitis/rc_control/Debug/rc_control.elf' is downloaded to processor 'ps7_cortexa9_0'.
19:09:56 INFO  : 'configparams force-mem-access 0' command is executed.
19:09:56 INFO  : ----------------XSDB Script----------------
connect -url tcp:127.0.0.1:3121
targets -set -nocase -filter {name =~"APU*"}
rst -system
after 3000
targets -set -filter {jtag_cable_name =~ "Digilent Zed 210248B9DA56" && level==0 && jtag_device_ctx=="jsn-Zed-210248B9DA56-23727093-0"}
fpga -file C:/Users/ianrun75/Downloads/MP1new/vitis/rc_control/_ide/bitstream/mp1block_wrapper.bit
targets -set -nocase -filter {name =~"APU*"}
loadhw -hw C:/Users/ianrun75/Downloads/MP1new/vitis/mp1block_wrapper/export/mp1block_wrapper/hw/mp1block_wrapper.xsa -mem-ranges [list {0x40000000 0xbfffffff}] -regs
configparams force-mem-access 1
targets -set -nocase -filter {name =~"APU*"}
source C:/Users/ianrun75/Downloads/MP1new/vitis/rc_control/_ide/psinit/ps7_init.tcl
ps7_init
ps7_post_config
targets -set -nocase -filter {name =~ "*A9*#0"}
dow C:/Users/ianrun75/Downloads/MP1new/vitis/rc_control/Debug/rc_control.elf
configparams force-mem-access 0
----------------End of Script----------------

19:09:56 INFO  : Context for processor 'ps7_cortexa9_0' is selected.
19:09:56 INFO  : 'con' command is executed.
19:09:56 INFO  : ----------------XSDB Script (After Launch)----------------
targets -set -nocase -filter {name =~ "*A9*#0"}
con
----------------End of Script----------------

19:09:56 INFO  : Launch script is exported to file 'C:\Users\ianrun75\Downloads\MP1new\vitis\.sdk\launch_scripts\single_application_debug\debugger_rc_control-default.tcl'
19:10:10 INFO  : Disconnected from the channel tcfchan#12.
19:10:29 INFO  : Connected to target on host '127.0.0.1' and port '3121'.
19:10:29 INFO  : Jtag cable 'Digilent Zed 210248B9DA56' is selected.
19:10:29 INFO  : 'jtag frequency' command is executed.
19:10:29 INFO  : Context for 'APU' is selected.
19:10:29 INFO  : System reset is completed.
19:10:32 INFO  : 'after 3000' command is executed.
19:10:32 INFO  : 'targets -set -filter {jtag_cable_name =~ "Digilent Zed 210248B9DA56" && level==0 && jtag_device_ctx=="jsn-Zed-210248B9DA56-23727093-0"}' command is executed.
19:10:35 INFO  : FPGA configured successfully with bitstream "C:/Users/ianrun75/Downloads/MP1new/vitis/rc_control/_ide/bitstream/mp1block_wrapper.bit"
19:10:35 INFO  : Context for 'APU' is selected.
19:10:35 INFO  : Hardware design and registers information is loaded from 'C:/Users/ianrun75/Downloads/MP1new/vitis/mp1block_wrapper/export/mp1block_wrapper/hw/mp1block_wrapper.xsa'.
19:10:35 INFO  : 'configparams force-mem-access 1' command is executed.
19:10:35 INFO  : Context for 'APU' is selected.
19:10:35 INFO  : Sourcing of 'C:/Users/ianrun75/Downloads/MP1new/vitis/rc_control/_ide/psinit/ps7_init.tcl' is done.
19:10:35 INFO  : 'ps7_init' command is executed.
19:10:35 INFO  : 'ps7_post_config' command is executed.
19:10:35 INFO  : Context for processor 'ps7_cortexa9_0' is selected.
19:10:35 INFO  : The application 'C:/Users/ianrun75/Downloads/MP1new/vitis/rc_control/Debug/rc_control.elf' is downloaded to processor 'ps7_cortexa9_0'.
19:10:35 INFO  : 'configparams force-mem-access 0' command is executed.
19:10:35 INFO  : ----------------XSDB Script----------------
connect -url tcp:127.0.0.1:3121
targets -set -nocase -filter {name =~"APU*"}
rst -system
after 3000
targets -set -filter {jtag_cable_name =~ "Digilent Zed 210248B9DA56" && level==0 && jtag_device_ctx=="jsn-Zed-210248B9DA56-23727093-0"}
fpga -file C:/Users/ianrun75/Downloads/MP1new/vitis/rc_control/_ide/bitstream/mp1block_wrapper.bit
targets -set -nocase -filter {name =~"APU*"}
loadhw -hw C:/Users/ianrun75/Downloads/MP1new/vitis/mp1block_wrapper/export/mp1block_wrapper/hw/mp1block_wrapper.xsa -mem-ranges [list {0x40000000 0xbfffffff}] -regs
configparams force-mem-access 1
targets -set -nocase -filter {name =~"APU*"}
source C:/Users/ianrun75/Downloads/MP1new/vitis/rc_control/_ide/psinit/ps7_init.tcl
ps7_init
ps7_post_config
targets -set -nocase -filter {name =~ "*A9*#0"}
dow C:/Users/ianrun75/Downloads/MP1new/vitis/rc_control/Debug/rc_control.elf
configparams force-mem-access 0
----------------End of Script----------------

19:10:35 INFO  : Context for processor 'ps7_cortexa9_0' is selected.
19:10:35 INFO  : 'con' command is executed.
19:10:35 INFO  : ----------------XSDB Script (After Launch)----------------
targets -set -nocase -filter {name =~ "*A9*#0"}
con
----------------End of Script----------------

19:10:35 INFO  : Launch script is exported to file 'C:\Users\ianrun75\Downloads\MP1new\vitis\.sdk\launch_scripts\single_application_debug\debugger_rc_control-default.tcl'
19:18:39 INFO  : Hardware specification for platform project 'mp1block_wrapper' is updated.
19:18:49 INFO  : Result from executing command 'getProjects': mp1block_wrapper
19:18:49 INFO  : Result from executing command 'getPlatforms': mp1block_wrapper|C:/Users/ianrun75/Downloads/MP1new/vitis/mp1block_wrapper/export/mp1block_wrapper/mp1block_wrapper.xpfm
19:18:49 INFO  : Checking for BSP changes to sync application flags for project 'rc_control'...
19:18:51 INFO  : The hardware specfication used by project 'rc_control' is out of sync with the platform. Resource files extracted from the hardware specfiication will be updated.
19:18:51 INFO  : The file 'C:\Users\ianrun75\Downloads\MP1new\vitis\rc_control\_ide\bitstream\mp1block_wrapper.bit' stored in project is removed.
19:18:51 INFO  : The updated bitstream files are copied from platform to folder 'C:\Users\ianrun75\Downloads\MP1new\vitis\rc_control\_ide\bitstream' in project 'rc_control'.
19:18:51 INFO  : The file 'C:\Users\ianrun75\Downloads\MP1new\vitis\rc_control\_ide\psinit\ps7_init.tcl' stored in project is removed.
19:18:54 INFO  : The updated ps init files are copied from platform to folder 'C:\Users\ianrun75\Downloads\MP1new\vitis\rc_control\_ide\psinit' in project 'rc_control'.
19:19:05 INFO  : Disconnected from the channel tcfchan#13.
19:19:06 INFO  : Connected to target on host '127.0.0.1' and port '3121'.
19:19:06 INFO  : Jtag cable 'Digilent Zed 210248B9DA56' is selected.
19:19:06 INFO  : 'jtag frequency' command is executed.
19:19:06 INFO  : Context for 'APU' is selected.
19:19:07 INFO  : System reset is completed.
19:19:10 INFO  : 'after 3000' command is executed.
19:19:10 INFO  : 'targets -set -filter {jtag_cable_name =~ "Digilent Zed 210248B9DA56" && level==0 && jtag_device_ctx=="jsn-Zed-210248B9DA56-23727093-0"}' command is executed.
19:19:12 INFO  : FPGA configured successfully with bitstream "C:/Users/ianrun75/Downloads/MP1new/vitis/rc_control/_ide/bitstream/mp1block_wrapper.bit"
19:19:12 INFO  : Context for 'APU' is selected.
19:19:12 INFO  : Hardware design and registers information is loaded from 'C:/Users/ianrun75/Downloads/MP1new/vitis/mp1block_wrapper/export/mp1block_wrapper/hw/mp1block_wrapper.xsa'.
19:19:12 INFO  : 'configparams force-mem-access 1' command is executed.
19:19:12 INFO  : Context for 'APU' is selected.
19:19:12 INFO  : Sourcing of 'C:/Users/ianrun75/Downloads/MP1new/vitis/rc_control/_ide/psinit/ps7_init.tcl' is done.
19:19:12 INFO  : 'ps7_init' command is executed.
19:19:12 INFO  : 'ps7_post_config' command is executed.
19:19:12 INFO  : Context for processor 'ps7_cortexa9_0' is selected.
19:19:12 INFO  : The application 'C:/Users/ianrun75/Downloads/MP1new/vitis/rc_control/Debug/rc_control.elf' is downloaded to processor 'ps7_cortexa9_0'.
19:19:12 INFO  : 'configparams force-mem-access 0' command is executed.
19:19:12 INFO  : ----------------XSDB Script----------------
connect -url tcp:127.0.0.1:3121
targets -set -nocase -filter {name =~"APU*"}
rst -system
after 3000
targets -set -filter {jtag_cable_name =~ "Digilent Zed 210248B9DA56" && level==0 && jtag_device_ctx=="jsn-Zed-210248B9DA56-23727093-0"}
fpga -file C:/Users/ianrun75/Downloads/MP1new/vitis/rc_control/_ide/bitstream/mp1block_wrapper.bit
targets -set -nocase -filter {name =~"APU*"}
loadhw -hw C:/Users/ianrun75/Downloads/MP1new/vitis/mp1block_wrapper/export/mp1block_wrapper/hw/mp1block_wrapper.xsa -mem-ranges [list {0x40000000 0xbfffffff}] -regs
configparams force-mem-access 1
targets -set -nocase -filter {name =~"APU*"}
source C:/Users/ianrun75/Downloads/MP1new/vitis/rc_control/_ide/psinit/ps7_init.tcl
ps7_init
ps7_post_config
targets -set -nocase -filter {name =~ "*A9*#0"}
dow C:/Users/ianrun75/Downloads/MP1new/vitis/rc_control/Debug/rc_control.elf
configparams force-mem-access 0
----------------End of Script----------------

19:19:12 INFO  : Context for processor 'ps7_cortexa9_0' is selected.
19:19:12 INFO  : 'con' command is executed.
19:19:12 INFO  : ----------------XSDB Script (After Launch)----------------
targets -set -nocase -filter {name =~ "*A9*#0"}
con
----------------End of Script----------------

19:19:12 INFO  : Launch script is exported to file 'C:\Users\ianrun75\Downloads\MP1new\vitis\.sdk\launch_scripts\single_application_debug\debugger_rc_control-default.tcl'
19:28:54 INFO  : Hardware specification for platform project 'mp1block_wrapper' is updated.
19:29:12 INFO  : Result from executing command 'getProjects': mp1block_wrapper
19:29:12 INFO  : Result from executing command 'getPlatforms': mp1block_wrapper|C:/Users/ianrun75/Downloads/MP1new/vitis/mp1block_wrapper/export/mp1block_wrapper/mp1block_wrapper.xpfm
19:29:12 INFO  : Checking for BSP changes to sync application flags for project 'rc_control'...
19:29:14 INFO  : The hardware specfication used by project 'rc_control' is out of sync with the platform. Resource files extracted from the hardware specfiication will be updated.
19:29:14 INFO  : The file 'C:\Users\ianrun75\Downloads\MP1new\vitis\rc_control\_ide\bitstream\mp1block_wrapper.bit' stored in project is removed.
19:29:14 INFO  : The updated bitstream files are copied from platform to folder 'C:\Users\ianrun75\Downloads\MP1new\vitis\rc_control\_ide\bitstream' in project 'rc_control'.
19:29:14 INFO  : The file 'C:\Users\ianrun75\Downloads\MP1new\vitis\rc_control\_ide\psinit\ps7_init.tcl' stored in project is removed.
19:29:17 INFO  : The updated ps init files are copied from platform to folder 'C:\Users\ianrun75\Downloads\MP1new\vitis\rc_control\_ide\psinit' in project 'rc_control'.
19:29:41 INFO  : Disconnected from the channel tcfchan#16.
19:29:42 INFO  : Connected to target on host '127.0.0.1' and port '3121'.
19:29:42 INFO  : Jtag cable 'Digilent Zed 210248B9DA56' is selected.
19:29:42 INFO  : 'jtag frequency' command is executed.
19:29:42 INFO  : Context for 'APU' is selected.
19:29:42 INFO  : System reset is completed.
19:29:45 INFO  : 'after 3000' command is executed.
19:29:45 INFO  : 'targets -set -filter {jtag_cable_name =~ "Digilent Zed 210248B9DA56" && level==0 && jtag_device_ctx=="jsn-Zed-210248B9DA56-23727093-0"}' command is executed.
19:29:48 INFO  : FPGA configured successfully with bitstream "C:/Users/ianrun75/Downloads/MP1new/vitis/rc_control/_ide/bitstream/mp1block_wrapper.bit"
19:29:48 INFO  : Context for 'APU' is selected.
19:29:48 INFO  : Hardware design and registers information is loaded from 'C:/Users/ianrun75/Downloads/MP1new/vitis/mp1block_wrapper/export/mp1block_wrapper/hw/mp1block_wrapper.xsa'.
19:29:48 INFO  : 'configparams force-mem-access 1' command is executed.
19:29:48 INFO  : Context for 'APU' is selected.
19:29:48 INFO  : Sourcing of 'C:/Users/ianrun75/Downloads/MP1new/vitis/rc_control/_ide/psinit/ps7_init.tcl' is done.
19:29:48 INFO  : 'ps7_init' command is executed.
19:29:48 INFO  : 'ps7_post_config' command is executed.
19:29:48 INFO  : Context for processor 'ps7_cortexa9_0' is selected.
19:29:48 INFO  : The application 'C:/Users/ianrun75/Downloads/MP1new/vitis/rc_control/Debug/rc_control.elf' is downloaded to processor 'ps7_cortexa9_0'.
19:29:48 INFO  : 'configparams force-mem-access 0' command is executed.
19:29:48 INFO  : ----------------XSDB Script----------------
connect -url tcp:127.0.0.1:3121
targets -set -nocase -filter {name =~"APU*"}
rst -system
after 3000
targets -set -filter {jtag_cable_name =~ "Digilent Zed 210248B9DA56" && level==0 && jtag_device_ctx=="jsn-Zed-210248B9DA56-23727093-0"}
fpga -file C:/Users/ianrun75/Downloads/MP1new/vitis/rc_control/_ide/bitstream/mp1block_wrapper.bit
targets -set -nocase -filter {name =~"APU*"}
loadhw -hw C:/Users/ianrun75/Downloads/MP1new/vitis/mp1block_wrapper/export/mp1block_wrapper/hw/mp1block_wrapper.xsa -mem-ranges [list {0x40000000 0xbfffffff}] -regs
configparams force-mem-access 1
targets -set -nocase -filter {name =~"APU*"}
source C:/Users/ianrun75/Downloads/MP1new/vitis/rc_control/_ide/psinit/ps7_init.tcl
ps7_init
ps7_post_config
targets -set -nocase -filter {name =~ "*A9*#0"}
dow C:/Users/ianrun75/Downloads/MP1new/vitis/rc_control/Debug/rc_control.elf
configparams force-mem-access 0
----------------End of Script----------------

19:29:48 INFO  : Context for processor 'ps7_cortexa9_0' is selected.
19:29:48 INFO  : 'con' command is executed.
19:29:48 INFO  : ----------------XSDB Script (After Launch)----------------
targets -set -nocase -filter {name =~ "*A9*#0"}
con
----------------End of Script----------------

19:29:48 INFO  : Launch script is exported to file 'C:\Users\ianrun75\Downloads\MP1new\vitis\.sdk\launch_scripts\single_application_debug\debugger_rc_control-default.tcl'
19:48:26 INFO  : Hardware specification for platform project 'mp1block_wrapper' is updated.
19:48:34 INFO  : Result from executing command 'getProjects': mp1block_wrapper
19:48:34 INFO  : Result from executing command 'getPlatforms': mp1block_wrapper|C:/Users/ianrun75/Downloads/MP1new/vitis/mp1block_wrapper/export/mp1block_wrapper/mp1block_wrapper.xpfm
19:48:34 INFO  : Checking for BSP changes to sync application flags for project 'rc_control'...
19:48:36 INFO  : The hardware specfication used by project 'rc_control' is out of sync with the platform. Resource files extracted from the hardware specfiication will be updated.
19:48:36 INFO  : The file 'C:\Users\ianrun75\Downloads\MP1new\vitis\rc_control\_ide\bitstream\mp1block_wrapper.bit' stored in project is removed.
19:48:36 INFO  : The updated bitstream files are copied from platform to folder 'C:\Users\ianrun75\Downloads\MP1new\vitis\rc_control\_ide\bitstream' in project 'rc_control'.
19:48:36 INFO  : The file 'C:\Users\ianrun75\Downloads\MP1new\vitis\rc_control\_ide\psinit\ps7_init.tcl' stored in project is removed.
19:48:39 INFO  : The updated ps init files are copied from platform to folder 'C:\Users\ianrun75\Downloads\MP1new\vitis\rc_control\_ide\psinit' in project 'rc_control'.
19:49:02 INFO  : Disconnected from the channel tcfchan#19.
19:49:03 INFO  : Connected to target on host '127.0.0.1' and port '3121'.
19:49:03 INFO  : Jtag cable 'Digilent Zed 210248B9DA56' is selected.
19:49:03 INFO  : 'jtag frequency' command is executed.
19:49:03 INFO  : Context for 'APU' is selected.
19:49:03 INFO  : System reset is completed.
19:49:06 INFO  : 'after 3000' command is executed.
19:49:06 INFO  : 'targets -set -filter {jtag_cable_name =~ "Digilent Zed 210248B9DA56" && level==0 && jtag_device_ctx=="jsn-Zed-210248B9DA56-23727093-0"}' command is executed.
19:49:08 INFO  : FPGA configured successfully with bitstream "C:/Users/ianrun75/Downloads/MP1new/vitis/rc_control/_ide/bitstream/mp1block_wrapper.bit"
19:49:08 INFO  : Context for 'APU' is selected.
19:49:08 INFO  : Hardware design and registers information is loaded from 'C:/Users/ianrun75/Downloads/MP1new/vitis/mp1block_wrapper/export/mp1block_wrapper/hw/mp1block_wrapper.xsa'.
19:49:08 INFO  : 'configparams force-mem-access 1' command is executed.
19:49:08 INFO  : Context for 'APU' is selected.
19:49:08 INFO  : Sourcing of 'C:/Users/ianrun75/Downloads/MP1new/vitis/rc_control/_ide/psinit/ps7_init.tcl' is done.
19:49:09 INFO  : 'ps7_init' command is executed.
19:49:09 INFO  : 'ps7_post_config' command is executed.
19:49:09 INFO  : Context for processor 'ps7_cortexa9_0' is selected.
19:49:09 INFO  : The application 'C:/Users/ianrun75/Downloads/MP1new/vitis/rc_control/Debug/rc_control.elf' is downloaded to processor 'ps7_cortexa9_0'.
19:49:09 INFO  : 'configparams force-mem-access 0' command is executed.
19:49:09 INFO  : ----------------XSDB Script----------------
connect -url tcp:127.0.0.1:3121
targets -set -nocase -filter {name =~"APU*"}
rst -system
after 3000
targets -set -filter {jtag_cable_name =~ "Digilent Zed 210248B9DA56" && level==0 && jtag_device_ctx=="jsn-Zed-210248B9DA56-23727093-0"}
fpga -file C:/Users/ianrun75/Downloads/MP1new/vitis/rc_control/_ide/bitstream/mp1block_wrapper.bit
targets -set -nocase -filter {name =~"APU*"}
loadhw -hw C:/Users/ianrun75/Downloads/MP1new/vitis/mp1block_wrapper/export/mp1block_wrapper/hw/mp1block_wrapper.xsa -mem-ranges [list {0x40000000 0xbfffffff}] -regs
configparams force-mem-access 1
targets -set -nocase -filter {name =~"APU*"}
source C:/Users/ianrun75/Downloads/MP1new/vitis/rc_control/_ide/psinit/ps7_init.tcl
ps7_init
ps7_post_config
targets -set -nocase -filter {name =~ "*A9*#0"}
dow C:/Users/ianrun75/Downloads/MP1new/vitis/rc_control/Debug/rc_control.elf
configparams force-mem-access 0
----------------End of Script----------------

19:49:09 INFO  : Context for processor 'ps7_cortexa9_0' is selected.
19:49:09 INFO  : 'con' command is executed.
19:49:09 INFO  : ----------------XSDB Script (After Launch)----------------
targets -set -nocase -filter {name =~ "*A9*#0"}
con
----------------End of Script----------------

19:49:09 INFO  : Launch script is exported to file 'C:\Users\ianrun75\Downloads\MP1new\vitis\.sdk\launch_scripts\single_application_debug\debugger_rc_control-default.tcl'
20:00:14 INFO  : Hardware specification for platform project 'mp1block_wrapper' is updated.
20:00:20 INFO  : Result from executing command 'getProjects': mp1block_wrapper
20:00:20 INFO  : Result from executing command 'getPlatforms': mp1block_wrapper|C:/Users/ianrun75/Downloads/MP1new/vitis/mp1block_wrapper/export/mp1block_wrapper/mp1block_wrapper.xpfm
20:00:21 INFO  : Checking for BSP changes to sync application flags for project 'rc_control'...
20:00:22 INFO  : The hardware specfication used by project 'rc_control' is out of sync with the platform. Resource files extracted from the hardware specfiication will be updated.
20:00:22 INFO  : The file 'C:\Users\ianrun75\Downloads\MP1new\vitis\rc_control\_ide\bitstream\mp1block_wrapper.bit' stored in project is removed.
20:00:22 INFO  : The updated bitstream files are copied from platform to folder 'C:\Users\ianrun75\Downloads\MP1new\vitis\rc_control\_ide\bitstream' in project 'rc_control'.
20:00:22 INFO  : The file 'C:\Users\ianrun75\Downloads\MP1new\vitis\rc_control\_ide\psinit\ps7_init.tcl' stored in project is removed.
20:00:25 INFO  : The updated ps init files are copied from platform to folder 'C:\Users\ianrun75\Downloads\MP1new\vitis\rc_control\_ide\psinit' in project 'rc_control'.
20:00:35 INFO  : Disconnected from the channel tcfchan#22.
20:00:36 INFO  : Connected to target on host '127.0.0.1' and port '3121'.
20:00:36 INFO  : Jtag cable 'Digilent Zed 210248B9DA56' is selected.
20:00:36 INFO  : 'jtag frequency' command is executed.
20:00:36 INFO  : Context for 'APU' is selected.
20:00:36 INFO  : System reset is completed.
20:00:39 INFO  : 'after 3000' command is executed.
20:00:39 INFO  : 'targets -set -filter {jtag_cable_name =~ "Digilent Zed 210248B9DA56" && level==0 && jtag_device_ctx=="jsn-Zed-210248B9DA56-23727093-0"}' command is executed.
20:00:42 INFO  : FPGA configured successfully with bitstream "C:/Users/ianrun75/Downloads/MP1new/vitis/rc_control/_ide/bitstream/mp1block_wrapper.bit"
20:00:42 INFO  : Context for 'APU' is selected.
20:00:42 INFO  : Hardware design and registers information is loaded from 'C:/Users/ianrun75/Downloads/MP1new/vitis/mp1block_wrapper/export/mp1block_wrapper/hw/mp1block_wrapper.xsa'.
20:00:42 INFO  : 'configparams force-mem-access 1' command is executed.
20:00:42 INFO  : Context for 'APU' is selected.
20:00:42 INFO  : Sourcing of 'C:/Users/ianrun75/Downloads/MP1new/vitis/rc_control/_ide/psinit/ps7_init.tcl' is done.
20:00:42 INFO  : 'ps7_init' command is executed.
20:00:42 INFO  : 'ps7_post_config' command is executed.
20:00:42 INFO  : Context for processor 'ps7_cortexa9_0' is selected.
20:00:42 INFO  : The application 'C:/Users/ianrun75/Downloads/MP1new/vitis/rc_control/Debug/rc_control.elf' is downloaded to processor 'ps7_cortexa9_0'.
20:00:42 INFO  : 'configparams force-mem-access 0' command is executed.
20:00:42 INFO  : ----------------XSDB Script----------------
connect -url tcp:127.0.0.1:3121
targets -set -nocase -filter {name =~"APU*"}
rst -system
after 3000
targets -set -filter {jtag_cable_name =~ "Digilent Zed 210248B9DA56" && level==0 && jtag_device_ctx=="jsn-Zed-210248B9DA56-23727093-0"}
fpga -file C:/Users/ianrun75/Downloads/MP1new/vitis/rc_control/_ide/bitstream/mp1block_wrapper.bit
targets -set -nocase -filter {name =~"APU*"}
loadhw -hw C:/Users/ianrun75/Downloads/MP1new/vitis/mp1block_wrapper/export/mp1block_wrapper/hw/mp1block_wrapper.xsa -mem-ranges [list {0x40000000 0xbfffffff}] -regs
configparams force-mem-access 1
targets -set -nocase -filter {name =~"APU*"}
source C:/Users/ianrun75/Downloads/MP1new/vitis/rc_control/_ide/psinit/ps7_init.tcl
ps7_init
ps7_post_config
targets -set -nocase -filter {name =~ "*A9*#0"}
dow C:/Users/ianrun75/Downloads/MP1new/vitis/rc_control/Debug/rc_control.elf
configparams force-mem-access 0
----------------End of Script----------------

20:00:42 INFO  : Context for processor 'ps7_cortexa9_0' is selected.
20:00:42 INFO  : 'con' command is executed.
20:00:42 INFO  : ----------------XSDB Script (After Launch)----------------
targets -set -nocase -filter {name =~ "*A9*#0"}
con
----------------End of Script----------------

20:00:42 INFO  : Launch script is exported to file 'C:\Users\ianrun75\Downloads\MP1new\vitis\.sdk\launch_scripts\single_application_debug\debugger_rc_control-default.tcl'
22:05:45 INFO  : Disconnected from the channel tcfchan#25.
22:05:52 INFO  : Connected to target on host '127.0.0.1' and port '3121'.
22:06:11 INFO  : ----------------XSDB Script----------------
connect -url tcp:127.0.0.1:3121
----------------End of Script----------------

22:06:11 ERROR : Could not find ARM device on the board for connection 'Local'.
Check if the target is in:
1. Split JTAG - No operations are possible with ARM DAP.
2. Non JTAG bootmode - Bootrom may need time to enable DAP.
Please try again.


Troubleshooting hints:
1. Check whether board is connected to system properly.
2. In case of zynq board, check whether Digilent/Xilinx cable switch settings are correct.
3. If you are using Xilinx Platform Cable USB, ensure that status LED is green.
22:06:18 INFO  : Connected to target on host '127.0.0.1' and port '3121'.
22:06:18 INFO  : Jtag cable 'Digilent Zed 210248B9DA56' is selected.
22:06:18 INFO  : 'jtag frequency' command is executed.
22:06:18 INFO  : Context for 'APU' is selected.
22:06:19 INFO  : System reset is completed.
22:06:22 INFO  : 'after 3000' command is executed.
22:06:22 INFO  : 'targets -set -filter {jtag_cable_name =~ "Digilent Zed 210248B9DA56" && level==0 && jtag_device_ctx=="jsn-Zed-210248B9DA56-23727093-0"}' command is executed.
22:06:24 INFO  : FPGA configured successfully with bitstream "C:/Users/ianrun75/Downloads/MP1new/vitis/rc_control/_ide/bitstream/mp1block_wrapper.bit"
22:06:24 INFO  : Context for 'APU' is selected.
22:06:24 INFO  : Hardware design and registers information is loaded from 'C:/Users/ianrun75/Downloads/MP1new/vitis/mp1block_wrapper/export/mp1block_wrapper/hw/mp1block_wrapper.xsa'.
22:06:24 INFO  : 'configparams force-mem-access 1' command is executed.
22:06:24 INFO  : Context for 'APU' is selected.
22:06:24 INFO  : Sourcing of 'C:/Users/ianrun75/Downloads/MP1new/vitis/rc_control/_ide/psinit/ps7_init.tcl' is done.
22:06:24 INFO  : 'ps7_init' command is executed.
22:06:24 INFO  : 'ps7_post_config' command is executed.
22:06:24 INFO  : Context for processor 'ps7_cortexa9_0' is selected.
22:06:24 INFO  : The application 'C:/Users/ianrun75/Downloads/MP1new/vitis/rc_control/Debug/rc_control.elf' is downloaded to processor 'ps7_cortexa9_0'.
22:06:24 INFO  : 'configparams force-mem-access 0' command is executed.
22:06:24 INFO  : ----------------XSDB Script----------------
connect -url tcp:127.0.0.1:3121
targets -set -nocase -filter {name =~"APU*"}
rst -system
after 3000
targets -set -filter {jtag_cable_name =~ "Digilent Zed 210248B9DA56" && level==0 && jtag_device_ctx=="jsn-Zed-210248B9DA56-23727093-0"}
fpga -file C:/Users/ianrun75/Downloads/MP1new/vitis/rc_control/_ide/bitstream/mp1block_wrapper.bit
targets -set -nocase -filter {name =~"APU*"}
loadhw -hw C:/Users/ianrun75/Downloads/MP1new/vitis/mp1block_wrapper/export/mp1block_wrapper/hw/mp1block_wrapper.xsa -mem-ranges [list {0x40000000 0xbfffffff}] -regs
configparams force-mem-access 1
targets -set -nocase -filter {name =~"APU*"}
source C:/Users/ianrun75/Downloads/MP1new/vitis/rc_control/_ide/psinit/ps7_init.tcl
ps7_init
ps7_post_config
targets -set -nocase -filter {name =~ "*A9*#0"}
dow C:/Users/ianrun75/Downloads/MP1new/vitis/rc_control/Debug/rc_control.elf
configparams force-mem-access 0
----------------End of Script----------------

22:06:24 INFO  : Context for processor 'ps7_cortexa9_0' is selected.
22:06:24 INFO  : 'con' command is executed.
22:06:24 INFO  : ----------------XSDB Script (After Launch)----------------
targets -set -nocase -filter {name =~ "*A9*#0"}
con
----------------End of Script----------------

22:06:24 INFO  : Launch script is exported to file 'C:\Users\ianrun75\Downloads\MP1new\vitis\.sdk\launch_scripts\single_application_debug\debugger_rc_control-default.tcl'
22:16:38 INFO  : Hardware specification for platform project 'mp1block_wrapper' is updated.
22:16:43 INFO  : Result from executing command 'getProjects': mp1block_wrapper
22:16:43 INFO  : Result from executing command 'getPlatforms': mp1block_wrapper|C:/Users/ianrun75/Downloads/MP1new/vitis/mp1block_wrapper/export/mp1block_wrapper/mp1block_wrapper.xpfm
22:17:11 INFO  : Checking for BSP changes to sync application flags for project 'rc_control'...
22:18:20 INFO  : Disconnected from the channel tcfchan#26.
22:18:22 INFO  : The hardware specfication used by project 'rc_control' is out of sync with the platform. Resource files extracted from the hardware specfiication will be updated.
22:18:22 INFO  : The file 'C:\Users\ianrun75\Downloads\MP1new\vitis\rc_control\_ide\bitstream\mp1block_wrapper.bit' stored in project is removed.
22:18:22 INFO  : The updated bitstream files are copied from platform to folder 'C:\Users\ianrun75\Downloads\MP1new\vitis\rc_control\_ide\bitstream' in project 'rc_control'.
22:18:22 INFO  : The file 'C:\Users\ianrun75\Downloads\MP1new\vitis\rc_control\_ide\psinit\ps7_init.tcl' stored in project is removed.
22:18:25 INFO  : The updated ps init files are copied from platform to folder 'C:\Users\ianrun75\Downloads\MP1new\vitis\rc_control\_ide\psinit' in project 'rc_control'.
22:18:25 INFO  : Connected to target on host '127.0.0.1' and port '3121'.
22:18:25 INFO  : Jtag cable 'Digilent Zed 210248B9DA56' is selected.
22:18:25 INFO  : 'jtag frequency' command is executed.
22:18:25 INFO  : Context for 'APU' is selected.
22:18:25 INFO  : System reset is completed.
22:18:28 INFO  : 'after 3000' command is executed.
22:18:28 INFO  : 'targets -set -filter {jtag_cable_name =~ "Digilent Zed 210248B9DA56" && level==0 && jtag_device_ctx=="jsn-Zed-210248B9DA56-23727093-0"}' command is executed.
22:18:30 INFO  : FPGA configured successfully with bitstream "C:/Users/ianrun75/Downloads/MP1new/vitis/rc_control/_ide/bitstream/mp1block_wrapper.bit"
22:18:30 INFO  : Context for 'APU' is selected.
22:18:30 INFO  : Hardware design and registers information is loaded from 'C:/Users/ianrun75/Downloads/MP1new/vitis/mp1block_wrapper/export/mp1block_wrapper/hw/mp1block_wrapper.xsa'.
22:18:30 INFO  : 'configparams force-mem-access 1' command is executed.
22:18:30 INFO  : Context for 'APU' is selected.
22:18:30 INFO  : Sourcing of 'C:/Users/ianrun75/Downloads/MP1new/vitis/rc_control/_ide/psinit/ps7_init.tcl' is done.
22:18:31 INFO  : 'ps7_init' command is executed.
22:18:31 INFO  : 'ps7_post_config' command is executed.
22:18:31 INFO  : Context for processor 'ps7_cortexa9_0' is selected.
22:18:31 INFO  : The application 'C:/Users/ianrun75/Downloads/MP1new/vitis/rc_control/Debug/rc_control.elf' is downloaded to processor 'ps7_cortexa9_0'.
22:18:31 INFO  : 'configparams force-mem-access 0' command is executed.
22:18:31 INFO  : ----------------XSDB Script----------------
connect -url tcp:127.0.0.1:3121
targets -set -nocase -filter {name =~"APU*"}
rst -system
after 3000
targets -set -filter {jtag_cable_name =~ "Digilent Zed 210248B9DA56" && level==0 && jtag_device_ctx=="jsn-Zed-210248B9DA56-23727093-0"}
fpga -file C:/Users/ianrun75/Downloads/MP1new/vitis/rc_control/_ide/bitstream/mp1block_wrapper.bit
targets -set -nocase -filter {name =~"APU*"}
loadhw -hw C:/Users/ianrun75/Downloads/MP1new/vitis/mp1block_wrapper/export/mp1block_wrapper/hw/mp1block_wrapper.xsa -mem-ranges [list {0x40000000 0xbfffffff}] -regs
configparams force-mem-access 1
targets -set -nocase -filter {name =~"APU*"}
source C:/Users/ianrun75/Downloads/MP1new/vitis/rc_control/_ide/psinit/ps7_init.tcl
ps7_init
ps7_post_config
targets -set -nocase -filter {name =~ "*A9*#0"}
dow C:/Users/ianrun75/Downloads/MP1new/vitis/rc_control/Debug/rc_control.elf
configparams force-mem-access 0
----------------End of Script----------------

22:18:31 INFO  : Context for processor 'ps7_cortexa9_0' is selected.
22:18:31 INFO  : 'con' command is executed.
22:18:31 INFO  : ----------------XSDB Script (After Launch)----------------
targets -set -nocase -filter {name =~ "*A9*#0"}
con
----------------End of Script----------------

22:18:31 INFO  : Launch script is exported to file 'C:\Users\ianrun75\Downloads\MP1new\vitis\.sdk\launch_scripts\single_application_debug\debugger_rc_control-default.tcl'
22:38:54 INFO  : Hardware specification for platform project 'mp1block_wrapper' is updated.
22:39:00 INFO  : Result from executing command 'getProjects': mp1block_wrapper
22:39:00 INFO  : Result from executing command 'getPlatforms': mp1block_wrapper|C:/Users/ianrun75/Downloads/MP1new/vitis/mp1block_wrapper/export/mp1block_wrapper/mp1block_wrapper.xpfm
22:41:12 INFO  : Checking for BSP changes to sync application flags for project 'rc_control'...
22:42:01 INFO  : Disconnected from the channel tcfchan#28.
22:42:03 INFO  : The hardware specfication used by project 'rc_control' is out of sync with the platform. Resource files extracted from the hardware specfiication will be updated.
22:42:03 INFO  : The file 'C:\Users\ianrun75\Downloads\MP1new\vitis\rc_control\_ide\bitstream\mp1block_wrapper.bit' stored in project is removed.
22:42:03 INFO  : The updated bitstream files are copied from platform to folder 'C:\Users\ianrun75\Downloads\MP1new\vitis\rc_control\_ide\bitstream' in project 'rc_control'.
22:42:03 INFO  : The file 'C:\Users\ianrun75\Downloads\MP1new\vitis\rc_control\_ide\psinit\ps7_init.tcl' stored in project is removed.
22:42:06 INFO  : The updated ps init files are copied from platform to folder 'C:\Users\ianrun75\Downloads\MP1new\vitis\rc_control\_ide\psinit' in project 'rc_control'.
22:42:06 INFO  : Connected to target on host '127.0.0.1' and port '3121'.
22:42:06 INFO  : Jtag cable 'Digilent Zed 210248B9DA56' is selected.
22:42:06 INFO  : 'jtag frequency' command is executed.
22:42:06 INFO  : Context for 'APU' is selected.
22:42:06 INFO  : System reset is completed.
22:42:09 INFO  : 'after 3000' command is executed.
22:42:09 INFO  : 'targets -set -filter {jtag_cable_name =~ "Digilent Zed 210248B9DA56" && level==0 && jtag_device_ctx=="jsn-Zed-210248B9DA56-23727093-0"}' command is executed.
22:42:11 INFO  : FPGA configured successfully with bitstream "C:/Users/ianrun75/Downloads/MP1new/vitis/rc_control/_ide/bitstream/mp1block_wrapper.bit"
22:42:11 INFO  : Context for 'APU' is selected.
22:42:11 INFO  : Hardware design and registers information is loaded from 'C:/Users/ianrun75/Downloads/MP1new/vitis/mp1block_wrapper/export/mp1block_wrapper/hw/mp1block_wrapper.xsa'.
22:42:11 INFO  : 'configparams force-mem-access 1' command is executed.
22:42:11 INFO  : Context for 'APU' is selected.
22:42:11 INFO  : Sourcing of 'C:/Users/ianrun75/Downloads/MP1new/vitis/rc_control/_ide/psinit/ps7_init.tcl' is done.
22:42:12 INFO  : 'ps7_init' command is executed.
22:42:12 INFO  : 'ps7_post_config' command is executed.
22:42:12 INFO  : Context for processor 'ps7_cortexa9_0' is selected.
22:42:12 INFO  : The application 'C:/Users/ianrun75/Downloads/MP1new/vitis/rc_control/Debug/rc_control.elf' is downloaded to processor 'ps7_cortexa9_0'.
22:42:12 INFO  : 'configparams force-mem-access 0' command is executed.
22:42:12 INFO  : ----------------XSDB Script----------------
connect -url tcp:127.0.0.1:3121
targets -set -nocase -filter {name =~"APU*"}
rst -system
after 3000
targets -set -filter {jtag_cable_name =~ "Digilent Zed 210248B9DA56" && level==0 && jtag_device_ctx=="jsn-Zed-210248B9DA56-23727093-0"}
fpga -file C:/Users/ianrun75/Downloads/MP1new/vitis/rc_control/_ide/bitstream/mp1block_wrapper.bit
targets -set -nocase -filter {name =~"APU*"}
loadhw -hw C:/Users/ianrun75/Downloads/MP1new/vitis/mp1block_wrapper/export/mp1block_wrapper/hw/mp1block_wrapper.xsa -mem-ranges [list {0x40000000 0xbfffffff}] -regs
configparams force-mem-access 1
targets -set -nocase -filter {name =~"APU*"}
source C:/Users/ianrun75/Downloads/MP1new/vitis/rc_control/_ide/psinit/ps7_init.tcl
ps7_init
ps7_post_config
targets -set -nocase -filter {name =~ "*A9*#0"}
dow C:/Users/ianrun75/Downloads/MP1new/vitis/rc_control/Debug/rc_control.elf
configparams force-mem-access 0
----------------End of Script----------------

22:42:12 INFO  : Context for processor 'ps7_cortexa9_0' is selected.
22:42:12 INFO  : 'con' command is executed.
22:42:12 INFO  : ----------------XSDB Script (After Launch)----------------
targets -set -nocase -filter {name =~ "*A9*#0"}
con
----------------End of Script----------------

22:42:12 INFO  : Launch script is exported to file 'C:\Users\ianrun75\Downloads\MP1new\vitis\.sdk\launch_scripts\single_application_debug\debugger_rc_control-default.tcl'
22:49:13 INFO  : Hardware specification for platform project 'mp1block_wrapper' is updated.
22:49:36 INFO  : Result from executing command 'getProjects': mp1block_wrapper
22:49:36 INFO  : Result from executing command 'getPlatforms': mp1block_wrapper|C:/Users/ianrun75/Downloads/MP1new/vitis/mp1block_wrapper/export/mp1block_wrapper/mp1block_wrapper.xpfm
22:50:07 INFO  : Checking for BSP changes to sync application flags for project 'rc_control'...
22:50:07 INFO  : The hardware specfication used by project 'rc_control' is out of sync with the platform. Resource files extracted from the hardware specfiication will be updated.
22:50:07 INFO  : The file 'C:\Users\ianrun75\Downloads\MP1new\vitis\rc_control\_ide\bitstream\mp1block_wrapper.bit' stored in project is removed.
22:50:07 INFO  : The updated bitstream files are copied from platform to folder 'C:\Users\ianrun75\Downloads\MP1new\vitis\rc_control\_ide\bitstream' in project 'rc_control'.
22:50:07 INFO  : The file 'C:\Users\ianrun75\Downloads\MP1new\vitis\rc_control\_ide\psinit\ps7_init.tcl' stored in project is removed.
22:50:10 INFO  : The updated ps init files are copied from platform to folder 'C:\Users\ianrun75\Downloads\MP1new\vitis\rc_control\_ide\psinit' in project 'rc_control'.
22:50:44 INFO  : Checking for BSP changes to sync application flags for project 'rc_control'...
22:50:57 INFO  : Disconnected from the channel tcfchan#30.
22:50:59 INFO  : Connected to target on host '127.0.0.1' and port '3121'.
22:50:59 INFO  : Jtag cable 'Digilent Zed 210248B9DA56' is selected.
22:50:59 INFO  : 'jtag frequency' command is executed.
22:50:59 INFO  : Context for 'APU' is selected.
22:51:00 INFO  : System reset is completed.
22:51:03 INFO  : 'after 3000' command is executed.
22:51:03 INFO  : 'targets -set -filter {jtag_cable_name =~ "Digilent Zed 210248B9DA56" && level==0 && jtag_device_ctx=="jsn-Zed-210248B9DA56-23727093-0"}' command is executed.
22:51:05 INFO  : FPGA configured successfully with bitstream "C:/Users/ianrun75/Downloads/MP1new/vitis/rc_control/_ide/bitstream/mp1block_wrapper.bit"
22:51:05 INFO  : Context for 'APU' is selected.
22:51:05 INFO  : Hardware design and registers information is loaded from 'C:/Users/ianrun75/Downloads/MP1new/vitis/mp1block_wrapper/export/mp1block_wrapper/hw/mp1block_wrapper.xsa'.
22:51:05 INFO  : 'configparams force-mem-access 1' command is executed.
22:51:05 INFO  : Context for 'APU' is selected.
22:51:05 INFO  : Sourcing of 'C:/Users/ianrun75/Downloads/MP1new/vitis/rc_control/_ide/psinit/ps7_init.tcl' is done.
22:51:05 INFO  : 'ps7_init' command is executed.
22:51:05 INFO  : 'ps7_post_config' command is executed.
22:51:05 INFO  : Context for processor 'ps7_cortexa9_0' is selected.
22:51:05 INFO  : The application 'C:/Users/ianrun75/Downloads/MP1new/vitis/rc_control/Debug/rc_control.elf' is downloaded to processor 'ps7_cortexa9_0'.
22:51:05 INFO  : 'configparams force-mem-access 0' command is executed.
22:51:05 INFO  : ----------------XSDB Script----------------
connect -url tcp:127.0.0.1:3121
targets -set -nocase -filter {name =~"APU*"}
rst -system
after 3000
targets -set -filter {jtag_cable_name =~ "Digilent Zed 210248B9DA56" && level==0 && jtag_device_ctx=="jsn-Zed-210248B9DA56-23727093-0"}
fpga -file C:/Users/ianrun75/Downloads/MP1new/vitis/rc_control/_ide/bitstream/mp1block_wrapper.bit
targets -set -nocase -filter {name =~"APU*"}
loadhw -hw C:/Users/ianrun75/Downloads/MP1new/vitis/mp1block_wrapper/export/mp1block_wrapper/hw/mp1block_wrapper.xsa -mem-ranges [list {0x40000000 0xbfffffff}] -regs
configparams force-mem-access 1
targets -set -nocase -filter {name =~"APU*"}
source C:/Users/ianrun75/Downloads/MP1new/vitis/rc_control/_ide/psinit/ps7_init.tcl
ps7_init
ps7_post_config
targets -set -nocase -filter {name =~ "*A9*#0"}
dow C:/Users/ianrun75/Downloads/MP1new/vitis/rc_control/Debug/rc_control.elf
configparams force-mem-access 0
----------------End of Script----------------

22:51:05 INFO  : Context for processor 'ps7_cortexa9_0' is selected.
22:51:05 INFO  : 'con' command is executed.
22:51:05 INFO  : ----------------XSDB Script (After Launch)----------------
targets -set -nocase -filter {name =~ "*A9*#0"}
con
----------------End of Script----------------

22:51:05 INFO  : Launch script is exported to file 'C:\Users\ianrun75\Downloads\MP1new\vitis\.sdk\launch_scripts\single_application_debug\debugger_rc_control-default.tcl'
23:04:52 INFO  : Hardware specification for platform project 'mp1block_wrapper' is updated.
23:04:59 INFO  : Result from executing command 'getProjects': mp1block_wrapper
23:04:59 INFO  : Result from executing command 'getPlatforms': mp1block_wrapper|C:/Users/ianrun75/Downloads/MP1new/vitis/mp1block_wrapper/export/mp1block_wrapper/mp1block_wrapper.xpfm
23:07:50 INFO  : Checking for BSP changes to sync application flags for project 'rc_control'...
23:08:17 INFO  : Disconnected from the channel tcfchan#34.
23:08:19 INFO  : The hardware specfication used by project 'rc_control' is out of sync with the platform. Resource files extracted from the hardware specfiication will be updated.
23:08:19 INFO  : The file 'C:\Users\ianrun75\Downloads\MP1new\vitis\rc_control\_ide\bitstream\mp1block_wrapper.bit' stored in project is removed.
23:08:19 INFO  : The updated bitstream files are copied from platform to folder 'C:\Users\ianrun75\Downloads\MP1new\vitis\rc_control\_ide\bitstream' in project 'rc_control'.
23:08:19 INFO  : The file 'C:\Users\ianrun75\Downloads\MP1new\vitis\rc_control\_ide\psinit\ps7_init.tcl' stored in project is removed.
23:08:22 INFO  : The updated ps init files are copied from platform to folder 'C:\Users\ianrun75\Downloads\MP1new\vitis\rc_control\_ide\psinit' in project 'rc_control'.
23:08:22 INFO  : Connected to target on host '127.0.0.1' and port '3121'.
23:08:22 INFO  : Jtag cable 'Digilent Zed 210248B9DA56' is selected.
23:08:22 INFO  : 'jtag frequency' command is executed.
23:08:22 INFO  : Context for 'APU' is selected.
23:08:22 INFO  : System reset is completed.
23:08:25 INFO  : 'after 3000' command is executed.
23:08:25 INFO  : 'targets -set -filter {jtag_cable_name =~ "Digilent Zed 210248B9DA56" && level==0 && jtag_device_ctx=="jsn-Zed-210248B9DA56-23727093-0"}' command is executed.
23:08:27 INFO  : FPGA configured successfully with bitstream "C:/Users/ianrun75/Downloads/MP1new/vitis/rc_control/_ide/bitstream/mp1block_wrapper.bit"
23:08:27 INFO  : Context for 'APU' is selected.
23:08:27 INFO  : Hardware design and registers information is loaded from 'C:/Users/ianrun75/Downloads/MP1new/vitis/mp1block_wrapper/export/mp1block_wrapper/hw/mp1block_wrapper.xsa'.
23:08:27 INFO  : 'configparams force-mem-access 1' command is executed.
23:08:27 INFO  : Context for 'APU' is selected.
23:08:27 INFO  : Sourcing of 'C:/Users/ianrun75/Downloads/MP1new/vitis/rc_control/_ide/psinit/ps7_init.tcl' is done.
23:08:28 INFO  : 'ps7_init' command is executed.
23:08:28 INFO  : 'ps7_post_config' command is executed.
23:08:28 INFO  : Context for processor 'ps7_cortexa9_0' is selected.
23:08:28 INFO  : The application 'C:/Users/ianrun75/Downloads/MP1new/vitis/rc_control/Debug/rc_control.elf' is downloaded to processor 'ps7_cortexa9_0'.
23:08:28 INFO  : 'configparams force-mem-access 0' command is executed.
23:08:28 INFO  : ----------------XSDB Script----------------
connect -url tcp:127.0.0.1:3121
targets -set -nocase -filter {name =~"APU*"}
rst -system
after 3000
targets -set -filter {jtag_cable_name =~ "Digilent Zed 210248B9DA56" && level==0 && jtag_device_ctx=="jsn-Zed-210248B9DA56-23727093-0"}
fpga -file C:/Users/ianrun75/Downloads/MP1new/vitis/rc_control/_ide/bitstream/mp1block_wrapper.bit
targets -set -nocase -filter {name =~"APU*"}
loadhw -hw C:/Users/ianrun75/Downloads/MP1new/vitis/mp1block_wrapper/export/mp1block_wrapper/hw/mp1block_wrapper.xsa -mem-ranges [list {0x40000000 0xbfffffff}] -regs
configparams force-mem-access 1
targets -set -nocase -filter {name =~"APU*"}
source C:/Users/ianrun75/Downloads/MP1new/vitis/rc_control/_ide/psinit/ps7_init.tcl
ps7_init
ps7_post_config
targets -set -nocase -filter {name =~ "*A9*#0"}
dow C:/Users/ianrun75/Downloads/MP1new/vitis/rc_control/Debug/rc_control.elf
configparams force-mem-access 0
----------------End of Script----------------

23:08:28 INFO  : Context for processor 'ps7_cortexa9_0' is selected.
23:08:28 INFO  : 'con' command is executed.
23:08:28 INFO  : ----------------XSDB Script (After Launch)----------------
targets -set -nocase -filter {name =~ "*A9*#0"}
con
----------------End of Script----------------

23:08:28 INFO  : Launch script is exported to file 'C:\Users\ianrun75\Downloads\MP1new\vitis\.sdk\launch_scripts\single_application_debug\debugger_rc_control-default.tcl'
23:09:19 ERROR : Failed to openhw "C:/Users/ianrun75/Downloads/MP1new/vitis/mp1block_wrapper/export/mp1block_wrapper/hw/mp1block_wrapper.xsa"
Reason: ERROR: [Common 17-39] 'hsi::open_hw_design' failed due to earlier errors.

23:09:44 INFO  : Result from executing command 'getProjects': mp1block_wrapper
23:09:44 INFO  : Result from executing command 'getPlatforms': mp1block_wrapper|C:/Users/ianrun75/Downloads/MP1new/vitis/mp1block_wrapper/export/mp1block_wrapper/mp1block_wrapper.xpfm
23:09:44 INFO  : Checking for BSP changes to sync application flags for project 'rc_control'...
23:09:56 INFO  : Disconnected from the channel tcfchan#36.
23:09:57 INFO  : Connected to target on host '127.0.0.1' and port '3121'.
23:09:57 INFO  : Jtag cable 'Digilent Zed 210248B9DA56' is selected.
23:09:57 INFO  : 'jtag frequency' command is executed.
23:09:57 INFO  : Context for 'APU' is selected.
23:09:57 INFO  : System reset is completed.
23:10:00 INFO  : 'after 3000' command is executed.
23:10:00 INFO  : 'targets -set -filter {jtag_cable_name =~ "Digilent Zed 210248B9DA56" && level==0 && jtag_device_ctx=="jsn-Zed-210248B9DA56-23727093-0"}' command is executed.
23:10:02 INFO  : FPGA configured successfully with bitstream "C:/Users/ianrun75/Downloads/MP1new/vitis/rc_control/_ide/bitstream/mp1block_wrapper.bit"
23:10:02 INFO  : Context for 'APU' is selected.
23:10:02 INFO  : Hardware design and registers information is loaded from 'C:/Users/ianrun75/Downloads/MP1new/vitis/mp1block_wrapper/export/mp1block_wrapper/hw/mp1block_wrapper.xsa'.
23:10:02 INFO  : 'configparams force-mem-access 1' command is executed.
23:10:02 INFO  : Context for 'APU' is selected.
23:10:02 INFO  : Sourcing of 'C:/Users/ianrun75/Downloads/MP1new/vitis/rc_control/_ide/psinit/ps7_init.tcl' is done.
23:10:02 INFO  : 'ps7_init' command is executed.
23:10:02 INFO  : 'ps7_post_config' command is executed.
23:10:02 INFO  : Context for processor 'ps7_cortexa9_0' is selected.
23:10:03 INFO  : The application 'C:/Users/ianrun75/Downloads/MP1new/vitis/rc_control/Debug/rc_control.elf' is downloaded to processor 'ps7_cortexa9_0'.
23:10:03 INFO  : 'configparams force-mem-access 0' command is executed.
23:10:03 INFO  : ----------------XSDB Script----------------
connect -url tcp:127.0.0.1:3121
targets -set -nocase -filter {name =~"APU*"}
rst -system
after 3000
targets -set -filter {jtag_cable_name =~ "Digilent Zed 210248B9DA56" && level==0 && jtag_device_ctx=="jsn-Zed-210248B9DA56-23727093-0"}
fpga -file C:/Users/ianrun75/Downloads/MP1new/vitis/rc_control/_ide/bitstream/mp1block_wrapper.bit
targets -set -nocase -filter {name =~"APU*"}
loadhw -hw C:/Users/ianrun75/Downloads/MP1new/vitis/mp1block_wrapper/export/mp1block_wrapper/hw/mp1block_wrapper.xsa -mem-ranges [list {0x40000000 0xbfffffff}] -regs
configparams force-mem-access 1
targets -set -nocase -filter {name =~"APU*"}
source C:/Users/ianrun75/Downloads/MP1new/vitis/rc_control/_ide/psinit/ps7_init.tcl
ps7_init
ps7_post_config
targets -set -nocase -filter {name =~ "*A9*#0"}
dow C:/Users/ianrun75/Downloads/MP1new/vitis/rc_control/Debug/rc_control.elf
configparams force-mem-access 0
----------------End of Script----------------

23:10:03 INFO  : Context for processor 'ps7_cortexa9_0' is selected.
23:10:03 INFO  : 'con' command is executed.
23:10:03 INFO  : ----------------XSDB Script (After Launch)----------------
targets -set -nocase -filter {name =~ "*A9*#0"}
con
----------------End of Script----------------

23:10:03 INFO  : Launch script is exported to file 'C:\Users\ianrun75\Downloads\MP1new\vitis\.sdk\launch_scripts\single_application_debug\debugger_rc_control-default.tcl'
23:17:44 INFO  : Disconnected from the channel tcfchan#39.
23:17:49 ERROR : Failed to read platform from project 'rc_control_system'.
Reason: Failed to execute command 'platform read {C:/Users/ianrun75/Downloads/MP1new/vitis/rc_control_system/platform.spr}'. Click on details for more information.
23:17:54 ERROR : Failed to read platform from project 'rc_control_system'.
Reason: Failed to execute command 'platform read {C:/Users/ianrun75/Downloads/MP1new/vitis/rc_control_system/platform.spr}'. Click on details for more information.
23:18:12 INFO  : Hardware specification for platform project 'mp1block_wrapper' is updated.
23:18:45 INFO  : Result from executing command 'getProjects': mp1block_wrapper
23:18:45 INFO  : Result from executing command 'getPlatforms': mp1block_wrapper|C:/Users/ianrun75/Downloads/MP1new/vitis/mp1block_wrapper/export/mp1block_wrapper/mp1block_wrapper.xpfm
23:19:20 INFO  : Checking for BSP changes to sync application flags for project 'rc_control'...
23:19:21 INFO  : The hardware specfication used by project 'rc_control' is out of sync with the platform. Resource files extracted from the hardware specfiication will be updated.
23:19:21 INFO  : The file 'C:\Users\ianrun75\Downloads\MP1new\vitis\rc_control\_ide\bitstream\mp1block_wrapper.bit' stored in project is removed.
23:19:21 INFO  : The updated bitstream files are copied from platform to folder 'C:\Users\ianrun75\Downloads\MP1new\vitis\rc_control\_ide\bitstream' in project 'rc_control'.
23:19:21 INFO  : The file 'C:\Users\ianrun75\Downloads\MP1new\vitis\rc_control\_ide\psinit\ps7_init.tcl' stored in project is removed.
23:19:23 INFO  : The updated ps init files are copied from platform to folder 'C:\Users\ianrun75\Downloads\MP1new\vitis\rc_control\_ide\psinit' in project 'rc_control'.
23:20:16 INFO  : Connected to target on host '127.0.0.1' and port '3121'.
23:20:16 INFO  : Jtag cable 'Digilent Zed 210248B9DA56' is selected.
23:20:16 INFO  : 'jtag frequency' command is executed.
23:20:16 INFO  : Context for 'APU' is selected.
23:20:16 INFO  : System reset is completed.
23:20:19 INFO  : 'after 3000' command is executed.
23:20:20 INFO  : 'targets -set -filter {jtag_cable_name =~ "Digilent Zed 210248B9DA56" && level==0 && jtag_device_ctx=="jsn-Zed-210248B9DA56-23727093-0"}' command is executed.
23:20:22 INFO  : FPGA configured successfully with bitstream "C:/Users/ianrun75/Downloads/MP1new/vitis/rc_control/_ide/bitstream/mp1block_wrapper.bit"
23:20:22 INFO  : Context for 'APU' is selected.
23:20:22 INFO  : Hardware design and registers information is loaded from 'C:/Users/ianrun75/Downloads/MP1new/vitis/mp1block_wrapper/export/mp1block_wrapper/hw/mp1block_wrapper.xsa'.
23:20:22 INFO  : 'configparams force-mem-access 1' command is executed.
23:20:22 INFO  : Context for 'APU' is selected.
23:20:22 INFO  : Sourcing of 'C:/Users/ianrun75/Downloads/MP1new/vitis/rc_control/_ide/psinit/ps7_init.tcl' is done.
23:20:22 INFO  : 'ps7_init' command is executed.
23:20:22 INFO  : 'ps7_post_config' command is executed.
23:20:22 INFO  : Context for processor 'ps7_cortexa9_0' is selected.
23:20:22 INFO  : The application 'C:/Users/ianrun75/Downloads/MP1new/vitis/rc_control/Debug/rc_control.elf' is downloaded to processor 'ps7_cortexa9_0'.
23:20:22 INFO  : 'configparams force-mem-access 0' command is executed.
23:20:22 INFO  : ----------------XSDB Script----------------
connect -url tcp:127.0.0.1:3121
targets -set -nocase -filter {name =~"APU*"}
rst -system
after 3000
targets -set -filter {jtag_cable_name =~ "Digilent Zed 210248B9DA56" && level==0 && jtag_device_ctx=="jsn-Zed-210248B9DA56-23727093-0"}
fpga -file C:/Users/ianrun75/Downloads/MP1new/vitis/rc_control/_ide/bitstream/mp1block_wrapper.bit
targets -set -nocase -filter {name =~"APU*"}
loadhw -hw C:/Users/ianrun75/Downloads/MP1new/vitis/mp1block_wrapper/export/mp1block_wrapper/hw/mp1block_wrapper.xsa -mem-ranges [list {0x40000000 0xbfffffff}] -regs
configparams force-mem-access 1
targets -set -nocase -filter {name =~"APU*"}
source C:/Users/ianrun75/Downloads/MP1new/vitis/rc_control/_ide/psinit/ps7_init.tcl
ps7_init
ps7_post_config
targets -set -nocase -filter {name =~ "*A9*#0"}
dow C:/Users/ianrun75/Downloads/MP1new/vitis/rc_control/Debug/rc_control.elf
configparams force-mem-access 0
----------------End of Script----------------

23:20:22 INFO  : Context for processor 'ps7_cortexa9_0' is selected.
23:20:22 INFO  : 'con' command is executed.
23:20:22 INFO  : ----------------XSDB Script (After Launch)----------------
targets -set -nocase -filter {name =~ "*A9*#0"}
con
----------------End of Script----------------

23:20:22 INFO  : Launch script is exported to file 'C:\Users\ianrun75\Downloads\MP1new\vitis\.sdk\launch_scripts\single_application_debug\debugger_rc_control-default.tcl'
23:28:11 ERROR : Failed to read platform from project 'rc_control_system'.
Reason: Failed to execute command 'platform read {C:/Users/ianrun75/Downloads/MP1new/vitis/rc_control_system/platform.spr}'. Click on details for more information.
23:28:17 ERROR : Failed to read platform from project 'rc_control_system'.
Reason: Failed to execute command 'platform read {C:/Users/ianrun75/Downloads/MP1new/vitis/rc_control_system/platform.spr}'. Click on details for more information.
23:28:20 ERROR : Failed to read platform from project 'rc_control_system'.
Reason: Failed to execute command 'platform read {C:/Users/ianrun75/Downloads/MP1new/vitis/rc_control_system/platform.spr}'. Click on details for more information.
23:28:23 ERROR : Failed to read platform from project 'rc_control_system'.
Reason: Failed to execute command 'platform read {C:/Users/ianrun75/Downloads/MP1new/vitis/rc_control_system/platform.spr}'. Click on details for more information.
23:28:32 ERROR : Failed to read platform from project 'rc_control_system'.
Reason: Failed to execute command 'platform read {C:/Users/ianrun75/Downloads/MP1new/vitis/rc_control_system/platform.spr}'. Click on details for more information.
23:28:43 ERROR : Failed to read platform from project 'rc_control_system'.
Reason: Failed to execute command 'platform read {C:/Users/ianrun75/Downloads/MP1new/vitis/rc_control_system/platform.spr}'. Click on details for more information.
23:29:14 INFO  : Hardware specification for platform project 'mp1block_wrapper' is updated.
23:29:24 INFO  : Result from executing command 'getProjects': mp1block_wrapper
23:29:24 INFO  : Result from executing command 'getPlatforms': mp1block_wrapper|C:/Users/ianrun75/Downloads/MP1new/vitis/mp1block_wrapper/export/mp1block_wrapper/mp1block_wrapper.xpfm
23:29:36 INFO  : Checking for BSP changes to sync application flags for project 'rc_control'...
23:29:46 INFO  : Disconnected from the channel tcfchan#42.
23:29:47 INFO  : The hardware specfication used by project 'rc_control' is out of sync with the platform. Resource files extracted from the hardware specfiication will be updated.
23:29:47 INFO  : The file 'C:\Users\ianrun75\Downloads\MP1new\vitis\rc_control\_ide\bitstream\mp1block_wrapper.bit' stored in project is removed.
23:29:47 INFO  : The updated bitstream files are copied from platform to folder 'C:\Users\ianrun75\Downloads\MP1new\vitis\rc_control\_ide\bitstream' in project 'rc_control'.
23:29:47 INFO  : The file 'C:\Users\ianrun75\Downloads\MP1new\vitis\rc_control\_ide\psinit\ps7_init.tcl' stored in project is removed.
23:29:50 INFO  : The updated ps init files are copied from platform to folder 'C:\Users\ianrun75\Downloads\MP1new\vitis\rc_control\_ide\psinit' in project 'rc_control'.
23:29:51 INFO  : Connected to target on host '127.0.0.1' and port '3121'.
23:29:51 INFO  : Jtag cable 'Digilent Zed 210248B9DA56' is selected.
23:29:51 INFO  : 'jtag frequency' command is executed.
23:29:51 INFO  : Context for 'APU' is selected.
23:29:51 INFO  : System reset is completed.
23:29:54 INFO  : 'after 3000' command is executed.
23:29:54 INFO  : 'targets -set -filter {jtag_cable_name =~ "Digilent Zed 210248B9DA56" && level==0 && jtag_device_ctx=="jsn-Zed-210248B9DA56-23727093-0"}' command is executed.
23:29:56 INFO  : FPGA configured successfully with bitstream "C:/Users/ianrun75/Downloads/MP1new/vitis/rc_control/_ide/bitstream/mp1block_wrapper.bit"
23:29:56 INFO  : Context for 'APU' is selected.
23:29:56 INFO  : Hardware design and registers information is loaded from 'C:/Users/ianrun75/Downloads/MP1new/vitis/mp1block_wrapper/export/mp1block_wrapper/hw/mp1block_wrapper.xsa'.
23:29:56 INFO  : 'configparams force-mem-access 1' command is executed.
23:29:56 INFO  : Context for 'APU' is selected.
23:29:56 INFO  : Sourcing of 'C:/Users/ianrun75/Downloads/MP1new/vitis/rc_control/_ide/psinit/ps7_init.tcl' is done.
23:29:56 INFO  : 'ps7_init' command is executed.
23:29:56 INFO  : 'ps7_post_config' command is executed.
23:29:56 INFO  : Context for processor 'ps7_cortexa9_0' is selected.
23:29:57 INFO  : The application 'C:/Users/ianrun75/Downloads/MP1new/vitis/rc_control/Debug/rc_control.elf' is downloaded to processor 'ps7_cortexa9_0'.
23:29:57 INFO  : 'configparams force-mem-access 0' command is executed.
23:29:57 INFO  : ----------------XSDB Script----------------
connect -url tcp:127.0.0.1:3121
targets -set -nocase -filter {name =~"APU*"}
rst -system
after 3000
targets -set -filter {jtag_cable_name =~ "Digilent Zed 210248B9DA56" && level==0 && jtag_device_ctx=="jsn-Zed-210248B9DA56-23727093-0"}
fpga -file C:/Users/ianrun75/Downloads/MP1new/vitis/rc_control/_ide/bitstream/mp1block_wrapper.bit
targets -set -nocase -filter {name =~"APU*"}
loadhw -hw C:/Users/ianrun75/Downloads/MP1new/vitis/mp1block_wrapper/export/mp1block_wrapper/hw/mp1block_wrapper.xsa -mem-ranges [list {0x40000000 0xbfffffff}] -regs
configparams force-mem-access 1
targets -set -nocase -filter {name =~"APU*"}
source C:/Users/ianrun75/Downloads/MP1new/vitis/rc_control/_ide/psinit/ps7_init.tcl
ps7_init
ps7_post_config
targets -set -nocase -filter {name =~ "*A9*#0"}
dow C:/Users/ianrun75/Downloads/MP1new/vitis/rc_control/Debug/rc_control.elf
configparams force-mem-access 0
----------------End of Script----------------

23:29:57 INFO  : Context for processor 'ps7_cortexa9_0' is selected.
23:29:57 INFO  : 'con' command is executed.
23:29:57 INFO  : ----------------XSDB Script (After Launch)----------------
targets -set -nocase -filter {name =~ "*A9*#0"}
con
----------------End of Script----------------

23:29:57 INFO  : Launch script is exported to file 'C:\Users\ianrun75\Downloads\MP1new\vitis\.sdk\launch_scripts\single_application_debug\debugger_rc_control-default.tcl'
01:49:06 INFO  : Hardware specification for platform project 'mp1block_wrapper' is updated.
01:49:18 INFO  : Result from executing command 'getProjects': mp1block_wrapper
01:49:18 INFO  : Result from executing command 'getPlatforms': mp1block_wrapper|C:/Users/ianrun75/Downloads/MP1new/vitis/mp1block_wrapper/export/mp1block_wrapper/mp1block_wrapper.xpfm
01:49:26 INFO  : Checking for BSP changes to sync application flags for project 'rc_control'...
01:50:08 INFO  : Result from executing command 'getProjects': mp1block_wrapper
01:50:08 INFO  : Result from executing command 'getPlatforms': mp1block_wrapper|C:/Users/ianrun75/Downloads/MP1new/vitis/mp1block_wrapper/export/mp1block_wrapper/mp1block_wrapper.xpfm
01:50:18 INFO  : Checking for BSP changes to sync application flags for project 'rc_control'...
01:50:19 INFO  : The hardware specfication used by project 'rc_control' is out of sync with the platform. Resource files extracted from the hardware specfiication will be updated.
01:50:19 INFO  : The file 'C:\Users\ianrun75\Downloads\MP1new\vitis\rc_control\_ide\bitstream\mp1block_wrapper.bit' stored in project is removed.
01:50:19 INFO  : The updated bitstream files are copied from platform to folder 'C:\Users\ianrun75\Downloads\MP1new\vitis\rc_control\_ide\bitstream' in project 'rc_control'.
01:50:19 INFO  : The file 'C:\Users\ianrun75\Downloads\MP1new\vitis\rc_control\_ide\psinit\ps7_init.tcl' stored in project is removed.
01:50:22 INFO  : The updated ps init files are copied from platform to folder 'C:\Users\ianrun75\Downloads\MP1new\vitis\rc_control\_ide\psinit' in project 'rc_control'.
01:50:38 INFO  : Disconnected from the channel tcfchan#44.
01:50:41 INFO  : Connected to target on host '127.0.0.1' and port '3121'.
01:50:41 INFO  : Jtag cable 'Digilent Zed 210248B9DA56' is selected.
01:50:41 INFO  : 'jtag frequency' command is executed.
01:50:41 INFO  : Context for 'APU' is selected.
01:50:41 INFO  : System reset is completed.
01:50:45 INFO  : 'after 3000' command is executed.
01:50:45 INFO  : 'targets -set -filter {jtag_cable_name =~ "Digilent Zed 210248B9DA56" && level==0 && jtag_device_ctx=="jsn-Zed-210248B9DA56-23727093-0"}' command is executed.
01:50:47 INFO  : FPGA configured successfully with bitstream "C:/Users/ianrun75/Downloads/MP1new/vitis/rc_control/_ide/bitstream/mp1block_wrapper.bit"
01:50:47 INFO  : Context for 'APU' is selected.
01:50:47 INFO  : Hardware design and registers information is loaded from 'C:/Users/ianrun75/Downloads/MP1new/vitis/mp1block_wrapper/export/mp1block_wrapper/hw/mp1block_wrapper.xsa'.
01:50:47 INFO  : 'configparams force-mem-access 1' command is executed.
01:50:47 INFO  : Context for 'APU' is selected.
01:50:47 INFO  : Sourcing of 'C:/Users/ianrun75/Downloads/MP1new/vitis/rc_control/_ide/psinit/ps7_init.tcl' is done.
01:50:47 INFO  : 'ps7_init' command is executed.
01:50:47 INFO  : 'ps7_post_config' command is executed.
01:50:47 INFO  : Context for processor 'ps7_cortexa9_0' is selected.
01:50:47 INFO  : The application 'C:/Users/ianrun75/Downloads/MP1new/vitis/rc_control/Debug/rc_control.elf' is downloaded to processor 'ps7_cortexa9_0'.
01:50:47 INFO  : 'configparams force-mem-access 0' command is executed.
01:50:47 INFO  : ----------------XSDB Script----------------
connect -url tcp:127.0.0.1:3121
targets -set -nocase -filter {name =~"APU*"}
rst -system
after 3000
targets -set -filter {jtag_cable_name =~ "Digilent Zed 210248B9DA56" && level==0 && jtag_device_ctx=="jsn-Zed-210248B9DA56-23727093-0"}
fpga -file C:/Users/ianrun75/Downloads/MP1new/vitis/rc_control/_ide/bitstream/mp1block_wrapper.bit
targets -set -nocase -filter {name =~"APU*"}
loadhw -hw C:/Users/ianrun75/Downloads/MP1new/vitis/mp1block_wrapper/export/mp1block_wrapper/hw/mp1block_wrapper.xsa -mem-ranges [list {0x40000000 0xbfffffff}] -regs
configparams force-mem-access 1
targets -set -nocase -filter {name =~"APU*"}
source C:/Users/ianrun75/Downloads/MP1new/vitis/rc_control/_ide/psinit/ps7_init.tcl
ps7_init
ps7_post_config
targets -set -nocase -filter {name =~ "*A9*#0"}
dow C:/Users/ianrun75/Downloads/MP1new/vitis/rc_control/Debug/rc_control.elf
configparams force-mem-access 0
----------------End of Script----------------

01:50:47 INFO  : Context for processor 'ps7_cortexa9_0' is selected.
01:50:47 INFO  : 'con' command is executed.
01:50:47 INFO  : ----------------XSDB Script (After Launch)----------------
targets -set -nocase -filter {name =~ "*A9*#0"}
con
----------------End of Script----------------

01:50:47 INFO  : Launch script is exported to file 'C:\Users\ianrun75\Downloads\MP1new\vitis\.sdk\launch_scripts\single_application_debug\debugger_rc_control-default.tcl'
01:51:48 INFO  : Hardware specification for platform project 'mp1block_wrapper' is updated.
01:52:45 INFO  : Result from executing command 'getProjects': mp1block_wrapper
01:52:45 INFO  : Result from executing command 'getPlatforms': mp1block_wrapper|C:/Users/ianrun75/Downloads/MP1new/vitis/mp1block_wrapper/export/mp1block_wrapper/mp1block_wrapper.xpfm
01:52:51 INFO  : Checking for BSP changes to sync application flags for project 'rc_control'...
01:53:03 INFO  : Disconnected from the channel tcfchan#49.
01:53:04 INFO  : Connected to target on host '127.0.0.1' and port '3121'.
01:53:04 INFO  : Jtag cable 'Digilent Zed 210248B9DA56' is selected.
01:53:04 INFO  : 'jtag frequency' command is executed.
01:53:04 INFO  : Context for 'APU' is selected.
01:53:04 INFO  : System reset is completed.
01:53:07 INFO  : 'after 3000' command is executed.
01:53:07 INFO  : 'targets -set -filter {jtag_cable_name =~ "Digilent Zed 210248B9DA56" && level==0 && jtag_device_ctx=="jsn-Zed-210248B9DA56-23727093-0"}' command is executed.
01:53:09 INFO  : FPGA configured successfully with bitstream "C:/Users/ianrun75/Downloads/MP1new/vitis/rc_control/_ide/bitstream/mp1block_wrapper.bit"
01:53:09 INFO  : Context for 'APU' is selected.
01:53:09 INFO  : Hardware design and registers information is loaded from 'C:/Users/ianrun75/Downloads/MP1new/vitis/mp1block_wrapper/export/mp1block_wrapper/hw/mp1block_wrapper.xsa'.
01:53:09 INFO  : 'configparams force-mem-access 1' command is executed.
01:53:09 INFO  : Context for 'APU' is selected.
01:53:09 INFO  : Sourcing of 'C:/Users/ianrun75/Downloads/MP1new/vitis/rc_control/_ide/psinit/ps7_init.tcl' is done.
01:53:10 INFO  : 'ps7_init' command is executed.
01:53:10 INFO  : 'ps7_post_config' command is executed.
01:53:10 INFO  : Context for processor 'ps7_cortexa9_0' is selected.
01:53:10 INFO  : The application 'C:/Users/ianrun75/Downloads/MP1new/vitis/rc_control/Debug/rc_control.elf' is downloaded to processor 'ps7_cortexa9_0'.
01:53:10 INFO  : 'configparams force-mem-access 0' command is executed.
01:53:10 INFO  : ----------------XSDB Script----------------
connect -url tcp:127.0.0.1:3121
targets -set -nocase -filter {name =~"APU*"}
rst -system
after 3000
targets -set -filter {jtag_cable_name =~ "Digilent Zed 210248B9DA56" && level==0 && jtag_device_ctx=="jsn-Zed-210248B9DA56-23727093-0"}
fpga -file C:/Users/ianrun75/Downloads/MP1new/vitis/rc_control/_ide/bitstream/mp1block_wrapper.bit
targets -set -nocase -filter {name =~"APU*"}
loadhw -hw C:/Users/ianrun75/Downloads/MP1new/vitis/mp1block_wrapper/export/mp1block_wrapper/hw/mp1block_wrapper.xsa -mem-ranges [list {0x40000000 0xbfffffff}] -regs
configparams force-mem-access 1
targets -set -nocase -filter {name =~"APU*"}
source C:/Users/ianrun75/Downloads/MP1new/vitis/rc_control/_ide/psinit/ps7_init.tcl
ps7_init
ps7_post_config
targets -set -nocase -filter {name =~ "*A9*#0"}
dow C:/Users/ianrun75/Downloads/MP1new/vitis/rc_control/Debug/rc_control.elf
configparams force-mem-access 0
----------------End of Script----------------

01:53:10 INFO  : Context for processor 'ps7_cortexa9_0' is selected.
01:53:10 INFO  : 'con' command is executed.
01:53:10 INFO  : ----------------XSDB Script (After Launch)----------------
targets -set -nocase -filter {name =~ "*A9*#0"}
con
----------------End of Script----------------

01:53:10 INFO  : Launch script is exported to file 'C:\Users\ianrun75\Downloads\MP1new\vitis\.sdk\launch_scripts\single_application_debug\debugger_rc_control-default.tcl'
01:53:47 INFO  : Disconnected from the channel tcfchan#52.
02:28:04 INFO  : Hardware specification for platform project 'mp1block_wrapper' is updated.
02:28:10 INFO  : Result from executing command 'getProjects': mp1block_wrapper
02:28:10 INFO  : Result from executing command 'getPlatforms': mp1block_wrapper|C:/Users/ianrun75/Downloads/MP1new/vitis/mp1block_wrapper/export/mp1block_wrapper/mp1block_wrapper.xpfm
02:28:38 INFO  : Checking for BSP changes to sync application flags for project 'rc_control'...
02:28:39 INFO  : The hardware specfication used by project 'rc_control' is out of sync with the platform. Resource files extracted from the hardware specfiication will be updated.
02:28:39 INFO  : The file 'C:\Users\ianrun75\Downloads\MP1new\vitis\rc_control\_ide\bitstream\mp1block_wrapper.bit' stored in project is removed.
02:28:39 INFO  : The updated bitstream files are copied from platform to folder 'C:\Users\ianrun75\Downloads\MP1new\vitis\rc_control\_ide\bitstream' in project 'rc_control'.
02:28:39 INFO  : The file 'C:\Users\ianrun75\Downloads\MP1new\vitis\rc_control\_ide\psinit\ps7_init.tcl' stored in project is removed.
02:28:43 INFO  : The updated ps init files are copied from platform to folder 'C:\Users\ianrun75\Downloads\MP1new\vitis\rc_control\_ide\psinit' in project 'rc_control'.
02:29:19 INFO  : Connected to target on host '127.0.0.1' and port '3121'.
02:29:19 INFO  : Jtag cable 'Digilent Zed 210248B9DA56' is selected.
02:29:19 INFO  : 'jtag frequency' command is executed.
02:29:19 INFO  : Context for 'APU' is selected.
02:29:19 INFO  : System reset is completed.
02:29:22 INFO  : 'after 3000' command is executed.
02:29:22 INFO  : 'targets -set -filter {jtag_cable_name =~ "Digilent Zed 210248B9DA56" && level==0 && jtag_device_ctx=="jsn-Zed-210248B9DA56-23727093-0"}' command is executed.
02:29:25 INFO  : FPGA configured successfully with bitstream "C:/Users/ianrun75/Downloads/MP1new/vitis/rc_control/_ide/bitstream/mp1block_wrapper.bit"
02:29:25 INFO  : Context for 'APU' is selected.
02:29:25 INFO  : Hardware design and registers information is loaded from 'C:/Users/ianrun75/Downloads/MP1new/vitis/mp1block_wrapper/export/mp1block_wrapper/hw/mp1block_wrapper.xsa'.
02:29:25 INFO  : 'configparams force-mem-access 1' command is executed.
02:29:25 INFO  : Context for 'APU' is selected.
02:29:25 INFO  : Sourcing of 'C:/Users/ianrun75/Downloads/MP1new/vitis/rc_control/_ide/psinit/ps7_init.tcl' is done.
02:29:25 INFO  : 'ps7_init' command is executed.
02:29:25 INFO  : 'ps7_post_config' command is executed.
02:29:25 INFO  : Context for processor 'ps7_cortexa9_0' is selected.
02:29:25 INFO  : The application 'C:/Users/ianrun75/Downloads/MP1new/vitis/rc_control/Debug/rc_control.elf' is downloaded to processor 'ps7_cortexa9_0'.
02:29:25 INFO  : 'configparams force-mem-access 0' command is executed.
02:29:25 INFO  : ----------------XSDB Script----------------
connect -url tcp:127.0.0.1:3121
targets -set -nocase -filter {name =~"APU*"}
rst -system
after 3000
targets -set -filter {jtag_cable_name =~ "Digilent Zed 210248B9DA56" && level==0 && jtag_device_ctx=="jsn-Zed-210248B9DA56-23727093-0"}
fpga -file C:/Users/ianrun75/Downloads/MP1new/vitis/rc_control/_ide/bitstream/mp1block_wrapper.bit
targets -set -nocase -filter {name =~"APU*"}
loadhw -hw C:/Users/ianrun75/Downloads/MP1new/vitis/mp1block_wrapper/export/mp1block_wrapper/hw/mp1block_wrapper.xsa -mem-ranges [list {0x40000000 0xbfffffff}] -regs
configparams force-mem-access 1
targets -set -nocase -filter {name =~"APU*"}
source C:/Users/ianrun75/Downloads/MP1new/vitis/rc_control/_ide/psinit/ps7_init.tcl
ps7_init
ps7_post_config
targets -set -nocase -filter {name =~ "*A9*#0"}
dow C:/Users/ianrun75/Downloads/MP1new/vitis/rc_control/Debug/rc_control.elf
configparams force-mem-access 0
----------------End of Script----------------

02:29:25 INFO  : Context for processor 'ps7_cortexa9_0' is selected.
02:29:25 INFO  : 'con' command is executed.
02:29:25 INFO  : ----------------XSDB Script (After Launch)----------------
targets -set -nocase -filter {name =~ "*A9*#0"}
con
----------------End of Script----------------

02:29:25 INFO  : Launch script is exported to file 'C:\Users\ianrun75\Downloads\MP1new\vitis\.sdk\launch_scripts\single_application_debug\debugger_rc_control-default.tcl'
02:39:07 INFO  : Disconnected from the channel tcfchan#55.
02:39:13 INFO  : Hardware specification for platform project 'mp1block_wrapper' is updated.
02:39:21 INFO  : Result from executing command 'getProjects': mp1block_wrapper
02:39:21 INFO  : Result from executing command 'getPlatforms': mp1block_wrapper|C:/Users/ianrun75/Downloads/MP1new/vitis/mp1block_wrapper/export/mp1block_wrapper/mp1block_wrapper.xpfm
02:39:44 INFO  : Checking for BSP changes to sync application flags for project 'rc_control'...
02:39:44 INFO  : The hardware specfication used by project 'rc_control' is out of sync with the platform. Resource files extracted from the hardware specfiication will be updated.
02:39:44 INFO  : The file 'C:\Users\ianrun75\Downloads\MP1new\vitis\rc_control\_ide\bitstream\mp1block_wrapper.bit' stored in project is removed.
02:39:44 INFO  : The updated bitstream files are copied from platform to folder 'C:\Users\ianrun75\Downloads\MP1new\vitis\rc_control\_ide\bitstream' in project 'rc_control'.
02:39:44 INFO  : The file 'C:\Users\ianrun75\Downloads\MP1new\vitis\rc_control\_ide\psinit\ps7_init.tcl' stored in project is removed.
02:39:47 INFO  : The updated ps init files are copied from platform to folder 'C:\Users\ianrun75\Downloads\MP1new\vitis\rc_control\_ide\psinit' in project 'rc_control'.
02:40:01 INFO  : Connected to target on host '127.0.0.1' and port '3121'.
02:40:01 INFO  : Jtag cable 'Digilent Zed 210248B9DA56' is selected.
02:40:01 INFO  : 'jtag frequency' command is executed.
02:40:01 INFO  : Context for 'APU' is selected.
02:40:01 INFO  : System reset is completed.
02:40:04 INFO  : 'after 3000' command is executed.
02:40:05 INFO  : 'targets -set -filter {jtag_cable_name =~ "Digilent Zed 210248B9DA56" && level==0 && jtag_device_ctx=="jsn-Zed-210248B9DA56-23727093-0"}' command is executed.
02:40:07 INFO  : FPGA configured successfully with bitstream "C:/Users/ianrun75/Downloads/MP1new/vitis/rc_control/_ide/bitstream/mp1block_wrapper.bit"
02:40:07 INFO  : Context for 'APU' is selected.
02:40:07 INFO  : Hardware design and registers information is loaded from 'C:/Users/ianrun75/Downloads/MP1new/vitis/mp1block_wrapper/export/mp1block_wrapper/hw/mp1block_wrapper.xsa'.
02:40:07 INFO  : 'configparams force-mem-access 1' command is executed.
02:40:07 INFO  : Context for 'APU' is selected.
02:40:07 INFO  : Sourcing of 'C:/Users/ianrun75/Downloads/MP1new/vitis/rc_control/_ide/psinit/ps7_init.tcl' is done.
02:40:07 INFO  : 'ps7_init' command is executed.
02:40:07 INFO  : 'ps7_post_config' command is executed.
02:40:07 INFO  : Context for processor 'ps7_cortexa9_0' is selected.
02:40:07 INFO  : The application 'C:/Users/ianrun75/Downloads/MP1new/vitis/rc_control/Debug/rc_control.elf' is downloaded to processor 'ps7_cortexa9_0'.
02:40:07 INFO  : 'configparams force-mem-access 0' command is executed.
02:40:07 INFO  : ----------------XSDB Script----------------
connect -url tcp:127.0.0.1:3121
targets -set -nocase -filter {name =~"APU*"}
rst -system
after 3000
targets -set -filter {jtag_cable_name =~ "Digilent Zed 210248B9DA56" && level==0 && jtag_device_ctx=="jsn-Zed-210248B9DA56-23727093-0"}
fpga -file C:/Users/ianrun75/Downloads/MP1new/vitis/rc_control/_ide/bitstream/mp1block_wrapper.bit
targets -set -nocase -filter {name =~"APU*"}
loadhw -hw C:/Users/ianrun75/Downloads/MP1new/vitis/mp1block_wrapper/export/mp1block_wrapper/hw/mp1block_wrapper.xsa -mem-ranges [list {0x40000000 0xbfffffff}] -regs
configparams force-mem-access 1
targets -set -nocase -filter {name =~"APU*"}
source C:/Users/ianrun75/Downloads/MP1new/vitis/rc_control/_ide/psinit/ps7_init.tcl
ps7_init
ps7_post_config
targets -set -nocase -filter {name =~ "*A9*#0"}
dow C:/Users/ianrun75/Downloads/MP1new/vitis/rc_control/Debug/rc_control.elf
configparams force-mem-access 0
----------------End of Script----------------

02:40:07 INFO  : Context for processor 'ps7_cortexa9_0' is selected.
02:40:08 INFO  : 'con' command is executed.
02:40:08 INFO  : ----------------XSDB Script (After Launch)----------------
targets -set -nocase -filter {name =~ "*A9*#0"}
con
----------------End of Script----------------

02:40:08 INFO  : Launch script is exported to file 'C:\Users\ianrun75\Downloads\MP1new\vitis\.sdk\launch_scripts\single_application_debug\debugger_rc_control-default.tcl'
02:45:38 INFO  : Hardware specification for platform project 'mp1block_wrapper' is updated.
02:45:46 INFO  : Result from executing command 'getProjects': mp1block_wrapper
02:45:46 INFO  : Result from executing command 'getPlatforms': mp1block_wrapper|C:/Users/ianrun75/Downloads/MP1new/vitis/mp1block_wrapper/export/mp1block_wrapper/mp1block_wrapper.xpfm
02:45:51 INFO  : Checking for BSP changes to sync application flags for project 'rc_control'...
02:45:51 INFO  : The hardware specfication used by project 'rc_control' is out of sync with the platform. Resource files extracted from the hardware specfiication will be updated.
02:45:51 INFO  : The file 'C:\Users\ianrun75\Downloads\MP1new\vitis\rc_control\_ide\bitstream\mp1block_wrapper.bit' stored in project is removed.
02:45:51 INFO  : The updated bitstream files are copied from platform to folder 'C:\Users\ianrun75\Downloads\MP1new\vitis\rc_control\_ide\bitstream' in project 'rc_control'.
02:45:51 INFO  : The file 'C:\Users\ianrun75\Downloads\MP1new\vitis\rc_control\_ide\psinit\ps7_init.tcl' stored in project is removed.
02:45:55 INFO  : The updated ps init files are copied from platform to folder 'C:\Users\ianrun75\Downloads\MP1new\vitis\rc_control\_ide\psinit' in project 'rc_control'.
02:46:03 INFO  : Disconnected from the channel tcfchan#58.
02:46:04 INFO  : Connected to target on host '127.0.0.1' and port '3121'.
02:46:05 INFO  : Jtag cable 'Digilent Zed 210248B9DA56' is selected.
02:46:05 INFO  : 'jtag frequency' command is executed.
02:46:05 INFO  : Context for 'APU' is selected.
02:46:05 INFO  : System reset is completed.
02:46:08 INFO  : 'after 3000' command is executed.
02:46:08 INFO  : 'targets -set -filter {jtag_cable_name =~ "Digilent Zed 210248B9DA56" && level==0 && jtag_device_ctx=="jsn-Zed-210248B9DA56-23727093-0"}' command is executed.
02:46:10 INFO  : FPGA configured successfully with bitstream "C:/Users/ianrun75/Downloads/MP1new/vitis/rc_control/_ide/bitstream/mp1block_wrapper.bit"
02:46:10 INFO  : Context for 'APU' is selected.
02:46:10 INFO  : Hardware design and registers information is loaded from 'C:/Users/ianrun75/Downloads/MP1new/vitis/mp1block_wrapper/export/mp1block_wrapper/hw/mp1block_wrapper.xsa'.
02:46:10 INFO  : 'configparams force-mem-access 1' command is executed.
02:46:10 INFO  : Context for 'APU' is selected.
02:46:10 INFO  : Sourcing of 'C:/Users/ianrun75/Downloads/MP1new/vitis/rc_control/_ide/psinit/ps7_init.tcl' is done.
02:46:10 INFO  : 'ps7_init' command is executed.
02:46:10 INFO  : 'ps7_post_config' command is executed.
02:46:10 INFO  : Context for processor 'ps7_cortexa9_0' is selected.
02:46:10 INFO  : The application 'C:/Users/ianrun75/Downloads/MP1new/vitis/rc_control/Debug/rc_control.elf' is downloaded to processor 'ps7_cortexa9_0'.
02:46:10 INFO  : 'configparams force-mem-access 0' command is executed.
02:46:10 INFO  : ----------------XSDB Script----------------
connect -url tcp:127.0.0.1:3121
targets -set -nocase -filter {name =~"APU*"}
rst -system
after 3000
targets -set -filter {jtag_cable_name =~ "Digilent Zed 210248B9DA56" && level==0 && jtag_device_ctx=="jsn-Zed-210248B9DA56-23727093-0"}
fpga -file C:/Users/ianrun75/Downloads/MP1new/vitis/rc_control/_ide/bitstream/mp1block_wrapper.bit
targets -set -nocase -filter {name =~"APU*"}
loadhw -hw C:/Users/ianrun75/Downloads/MP1new/vitis/mp1block_wrapper/export/mp1block_wrapper/hw/mp1block_wrapper.xsa -mem-ranges [list {0x40000000 0xbfffffff}] -regs
configparams force-mem-access 1
targets -set -nocase -filter {name =~"APU*"}
source C:/Users/ianrun75/Downloads/MP1new/vitis/rc_control/_ide/psinit/ps7_init.tcl
ps7_init
ps7_post_config
targets -set -nocase -filter {name =~ "*A9*#0"}
dow C:/Users/ianrun75/Downloads/MP1new/vitis/rc_control/Debug/rc_control.elf
configparams force-mem-access 0
----------------End of Script----------------

02:46:11 INFO  : Context for processor 'ps7_cortexa9_0' is selected.
02:46:11 INFO  : 'con' command is executed.
02:46:11 INFO  : ----------------XSDB Script (After Launch)----------------
targets -set -nocase -filter {name =~ "*A9*#0"}
con
----------------End of Script----------------

02:46:11 INFO  : Launch script is exported to file 'C:\Users\ianrun75\Downloads\MP1new\vitis\.sdk\launch_scripts\single_application_debug\debugger_rc_control-default.tcl'
02:48:45 INFO  : Result from executing command 'getProjects': mp1block_wrapper
02:48:45 INFO  : Result from executing command 'getPlatforms': mp1block_wrapper|C:/Users/ianrun75/Downloads/MP1new/vitis/mp1block_wrapper/export/mp1block_wrapper/mp1block_wrapper.xpfm
02:49:34 INFO  : Result from executing command 'getProjects': mp1block_wrapper
02:49:34 INFO  : Result from executing command 'getPlatforms': mp1block_wrapper|C:/Users/ianrun75/Downloads/MP1new/vitis/mp1block_wrapper/export/mp1block_wrapper/mp1block_wrapper.xpfm
02:49:34 INFO  : Checking for BSP changes to sync application flags for project 'rc_control'...
02:49:45 INFO  : Disconnected from the channel tcfchan#61.
02:49:46 INFO  : Connected to target on host '127.0.0.1' and port '3121'.
02:49:46 INFO  : Jtag cable 'Digilent Zed 210248B9DA56' is selected.
02:49:46 INFO  : 'jtag frequency' command is executed.
02:49:46 INFO  : Context for 'APU' is selected.
02:49:46 INFO  : System reset is completed.
02:49:49 INFO  : 'after 3000' command is executed.
02:49:49 INFO  : 'targets -set -filter {jtag_cable_name =~ "Digilent Zed 210248B9DA56" && level==0 && jtag_device_ctx=="jsn-Zed-210248B9DA56-23727093-0"}' command is executed.
02:49:52 INFO  : FPGA configured successfully with bitstream "C:/Users/ianrun75/Downloads/MP1new/vitis/rc_control/_ide/bitstream/mp1block_wrapper.bit"
02:49:52 INFO  : Context for 'APU' is selected.
02:49:52 INFO  : Hardware design and registers information is loaded from 'C:/Users/ianrun75/Downloads/MP1new/vitis/mp1block_wrapper/export/mp1block_wrapper/hw/mp1block_wrapper.xsa'.
02:49:52 INFO  : 'configparams force-mem-access 1' command is executed.
02:49:52 INFO  : Context for 'APU' is selected.
02:49:52 INFO  : Sourcing of 'C:/Users/ianrun75/Downloads/MP1new/vitis/rc_control/_ide/psinit/ps7_init.tcl' is done.
02:49:52 INFO  : 'ps7_init' command is executed.
02:49:52 INFO  : 'ps7_post_config' command is executed.
02:49:52 INFO  : Context for processor 'ps7_cortexa9_0' is selected.
02:49:52 INFO  : The application 'C:/Users/ianrun75/Downloads/MP1new/vitis/rc_control/Debug/rc_control.elf' is downloaded to processor 'ps7_cortexa9_0'.
02:49:52 INFO  : 'configparams force-mem-access 0' command is executed.
02:49:52 INFO  : ----------------XSDB Script----------------
connect -url tcp:127.0.0.1:3121
targets -set -nocase -filter {name =~"APU*"}
rst -system
after 3000
targets -set -filter {jtag_cable_name =~ "Digilent Zed 210248B9DA56" && level==0 && jtag_device_ctx=="jsn-Zed-210248B9DA56-23727093-0"}
fpga -file C:/Users/ianrun75/Downloads/MP1new/vitis/rc_control/_ide/bitstream/mp1block_wrapper.bit
targets -set -nocase -filter {name =~"APU*"}
loadhw -hw C:/Users/ianrun75/Downloads/MP1new/vitis/mp1block_wrapper/export/mp1block_wrapper/hw/mp1block_wrapper.xsa -mem-ranges [list {0x40000000 0xbfffffff}] -regs
configparams force-mem-access 1
targets -set -nocase -filter {name =~"APU*"}
source C:/Users/ianrun75/Downloads/MP1new/vitis/rc_control/_ide/psinit/ps7_init.tcl
ps7_init
ps7_post_config
targets -set -nocase -filter {name =~ "*A9*#0"}
dow C:/Users/ianrun75/Downloads/MP1new/vitis/rc_control/Debug/rc_control.elf
configparams force-mem-access 0
----------------End of Script----------------

02:49:52 INFO  : Context for processor 'ps7_cortexa9_0' is selected.
02:49:52 INFO  : 'con' command is executed.
02:49:52 INFO  : ----------------XSDB Script (After Launch)----------------
targets -set -nocase -filter {name =~ "*A9*#0"}
con
----------------End of Script----------------

02:49:52 INFO  : Launch script is exported to file 'C:\Users\ianrun75\Downloads\MP1new\vitis\.sdk\launch_scripts\single_application_debug\debugger_rc_control-default.tcl'
03:09:53 INFO  : Hardware specification for platform project 'mp1block_wrapper' is updated.
03:09:58 INFO  : Result from executing command 'getProjects': mp1block_wrapper
03:09:58 INFO  : Result from executing command 'getPlatforms': mp1block_wrapper|C:/Users/ianrun75/Downloads/MP1new/vitis/mp1block_wrapper/export/mp1block_wrapper/mp1block_wrapper.xpfm
03:10:21 INFO  : Checking for BSP changes to sync application flags for project 'rc_control'...
03:10:21 INFO  : The hardware specfication used by project 'rc_control' is out of sync with the platform. Resource files extracted from the hardware specfiication will be updated.
03:10:21 INFO  : The file 'C:\Users\ianrun75\Downloads\MP1new\vitis\rc_control\_ide\bitstream\mp1block_wrapper.bit' stored in project is removed.
03:10:21 INFO  : The updated bitstream files are copied from platform to folder 'C:\Users\ianrun75\Downloads\MP1new\vitis\rc_control\_ide\bitstream' in project 'rc_control'.
03:10:21 INFO  : The file 'C:\Users\ianrun75\Downloads\MP1new\vitis\rc_control\_ide\psinit\ps7_init.tcl' stored in project is removed.
03:10:25 INFO  : The updated ps init files are copied from platform to folder 'C:\Users\ianrun75\Downloads\MP1new\vitis\rc_control\_ide\psinit' in project 'rc_control'.
03:10:33 INFO  : Checking for BSP changes to sync application flags for project 'rc_control'...
03:10:42 INFO  : Disconnected from the channel tcfchan#67.
03:10:43 INFO  : Connected to target on host '127.0.0.1' and port '3121'.
03:10:44 INFO  : Jtag cable 'Digilent Zed 210248B9DA56' is selected.
03:10:44 INFO  : 'jtag frequency' command is executed.
03:10:44 INFO  : Context for 'APU' is selected.
03:10:44 INFO  : System reset is completed.
03:10:47 INFO  : 'after 3000' command is executed.
03:10:47 INFO  : 'targets -set -filter {jtag_cable_name =~ "Digilent Zed 210248B9DA56" && level==0 && jtag_device_ctx=="jsn-Zed-210248B9DA56-23727093-0"}' command is executed.
03:10:49 INFO  : FPGA configured successfully with bitstream "C:/Users/ianrun75/Downloads/MP1new/vitis/rc_control/_ide/bitstream/mp1block_wrapper.bit"
03:10:49 INFO  : Context for 'APU' is selected.
03:10:49 INFO  : Hardware design and registers information is loaded from 'C:/Users/ianrun75/Downloads/MP1new/vitis/mp1block_wrapper/export/mp1block_wrapper/hw/mp1block_wrapper.xsa'.
03:10:49 INFO  : 'configparams force-mem-access 1' command is executed.
03:10:49 INFO  : Context for 'APU' is selected.
03:10:49 INFO  : Sourcing of 'C:/Users/ianrun75/Downloads/MP1new/vitis/rc_control/_ide/psinit/ps7_init.tcl' is done.
03:10:49 INFO  : 'ps7_init' command is executed.
03:10:49 INFO  : 'ps7_post_config' command is executed.
03:10:49 INFO  : Context for processor 'ps7_cortexa9_0' is selected.
03:10:50 INFO  : The application 'C:/Users/ianrun75/Downloads/MP1new/vitis/rc_control/Debug/rc_control.elf' is downloaded to processor 'ps7_cortexa9_0'.
03:10:50 INFO  : 'configparams force-mem-access 0' command is executed.
03:10:50 INFO  : ----------------XSDB Script----------------
connect -url tcp:127.0.0.1:3121
targets -set -nocase -filter {name =~"APU*"}
rst -system
after 3000
targets -set -filter {jtag_cable_name =~ "Digilent Zed 210248B9DA56" && level==0 && jtag_device_ctx=="jsn-Zed-210248B9DA56-23727093-0"}
fpga -file C:/Users/ianrun75/Downloads/MP1new/vitis/rc_control/_ide/bitstream/mp1block_wrapper.bit
targets -set -nocase -filter {name =~"APU*"}
loadhw -hw C:/Users/ianrun75/Downloads/MP1new/vitis/mp1block_wrapper/export/mp1block_wrapper/hw/mp1block_wrapper.xsa -mem-ranges [list {0x40000000 0xbfffffff}] -regs
configparams force-mem-access 1
targets -set -nocase -filter {name =~"APU*"}
source C:/Users/ianrun75/Downloads/MP1new/vitis/rc_control/_ide/psinit/ps7_init.tcl
ps7_init
ps7_post_config
targets -set -nocase -filter {name =~ "*A9*#0"}
dow C:/Users/ianrun75/Downloads/MP1new/vitis/rc_control/Debug/rc_control.elf
configparams force-mem-access 0
----------------End of Script----------------

03:10:50 INFO  : Context for processor 'ps7_cortexa9_0' is selected.
03:10:50 INFO  : 'con' command is executed.
03:10:50 INFO  : ----------------XSDB Script (After Launch)----------------
targets -set -nocase -filter {name =~ "*A9*#0"}
con
----------------End of Script----------------

03:10:50 INFO  : Launch script is exported to file 'C:\Users\ianrun75\Downloads\MP1new\vitis\.sdk\launch_scripts\single_application_debug\debugger_rc_control-default.tcl'
03:27:01 INFO  : Hardware specification for platform project 'mp1block_wrapper' is updated.
03:27:06 INFO  : Result from executing command 'getProjects': mp1block_wrapper
03:27:06 INFO  : Result from executing command 'getPlatforms': mp1block_wrapper|C:/Users/ianrun75/Downloads/MP1new/vitis/mp1block_wrapper/export/mp1block_wrapper/mp1block_wrapper.xpfm
03:27:22 INFO  : Checking for BSP changes to sync application flags for project 'rc_control'...
03:27:33 INFO  : Disconnected from the channel tcfchan#70.
03:27:35 INFO  : The hardware specfication used by project 'rc_control' is out of sync with the platform. Resource files extracted from the hardware specfiication will be updated.
03:27:35 INFO  : The file 'C:\Users\ianrun75\Downloads\MP1new\vitis\rc_control\_ide\bitstream\mp1block_wrapper.bit' stored in project is removed.
03:27:35 INFO  : The updated bitstream files are copied from platform to folder 'C:\Users\ianrun75\Downloads\MP1new\vitis\rc_control\_ide\bitstream' in project 'rc_control'.
03:27:35 INFO  : The file 'C:\Users\ianrun75\Downloads\MP1new\vitis\rc_control\_ide\psinit\ps7_init.tcl' stored in project is removed.
03:27:38 INFO  : The updated ps init files are copied from platform to folder 'C:\Users\ianrun75\Downloads\MP1new\vitis\rc_control\_ide\psinit' in project 'rc_control'.
03:27:39 INFO  : Connected to target on host '127.0.0.1' and port '3121'.
03:27:39 INFO  : Jtag cable 'Digilent Zed 210248B9DA56' is selected.
03:27:39 INFO  : 'jtag frequency' command is executed.
03:27:39 INFO  : Context for 'APU' is selected.
03:27:39 INFO  : System reset is completed.
03:27:42 INFO  : 'after 3000' command is executed.
03:27:42 INFO  : 'targets -set -filter {jtag_cable_name =~ "Digilent Zed 210248B9DA56" && level==0 && jtag_device_ctx=="jsn-Zed-210248B9DA56-23727093-0"}' command is executed.
03:27:44 INFO  : FPGA configured successfully with bitstream "C:/Users/ianrun75/Downloads/MP1new/vitis/rc_control/_ide/bitstream/mp1block_wrapper.bit"
03:27:44 INFO  : Context for 'APU' is selected.
03:27:44 INFO  : Hardware design and registers information is loaded from 'C:/Users/ianrun75/Downloads/MP1new/vitis/mp1block_wrapper/export/mp1block_wrapper/hw/mp1block_wrapper.xsa'.
03:27:44 INFO  : 'configparams force-mem-access 1' command is executed.
03:27:44 INFO  : Context for 'APU' is selected.
03:27:44 INFO  : Sourcing of 'C:/Users/ianrun75/Downloads/MP1new/vitis/rc_control/_ide/psinit/ps7_init.tcl' is done.
03:27:44 INFO  : 'ps7_init' command is executed.
03:27:44 INFO  : 'ps7_post_config' command is executed.
03:27:44 INFO  : Context for processor 'ps7_cortexa9_0' is selected.
03:27:45 INFO  : The application 'C:/Users/ianrun75/Downloads/MP1new/vitis/rc_control/Debug/rc_control.elf' is downloaded to processor 'ps7_cortexa9_0'.
03:27:45 INFO  : 'configparams force-mem-access 0' command is executed.
03:27:45 INFO  : ----------------XSDB Script----------------
connect -url tcp:127.0.0.1:3121
targets -set -nocase -filter {name =~"APU*"}
rst -system
after 3000
targets -set -filter {jtag_cable_name =~ "Digilent Zed 210248B9DA56" && level==0 && jtag_device_ctx=="jsn-Zed-210248B9DA56-23727093-0"}
fpga -file C:/Users/ianrun75/Downloads/MP1new/vitis/rc_control/_ide/bitstream/mp1block_wrapper.bit
targets -set -nocase -filter {name =~"APU*"}
loadhw -hw C:/Users/ianrun75/Downloads/MP1new/vitis/mp1block_wrapper/export/mp1block_wrapper/hw/mp1block_wrapper.xsa -mem-ranges [list {0x40000000 0xbfffffff}] -regs
configparams force-mem-access 1
targets -set -nocase -filter {name =~"APU*"}
source C:/Users/ianrun75/Downloads/MP1new/vitis/rc_control/_ide/psinit/ps7_init.tcl
ps7_init
ps7_post_config
targets -set -nocase -filter {name =~ "*A9*#0"}
dow C:/Users/ianrun75/Downloads/MP1new/vitis/rc_control/Debug/rc_control.elf
configparams force-mem-access 0
----------------End of Script----------------

03:27:45 INFO  : Context for processor 'ps7_cortexa9_0' is selected.
03:27:45 INFO  : 'con' command is executed.
03:27:45 INFO  : ----------------XSDB Script (After Launch)----------------
targets -set -nocase -filter {name =~ "*A9*#0"}
con
----------------End of Script----------------

03:27:45 INFO  : Launch script is exported to file 'C:\Users\ianrun75\Downloads\MP1new\vitis\.sdk\launch_scripts\single_application_debug\debugger_rc_control-default.tcl'
03:39:03 INFO  : Hardware specification for platform project 'mp1block_wrapper' is updated.
03:39:11 INFO  : Result from executing command 'getProjects': mp1block_wrapper
03:39:11 INFO  : Result from executing command 'getPlatforms': mp1block_wrapper|C:/Users/ianrun75/Downloads/MP1new/vitis/mp1block_wrapper/export/mp1block_wrapper/mp1block_wrapper.xpfm
03:40:26 INFO  : Checking for BSP changes to sync application flags for project 'rc_control'...
03:40:42 INFO  : Disconnected from the channel tcfchan#72.
03:41:23 INFO  : Result from executing command 'getProjects': mp1block_wrapper
03:41:23 INFO  : Result from executing command 'getPlatforms': mp1block_wrapper|C:/Users/ianrun75/Downloads/MP1new/vitis/mp1block_wrapper/export/mp1block_wrapper/mp1block_wrapper.xpfm
03:41:58 INFO  : Result from executing command 'getProjects': mp1block_wrapper
03:41:58 INFO  : Result from executing command 'getPlatforms': mp1block_wrapper|C:/Users/ianrun75/Downloads/MP1new/vitis/mp1block_wrapper/export/mp1block_wrapper/mp1block_wrapper.xpfm
03:41:58 INFO  : Checking for BSP changes to sync application flags for project 'rc_control'...
03:41:59 INFO  : The hardware specfication used by project 'rc_control' is out of sync with the platform. Resource files extracted from the hardware specfiication will be updated.
03:41:59 INFO  : The file 'C:\Users\ianrun75\Downloads\MP1new\vitis\rc_control\_ide\bitstream\mp1block_wrapper.bit' stored in project is removed.
03:41:59 INFO  : The updated bitstream files are copied from platform to folder 'C:\Users\ianrun75\Downloads\MP1new\vitis\rc_control\_ide\bitstream' in project 'rc_control'.
03:41:59 INFO  : The file 'C:\Users\ianrun75\Downloads\MP1new\vitis\rc_control\_ide\psinit\ps7_init.tcl' stored in project is removed.
03:42:02 INFO  : The updated ps init files are copied from platform to folder 'C:\Users\ianrun75\Downloads\MP1new\vitis\rc_control\_ide\psinit' in project 'rc_control'.
03:42:10 INFO  : Connected to target on host '127.0.0.1' and port '3121'.
03:42:10 INFO  : Jtag cable 'Digilent Zed 210248B9DA56' is selected.
03:42:10 INFO  : 'jtag frequency' command is executed.
03:42:10 INFO  : Context for 'APU' is selected.
03:42:10 INFO  : System reset is completed.
03:42:13 INFO  : 'after 3000' command is executed.
03:42:13 INFO  : 'targets -set -filter {jtag_cable_name =~ "Digilent Zed 210248B9DA56" && level==0 && jtag_device_ctx=="jsn-Zed-210248B9DA56-23727093-0"}' command is executed.
03:42:15 INFO  : FPGA configured successfully with bitstream "C:/Users/ianrun75/Downloads/MP1new/vitis/rc_control/_ide/bitstream/mp1block_wrapper.bit"
03:42:15 INFO  : Context for 'APU' is selected.
03:42:15 INFO  : Hardware design and registers information is loaded from 'C:/Users/ianrun75/Downloads/MP1new/vitis/mp1block_wrapper/export/mp1block_wrapper/hw/mp1block_wrapper.xsa'.
03:42:15 INFO  : 'configparams force-mem-access 1' command is executed.
03:42:15 INFO  : Context for 'APU' is selected.
03:42:15 INFO  : Sourcing of 'C:/Users/ianrun75/Downloads/MP1new/vitis/rc_control/_ide/psinit/ps7_init.tcl' is done.
03:42:15 INFO  : 'ps7_init' command is executed.
03:42:15 INFO  : 'ps7_post_config' command is executed.
03:42:15 INFO  : Context for processor 'ps7_cortexa9_0' is selected.
03:42:16 INFO  : The application 'C:/Users/ianrun75/Downloads/MP1new/vitis/rc_control/Debug/rc_control.elf' is downloaded to processor 'ps7_cortexa9_0'.
03:42:16 INFO  : 'configparams force-mem-access 0' command is executed.
03:42:16 INFO  : ----------------XSDB Script----------------
connect -url tcp:127.0.0.1:3121
targets -set -nocase -filter {name =~"APU*"}
rst -system
after 3000
targets -set -filter {jtag_cable_name =~ "Digilent Zed 210248B9DA56" && level==0 && jtag_device_ctx=="jsn-Zed-210248B9DA56-23727093-0"}
fpga -file C:/Users/ianrun75/Downloads/MP1new/vitis/rc_control/_ide/bitstream/mp1block_wrapper.bit
targets -set -nocase -filter {name =~"APU*"}
loadhw -hw C:/Users/ianrun75/Downloads/MP1new/vitis/mp1block_wrapper/export/mp1block_wrapper/hw/mp1block_wrapper.xsa -mem-ranges [list {0x40000000 0xbfffffff}] -regs
configparams force-mem-access 1
targets -set -nocase -filter {name =~"APU*"}
source C:/Users/ianrun75/Downloads/MP1new/vitis/rc_control/_ide/psinit/ps7_init.tcl
ps7_init
ps7_post_config
targets -set -nocase -filter {name =~ "*A9*#0"}
dow C:/Users/ianrun75/Downloads/MP1new/vitis/rc_control/Debug/rc_control.elf
configparams force-mem-access 0
----------------End of Script----------------

03:42:16 INFO  : Context for processor 'ps7_cortexa9_0' is selected.
03:42:16 INFO  : 'con' command is executed.
03:42:16 INFO  : ----------------XSDB Script (After Launch)----------------
targets -set -nocase -filter {name =~ "*A9*#0"}
con
----------------End of Script----------------

03:42:16 INFO  : Launch script is exported to file 'C:\Users\ianrun75\Downloads\MP1new\vitis\.sdk\launch_scripts\single_application_debug\debugger_rc_control-default.tcl'
