TRACE::2026-01-31.17:34:27::SCWPlatform::Trying to open the hw design at X:/cpre488/Labs/MP-0/vitus/design_1_wrapper/hw/design_1_wrapper.xsa
TRACE::2026-01-31.17:34:27::SCWPlatform::DSA given X:/cpre488/Labs/MP-0/vitus/design_1_wrapper/hw/design_1_wrapper.xsa
TRACE::2026-01-31.17:34:27::SCWPlatform::DSA absoulate path X:/cpre488/Labs/MP-0/vitus/design_1_wrapper/hw/design_1_wrapper.xsa
TRACE::2026-01-31.17:34:28::SCWPlatform::DSA directory X:/cpre488/Labs/MP-0/vitus/design_1_wrapper/hw
TRACE::2026-01-31.17:34:28::SCWPlatform:: Platform Path X:/cpre488/Labs/MP-0/vitus/design_1_wrapper/hw/design_1_wrapper.xsa
TRACE::2026-01-31.17:34:28::SCWPlatform:: Unique name xilinx:zed::0.0
TRACE::2026-01-31.17:34:28::SCWPlatform::Do not have an existing db opened. 
TRACE::2026-01-31.17:34:30::SCWPlatform::Opened new HwDB with name design_1_wrapper_0
TRACE::2026-01-31.17:34:30::SCWWriter::formatted JSON is {
	"platformName":	"design_1_wrapper",
	"sprVersion":	"2.0",
	"mode":	"gui",
	"dsaType":	"Fixed",
	"platformDesc":	"design_1_wrapper",
	"platHandOff":	"X:/cpre488/Labs/MP-0/MP0_round2/design_1_wrapper.xsa",
	"platIntHandOff":	"<platformDir>/hw/design_1_wrapper.xsa",
	"deviceType":	"zynq",
	"platIsPrebuiltAutogen":	"false",
	"platIsNoBootBsp":	"false",
	"hasFsblMakeHasChanges":	"false",
	"hasPmufwMakeHasChanges":	"false",
	"platPreBuiltFlag":	false,
	"platformSamplesDir":	""
}
TRACE::2026-01-31.17:34:30::SCWWriter::formatted JSON is {
	"platformName":	"design_1_wrapper",
	"sprVersion":	"2.0",
	"mode":	"gui",
	"dsaType":	"Fixed",
	"platformDesc":	"design_1_wrapper",
	"platHandOff":	"X:/cpre488/Labs/MP-0/MP0_round2/design_1_wrapper.xsa",
	"platIntHandOff":	"<platformDir>/hw/design_1_wrapper.xsa",
	"deviceType":	"zynq",
	"platIsPrebuiltAutogen":	"false",
	"platIsNoBootBsp":	"false",
	"hasFsblMakeHasChanges":	"false",
	"hasPmufwMakeHasChanges":	"false",
	"platPreBuiltFlag":	false,
	"platformSamplesDir":	"",
	"platActiveSys":	"design_1_wrapper",
	"systems":	[{
			"systemName":	"design_1_wrapper",
			"systemDesc":	"design_1_wrapper",
			"sysIsBootAutoGen":	"true",
			"systemDispName":	"design_1_wrapper"
		}]
}
TRACE::2026-01-31.17:34:30::SCWPlatform::Boot application domains not present, creating them
TRACE::2026-01-31.17:34:30::SCWDomain::checking for install qemu data   : 
TRACE::2026-01-31.17:34:30::SCWDomain:: Using the QEMU Data from install at  : C:/Xilinx/Vitis/2020.1/data/emulation/platforms/zynq/qemu/
TRACE::2026-01-31.17:34:30::SCWDomain:: Using the QEMU args  from install at  : C:/Xilinx/Vitis/2020.1/data/emulation/platforms/zynq/qemu/qemu_args.txt
TRACE::2026-01-31.17:34:30::SCWPlatform::Trying to open the hw design at X:/cpre488/Labs/MP-0/vitus/design_1_wrapper/hw/design_1_wrapper.xsa
TRACE::2026-01-31.17:34:30::SCWPlatform::DSA given X:/cpre488/Labs/MP-0/vitus/design_1_wrapper/hw/design_1_wrapper.xsa
TRACE::2026-01-31.17:34:30::SCWPlatform::DSA absoulate path X:/cpre488/Labs/MP-0/vitus/design_1_wrapper/hw/design_1_wrapper.xsa
TRACE::2026-01-31.17:34:30::SCWPlatform::DSA directory X:/cpre488/Labs/MP-0/vitus/design_1_wrapper/hw
TRACE::2026-01-31.17:34:30::SCWPlatform:: Platform Path X:/cpre488/Labs/MP-0/vitus/design_1_wrapper/hw/design_1_wrapper.xsa
TRACE::2026-01-31.17:34:30::SCWPlatform:: Unique name xilinx:zed::0.0
TRACE::2026-01-31.17:34:30::SCWPlatform::Trying to set the existing hwdb with name design_1_wrapper_0
TRACE::2026-01-31.17:34:30::SCWPlatform::Opened existing hwdb design_1_wrapper_0
TRACE::2026-01-31.17:34:30::SCWPlatform::Found the Hw Db part of the input DSA
TRACE::2026-01-31.17:34:30::SCWPlatform::Trying to open the hw design at X:/cpre488/Labs/MP-0/vitus/design_1_wrapper/hw/design_1_wrapper.xsa
TRACE::2026-01-31.17:34:30::SCWPlatform::DSA given X:/cpre488/Labs/MP-0/vitus/design_1_wrapper/hw/design_1_wrapper.xsa
TRACE::2026-01-31.17:34:30::SCWPlatform::DSA absoulate path X:/cpre488/Labs/MP-0/vitus/design_1_wrapper/hw/design_1_wrapper.xsa
TRACE::2026-01-31.17:34:30::SCWPlatform::DSA directory X:/cpre488/Labs/MP-0/vitus/design_1_wrapper/hw
TRACE::2026-01-31.17:34:30::SCWPlatform:: Platform Path X:/cpre488/Labs/MP-0/vitus/design_1_wrapper/hw/design_1_wrapper.xsa
TRACE::2026-01-31.17:34:30::SCWPlatform:: Unique name xilinx:zed::0.0
TRACE::2026-01-31.17:34:30::SCWPlatform::Trying to set the existing hwdb with name design_1_wrapper_0
TRACE::2026-01-31.17:34:30::SCWPlatform::Opened existing hwdb design_1_wrapper_0
TRACE::2026-01-31.17:34:30::SCWPlatform::Found the Hw Db part of the input DSA
TRACE::2026-01-31.17:34:30::SCWPlatform::Trying to open the hw design at X:/cpre488/Labs/MP-0/vitus/design_1_wrapper/hw/design_1_wrapper.xsa
TRACE::2026-01-31.17:34:30::SCWPlatform::DSA given X:/cpre488/Labs/MP-0/vitus/design_1_wrapper/hw/design_1_wrapper.xsa
TRACE::2026-01-31.17:34:30::SCWPlatform::DSA absoulate path X:/cpre488/Labs/MP-0/vitus/design_1_wrapper/hw/design_1_wrapper.xsa
TRACE::2026-01-31.17:34:30::SCWPlatform::DSA directory X:/cpre488/Labs/MP-0/vitus/design_1_wrapper/hw
TRACE::2026-01-31.17:34:30::SCWPlatform:: Platform Path X:/cpre488/Labs/MP-0/vitus/design_1_wrapper/hw/design_1_wrapper.xsa
TRACE::2026-01-31.17:34:30::SCWPlatform:: Unique name xilinx:zed::0.0
TRACE::2026-01-31.17:34:30::SCWPlatform::Trying to set the existing hwdb with name design_1_wrapper_0
TRACE::2026-01-31.17:34:30::SCWPlatform::Opened existing hwdb design_1_wrapper_0
TRACE::2026-01-31.17:34:30::SCWPlatform::Found the Hw Db part of the input DSA
TRACE::2026-01-31.17:34:30::SCWPlatform::Boot application domain added for zynq_fsbl
TRACE::2026-01-31.17:34:30::SCWPlatform::Generating the sources  .
TRACE::2026-01-31.17:34:30::SCWBDomain::Generating boot domain sources.
TRACE::2026-01-31.17:34:30::SCWBDomain:: Generating the zynq_fsbl Application.
TRACE::2026-01-31.17:34:30::SCWPlatform::Trying to open the hw design at X:/cpre488/Labs/MP-0/vitus/design_1_wrapper/hw/design_1_wrapper.xsa
TRACE::2026-01-31.17:34:30::SCWPlatform::DSA given X:/cpre488/Labs/MP-0/vitus/design_1_wrapper/hw/design_1_wrapper.xsa
TRACE::2026-01-31.17:34:30::SCWPlatform::DSA absoulate path X:/cpre488/Labs/MP-0/vitus/design_1_wrapper/hw/design_1_wrapper.xsa
TRACE::2026-01-31.17:34:30::SCWPlatform::DSA directory X:/cpre488/Labs/MP-0/vitus/design_1_wrapper/hw
TRACE::2026-01-31.17:34:30::SCWPlatform:: Platform Path X:/cpre488/Labs/MP-0/vitus/design_1_wrapper/hw/design_1_wrapper.xsa
TRACE::2026-01-31.17:34:30::SCWPlatform:: Unique name xilinx:zed::0.0
TRACE::2026-01-31.17:34:30::SCWPlatform::Trying to set the existing hwdb with name design_1_wrapper_0
TRACE::2026-01-31.17:34:30::SCWPlatform::Opened existing hwdb design_1_wrapper_0
TRACE::2026-01-31.17:34:30::SCWPlatform::Found the Hw Db part of the input DSA
TRACE::2026-01-31.17:34:30::SCWMssOS::Checking the sw design at  X:/cpre488/Labs/MP-0/vitus/design_1_wrapper/zynq_fsbl/zynq_fsbl_bsp/system.mss
TRACE::2026-01-31.17:34:30::SCWMssOS::DEBUG:  swdes dump  
TRACE::2026-01-31.17:34:30::SCWMssOS::No sw design opened at  X:/cpre488/Labs/MP-0/vitus/design_1_wrapper/zynq_fsbl/zynq_fsbl_bsp/system.mss
TRACE::2026-01-31.17:34:30::SCWMssOS::mss does not exists at X:/cpre488/Labs/MP-0/vitus/design_1_wrapper/zynq_fsbl/zynq_fsbl_bsp/system.mss
TRACE::2026-01-31.17:34:30::SCWMssOS::Creating sw design at  X:/cpre488/Labs/MP-0/vitus/design_1_wrapper/zynq_fsbl/zynq_fsbl_bsp/system.mss
TRACE::2026-01-31.17:34:30::SCWMssOS::Adding the swdes entry, created swdb X:/cpre488/Labs/MP-0/vitus/design_1_wrapper/zynq_fsbl/zynq_fsbl_bsp/system.mss with des name X:/cpre488/Labs/MP-0/vitus/design_1_wrapper/zynq_fsbl/zynq_fsbl_bsp/system.mss
TRACE::2026-01-31.17:34:30::SCWMssOS::updating the scw layer changes to swdes at   X:/cpre488/Labs/MP-0/vitus/design_1_wrapper/zynq_fsbl/zynq_fsbl_bsp/system.mss
TRACE::2026-01-31.17:34:30::SCWMssOS::Writing mss at X:/cpre488/Labs/MP-0/vitus/design_1_wrapper/zynq_fsbl/zynq_fsbl_bsp/system.mss
TRACE::2026-01-31.17:34:30::SCWMssOS::Completed writing the mss file at X:/cpre488/Labs/MP-0/vitus/design_1_wrapper/zynq_fsbl/zynq_fsbl_bsp
TRACE::2026-01-31.17:34:30::SCWMssOS::Picking up changes from newly written mss file into SCW Layer. 
TRACE::2026-01-31.17:34:30::SCWMssOS::Updated the changes from newly written mss file into SCW Layer. 
TRACE::2026-01-31.17:34:30::SCWBDomain::Completed writing the mss file at X:/cpre488/Labs/MP-0/vitus/design_1_wrapper/zynq_fsbl/zynq_fsbl_bsp
TRACE::2026-01-31.17:34:37::SCWPlatform::Generating sources Done.
TRACE::2026-01-31.17:34:37::SCWPlatform::Trying to open the hw design at X:/cpre488/Labs/MP-0/vitus/design_1_wrapper/hw/design_1_wrapper.xsa
TRACE::2026-01-31.17:34:37::SCWPlatform::DSA given X:/cpre488/Labs/MP-0/vitus/design_1_wrapper/hw/design_1_wrapper.xsa
TRACE::2026-01-31.17:34:37::SCWPlatform::DSA absoulate path X:/cpre488/Labs/MP-0/vitus/design_1_wrapper/hw/design_1_wrapper.xsa
TRACE::2026-01-31.17:34:37::SCWPlatform::DSA directory X:/cpre488/Labs/MP-0/vitus/design_1_wrapper/hw
TRACE::2026-01-31.17:34:37::SCWPlatform:: Platform Path X:/cpre488/Labs/MP-0/vitus/design_1_wrapper/hw/design_1_wrapper.xsa
TRACE::2026-01-31.17:34:37::SCWPlatform:: Unique name xilinx:zed::0.0
TRACE::2026-01-31.17:34:37::SCWPlatform::Trying to set the existing hwdb with name design_1_wrapper_0
TRACE::2026-01-31.17:34:37::SCWPlatform::Opened existing hwdb design_1_wrapper_0
TRACE::2026-01-31.17:34:37::SCWPlatform::Found the Hw Db part of the input DSA
TRACE::2026-01-31.17:34:37::SCWMssOS::Checking the sw design at  X:/cpre488/Labs/MP-0/vitus/design_1_wrapper/zynq_fsbl/zynq_fsbl_bsp/system.mss
TRACE::2026-01-31.17:34:37::SCWMssOS::DEBUG:  swdes dump  X:/cpre488/Labs/MP-0/vitus/design_1_wrapper/zynq_fsbl/zynq_fsbl_bsp/system.mss|X:/cpre488/Labs/MP-0/vitus/design_1_wrapper/zynq_fsbl/zynq_fsbl_bsp/system.mss||

KEYINFO::2026-01-31.17:34:37::SCWMssOS::Could not open the swdb for X:/cpre488/Labs/MP-0/vitus/design_1_wrapper/zynq_fsbl/zynq_fsbl_bsp/system.mss
KEYINFO::2026-01-31.17:34:37::SCWMssOS::Could not open the sw design at  X:/cpre488/Labs/MP-0/vitus/design_1_wrapper/zynq_fsbl/zynq_fsbl_bsp/system.mss
ERROR: [Hsi 55-1558] Software Design X:/cpre488/Labs/MP-0/vitus/design_1_wrapper/zynq_fsbl/zynq_fsbl_bsp/system.mss is not found

TRACE::2026-01-31.17:34:37::SCWMssOS::Cleared the swdb table entry
TRACE::2026-01-31.17:34:37::SCWMssOS::No sw design opened at  X:/cpre488/Labs/MP-0/vitus/design_1_wrapper/zynq_fsbl/zynq_fsbl_bsp/system.mss
TRACE::2026-01-31.17:34:37::SCWMssOS::mss exists loading the mss file  X:/cpre488/Labs/MP-0/vitus/design_1_wrapper/zynq_fsbl/zynq_fsbl_bsp/system.mss
TRACE::2026-01-31.17:34:37::SCWMssOS::Opened the sw design from mss  X:/cpre488/Labs/MP-0/vitus/design_1_wrapper/zynq_fsbl/zynq_fsbl_bsp/system.mss
TRACE::2026-01-31.17:34:37::SCWMssOS::Adding the swdes entry X:/cpre488/Labs/MP-0/vitus/design_1_wrapper/zynq_fsbl/zynq_fsbl_bsp/system.mss with des name system
TRACE::2026-01-31.17:34:37::SCWMssOS::updating the scw layer about changes
TRACE::2026-01-31.17:34:38::SCWMssOS::Opened the sw design.  X:/cpre488/Labs/MP-0/vitus/design_1_wrapper/zynq_fsbl/zynq_fsbl_bsp/system.mss
TRACE::2026-01-31.17:34:38::SCWMssOS::Saving the mss changes X:/cpre488/Labs/MP-0/vitus/design_1_wrapper/zynq_fsbl/zynq_fsbl_bsp/system.mss
TRACE::2026-01-31.17:34:38::SCWMssOS::Found a swdesign opened with the mssfile.
TRACE::2026-01-31.17:34:38::SCWMssOS::Completed writemss as part of save.
TRACE::2026-01-31.17:34:38::SCWMssOS::Commit changes completed.
TRACE::2026-01-31.17:34:38::SCWPlatform::Trying to open the hw design at X:/cpre488/Labs/MP-0/vitus/design_1_wrapper/hw/design_1_wrapper.xsa
TRACE::2026-01-31.17:34:38::SCWPlatform::DSA given X:/cpre488/Labs/MP-0/vitus/design_1_wrapper/hw/design_1_wrapper.xsa
TRACE::2026-01-31.17:34:38::SCWPlatform::DSA absoulate path X:/cpre488/Labs/MP-0/vitus/design_1_wrapper/hw/design_1_wrapper.xsa
TRACE::2026-01-31.17:34:38::SCWPlatform::DSA directory X:/cpre488/Labs/MP-0/vitus/design_1_wrapper/hw
TRACE::2026-01-31.17:34:38::SCWPlatform:: Platform Path X:/cpre488/Labs/MP-0/vitus/design_1_wrapper/hw/design_1_wrapper.xsa
TRACE::2026-01-31.17:34:38::SCWPlatform:: Unique name xilinx:zed::0.0
TRACE::2026-01-31.17:34:38::SCWPlatform::Trying to set the existing hwdb with name design_1_wrapper_0
TRACE::2026-01-31.17:34:38::SCWPlatform::Opened existing hwdb design_1_wrapper_0
TRACE::2026-01-31.17:34:38::SCWPlatform::Found the Hw Db part of the input DSA
TRACE::2026-01-31.17:34:38::SCWMssOS::Checking the sw design at  X:/cpre488/Labs/MP-0/vitus/design_1_wrapper/zynq_fsbl/zynq_fsbl_bsp/system.mss
TRACE::2026-01-31.17:34:38::SCWMssOS::DEBUG:  swdes dump  X:/cpre488/Labs/MP-0/vitus/design_1_wrapper/zynq_fsbl/zynq_fsbl_bsp/system.mss|system||

TRACE::2026-01-31.17:34:38::SCWMssOS::Sw design exists and opened at  X:/cpre488/Labs/MP-0/vitus/design_1_wrapper/zynq_fsbl/zynq_fsbl_bsp/system.mss
TRACE::2026-01-31.17:34:38::SCWPlatform::Trying to open the hw design at X:/cpre488/Labs/MP-0/vitus/design_1_wrapper/hw/design_1_wrapper.xsa
TRACE::2026-01-31.17:34:38::SCWPlatform::DSA given X:/cpre488/Labs/MP-0/vitus/design_1_wrapper/hw/design_1_wrapper.xsa
TRACE::2026-01-31.17:34:38::SCWPlatform::DSA absoulate path X:/cpre488/Labs/MP-0/vitus/design_1_wrapper/hw/design_1_wrapper.xsa
TRACE::2026-01-31.17:34:38::SCWPlatform::DSA directory X:/cpre488/Labs/MP-0/vitus/design_1_wrapper/hw
TRACE::2026-01-31.17:34:38::SCWPlatform:: Platform Path X:/cpre488/Labs/MP-0/vitus/design_1_wrapper/hw/design_1_wrapper.xsa
TRACE::2026-01-31.17:34:38::SCWPlatform:: Unique name xilinx:zed::0.0
TRACE::2026-01-31.17:34:38::SCWPlatform::Trying to set the existing hwdb with name design_1_wrapper_0
TRACE::2026-01-31.17:34:38::SCWPlatform::Opened existing hwdb design_1_wrapper_0
TRACE::2026-01-31.17:34:38::SCWPlatform::Found the Hw Db part of the input DSA
TRACE::2026-01-31.17:34:38::SCWMssOS::Checking the sw design at  X:/cpre488/Labs/MP-0/vitus/design_1_wrapper/zynq_fsbl/zynq_fsbl_bsp/system.mss
TRACE::2026-01-31.17:34:38::SCWMssOS::DEBUG:  swdes dump  X:/cpre488/Labs/MP-0/vitus/design_1_wrapper/zynq_fsbl/zynq_fsbl_bsp/system.mss|system||

TRACE::2026-01-31.17:34:38::SCWMssOS::Sw design exists and opened at  X:/cpre488/Labs/MP-0/vitus/design_1_wrapper/zynq_fsbl/zynq_fsbl_bsp/system.mss
TRACE::2026-01-31.17:34:38::SCWPlatform::Trying to open the hw design at X:/cpre488/Labs/MP-0/vitus/design_1_wrapper/hw/design_1_wrapper.xsa
TRACE::2026-01-31.17:34:38::SCWPlatform::DSA given X:/cpre488/Labs/MP-0/vitus/design_1_wrapper/hw/design_1_wrapper.xsa
TRACE::2026-01-31.17:34:38::SCWPlatform::DSA absoulate path X:/cpre488/Labs/MP-0/vitus/design_1_wrapper/hw/design_1_wrapper.xsa
TRACE::2026-01-31.17:34:38::SCWPlatform::DSA directory X:/cpre488/Labs/MP-0/vitus/design_1_wrapper/hw
TRACE::2026-01-31.17:34:38::SCWPlatform:: Platform Path X:/cpre488/Labs/MP-0/vitus/design_1_wrapper/hw/design_1_wrapper.xsa
TRACE::2026-01-31.17:34:38::SCWPlatform:: Unique name xilinx:zed::0.0
TRACE::2026-01-31.17:34:38::SCWPlatform::Trying to set the existing hwdb with name design_1_wrapper_0
TRACE::2026-01-31.17:34:38::SCWPlatform::Opened existing hwdb design_1_wrapper_0
TRACE::2026-01-31.17:34:38::SCWPlatform::Found the Hw Db part of the input DSA
TRACE::2026-01-31.17:34:38::SCWMssOS::Checking the sw design at  X:/cpre488/Labs/MP-0/vitus/design_1_wrapper/zynq_fsbl/zynq_fsbl_bsp/system.mss
TRACE::2026-01-31.17:34:38::SCWMssOS::DEBUG:  swdes dump  X:/cpre488/Labs/MP-0/vitus/design_1_wrapper/zynq_fsbl/zynq_fsbl_bsp/system.mss|system||

TRACE::2026-01-31.17:34:38::SCWMssOS::Sw design exists and opened at  X:/cpre488/Labs/MP-0/vitus/design_1_wrapper/zynq_fsbl/zynq_fsbl_bsp/system.mss
TRACE::2026-01-31.17:34:38::SCWWriter::formatted JSON is {
	"platformName":	"design_1_wrapper",
	"sprVersion":	"2.0",
	"mode":	"gui",
	"dsaType":	"Fixed",
	"platformDesc":	"design_1_wrapper",
	"platHandOff":	"X:/cpre488/Labs/MP-0/MP0_round2/design_1_wrapper.xsa",
	"platIntHandOff":	"<platformDir>/hw/design_1_wrapper.xsa",
	"deviceType":	"zynq",
	"platIsPrebuiltAutogen":	"false",
	"platIsNoBootBsp":	"false",
	"platFsblTarget":	"ps7_cortexa9_0",
	"hasFsblMakeHasChanges":	"false",
	"hasPmufwMakeHasChanges":	"false",
	"fsblExtraCompilerFlags":	"-MMD -MP       -mcpu=cortex-a9 -mfpu=vfpv3 -mfloat-abi=hard ",
	"platPreBuiltFlag":	false,
	"platformSamplesDir":	"",
	"platActiveSys":	"design_1_wrapper",
	"systems":	[{
			"systemName":	"design_1_wrapper",
			"systemDesc":	"design_1_wrapper",
			"sysIsBootAutoGen":	"true",
			"systemDispName":	"design_1_wrapper",
			"sysActiveDom":	"zynq_fsbl",
			"sysDefaultDom":	"",
			"domains":	[{
					"domainName":	"zynq_fsbl",
					"domainDispName":	"zynq_fsbl",
					"domainDesc":	"FSBL Application BSP - Auto Generated.",
					"processors":	"ps7_cortexa9_0",
					"os":	"standalone",
					"sdxOs":	"standalone",
					"debugEnable":	"",
					"domRuntimes":	["cpp"],
					"swRepo":	"",
					"mssOsVer":	"7.2",
					"mssFile":	"",
					"md5Digest":	"d2d420d87bcfafaa761d1aba64f21ae8",
					"compatibleApp":	"zynq_fsbl",
					"domType":	"bootDomain",
					"arch":	"32-bit",
					"appSettings":	{
						"appCompilerFlags":	"",
						"appLinkerFlags":	""
					},
					"addedLibs":	["xilffs:4.3", "xilrsa:1.6"],
					"libOptions":	{
						"libsContainingOptions":	[]
					},
					"prebuiltLibs":	{
						"prebuiltIncPath":	[],
						"prebuiltLibPath":	[]
					},
					"isolation":	{
					}
				}]
		}]
}
TRACE::2026-01-31.17:34:38::SCWMssOS::Saving the mss changes X:/cpre488/Labs/MP-0/vitus/design_1_wrapper/zynq_fsbl/zynq_fsbl_bsp/system.mss
TRACE::2026-01-31.17:34:38::SCWMssOS::Found a swdesign opened with the mssfile.
TRACE::2026-01-31.17:34:38::SCWMssOS::Completed writemss as part of save.
TRACE::2026-01-31.17:34:38::SCWMssOS::Commit changes completed.
TRACE::2026-01-31.17:34:38::SCWPlatform::Trying to open the hw design at X:/cpre488/Labs/MP-0/vitus/design_1_wrapper/hw/design_1_wrapper.xsa
TRACE::2026-01-31.17:34:38::SCWPlatform::DSA given X:/cpre488/Labs/MP-0/vitus/design_1_wrapper/hw/design_1_wrapper.xsa
TRACE::2026-01-31.17:34:38::SCWPlatform::DSA absoulate path X:/cpre488/Labs/MP-0/vitus/design_1_wrapper/hw/design_1_wrapper.xsa
TRACE::2026-01-31.17:34:38::SCWPlatform::DSA directory X:/cpre488/Labs/MP-0/vitus/design_1_wrapper/hw
TRACE::2026-01-31.17:34:38::SCWPlatform:: Platform Path X:/cpre488/Labs/MP-0/vitus/design_1_wrapper/hw/design_1_wrapper.xsa
TRACE::2026-01-31.17:34:38::SCWPlatform:: Unique name xilinx:zed::0.0
TRACE::2026-01-31.17:34:38::SCWPlatform::Trying to set the existing hwdb with name design_1_wrapper_0
TRACE::2026-01-31.17:34:38::SCWPlatform::Opened existing hwdb design_1_wrapper_0
TRACE::2026-01-31.17:34:38::SCWPlatform::Found the Hw Db part of the input DSA
TRACE::2026-01-31.17:34:38::SCWMssOS::Checking the sw design at  X:/cpre488/Labs/MP-0/vitus/design_1_wrapper/zynq_fsbl/zynq_fsbl_bsp/system.mss
TRACE::2026-01-31.17:34:38::SCWMssOS::DEBUG:  swdes dump  X:/cpre488/Labs/MP-0/vitus/design_1_wrapper/zynq_fsbl/zynq_fsbl_bsp/system.mss|system||

TRACE::2026-01-31.17:34:38::SCWMssOS::Sw design exists and opened at  X:/cpre488/Labs/MP-0/vitus/design_1_wrapper/zynq_fsbl/zynq_fsbl_bsp/system.mss
TRACE::2026-01-31.17:34:38::SCWPlatform::Trying to open the hw design at X:/cpre488/Labs/MP-0/vitus/design_1_wrapper/hw/design_1_wrapper.xsa
TRACE::2026-01-31.17:34:38::SCWPlatform::DSA given X:/cpre488/Labs/MP-0/vitus/design_1_wrapper/hw/design_1_wrapper.xsa
TRACE::2026-01-31.17:34:38::SCWPlatform::DSA absoulate path X:/cpre488/Labs/MP-0/vitus/design_1_wrapper/hw/design_1_wrapper.xsa
TRACE::2026-01-31.17:34:38::SCWPlatform::DSA directory X:/cpre488/Labs/MP-0/vitus/design_1_wrapper/hw
TRACE::2026-01-31.17:34:38::SCWPlatform:: Platform Path X:/cpre488/Labs/MP-0/vitus/design_1_wrapper/hw/design_1_wrapper.xsa
TRACE::2026-01-31.17:34:38::SCWPlatform:: Unique name xilinx:zed::0.0
TRACE::2026-01-31.17:34:38::SCWPlatform::Trying to set the existing hwdb with name design_1_wrapper_0
TRACE::2026-01-31.17:34:38::SCWPlatform::Opened existing hwdb design_1_wrapper_0
TRACE::2026-01-31.17:34:38::SCWPlatform::Found the Hw Db part of the input DSA
TRACE::2026-01-31.17:34:38::SCWMssOS::Checking the sw design at  X:/cpre488/Labs/MP-0/vitus/design_1_wrapper/zynq_fsbl/zynq_fsbl_bsp/system.mss
TRACE::2026-01-31.17:34:38::SCWMssOS::DEBUG:  swdes dump  X:/cpre488/Labs/MP-0/vitus/design_1_wrapper/zynq_fsbl/zynq_fsbl_bsp/system.mss|system||

TRACE::2026-01-31.17:34:38::SCWMssOS::Sw design exists and opened at  X:/cpre488/Labs/MP-0/vitus/design_1_wrapper/zynq_fsbl/zynq_fsbl_bsp/system.mss
TRACE::2026-01-31.17:34:38::SCWPlatform::Trying to open the hw design at X:/cpre488/Labs/MP-0/vitus/design_1_wrapper/hw/design_1_wrapper.xsa
TRACE::2026-01-31.17:34:38::SCWPlatform::DSA given X:/cpre488/Labs/MP-0/vitus/design_1_wrapper/hw/design_1_wrapper.xsa
TRACE::2026-01-31.17:34:38::SCWPlatform::DSA absoulate path X:/cpre488/Labs/MP-0/vitus/design_1_wrapper/hw/design_1_wrapper.xsa
TRACE::2026-01-31.17:34:38::SCWPlatform::DSA directory X:/cpre488/Labs/MP-0/vitus/design_1_wrapper/hw
TRACE::2026-01-31.17:34:38::SCWPlatform:: Platform Path X:/cpre488/Labs/MP-0/vitus/design_1_wrapper/hw/design_1_wrapper.xsa
TRACE::2026-01-31.17:34:38::SCWPlatform:: Unique name xilinx:zed::0.0
TRACE::2026-01-31.17:34:38::SCWPlatform::Trying to set the existing hwdb with name design_1_wrapper_0
TRACE::2026-01-31.17:34:38::SCWPlatform::Opened existing hwdb design_1_wrapper_0
TRACE::2026-01-31.17:34:38::SCWPlatform::Found the Hw Db part of the input DSA
TRACE::2026-01-31.17:34:38::SCWMssOS::Checking the sw design at  X:/cpre488/Labs/MP-0/vitus/design_1_wrapper/zynq_fsbl/zynq_fsbl_bsp/system.mss
TRACE::2026-01-31.17:34:38::SCWMssOS::DEBUG:  swdes dump  X:/cpre488/Labs/MP-0/vitus/design_1_wrapper/zynq_fsbl/zynq_fsbl_bsp/system.mss|system||

TRACE::2026-01-31.17:34:38::SCWMssOS::Sw design exists and opened at  X:/cpre488/Labs/MP-0/vitus/design_1_wrapper/zynq_fsbl/zynq_fsbl_bsp/system.mss
TRACE::2026-01-31.17:34:38::SCWWriter::formatted JSON is {
	"platformName":	"design_1_wrapper",
	"sprVersion":	"2.0",
	"mode":	"gui",
	"dsaType":	"Fixed",
	"platformDesc":	"design_1_wrapper",
	"platHandOff":	"X:/cpre488/Labs/MP-0/MP0_round2/design_1_wrapper.xsa",
	"platIntHandOff":	"<platformDir>/hw/design_1_wrapper.xsa",
	"deviceType":	"zynq",
	"platIsPrebuiltAutogen":	"false",
	"platIsNoBootBsp":	"false",
	"platFsblTarget":	"ps7_cortexa9_0",
	"hasFsblMakeHasChanges":	"false",
	"hasPmufwMakeHasChanges":	"false",
	"fsblExtraCompilerFlags":	"-MMD -MP       -mcpu=cortex-a9 -mfpu=vfpv3 -mfloat-abi=hard ",
	"platPreBuiltFlag":	false,
	"platformSamplesDir":	"",
	"platActiveSys":	"design_1_wrapper",
	"systems":	[{
			"systemName":	"design_1_wrapper",
			"systemDesc":	"design_1_wrapper",
			"sysIsBootAutoGen":	"true",
			"systemDispName":	"design_1_wrapper",
			"sysActiveDom":	"zynq_fsbl",
			"sysDefaultDom":	"",
			"domains":	[{
					"domainName":	"zynq_fsbl",
					"domainDispName":	"zynq_fsbl",
					"domainDesc":	"FSBL Application BSP - Auto Generated.",
					"processors":	"ps7_cortexa9_0",
					"os":	"standalone",
					"sdxOs":	"standalone",
					"debugEnable":	"",
					"domRuntimes":	["cpp"],
					"swRepo":	"",
					"mssOsVer":	"7.2",
					"mssFile":	"",
					"md5Digest":	"d2d420d87bcfafaa761d1aba64f21ae8",
					"compatibleApp":	"zynq_fsbl",
					"domType":	"bootDomain",
					"arch":	"32-bit",
					"appSettings":	{
						"appCompilerFlags":	"",
						"appLinkerFlags":	""
					},
					"addedLibs":	["xilffs:4.3", "xilrsa:1.6"],
					"libOptions":	{
						"libsContainingOptions":	[]
					},
					"prebuiltLibs":	{
						"prebuiltIncPath":	[],
						"prebuiltLibPath":	[]
					},
					"isolation":	{
					}
				}]
		}]
}
TRACE::2026-01-31.17:34:38::SCWDomain::checking for install qemu data   : 
TRACE::2026-01-31.17:34:38::SCWDomain:: Using the QEMU Data from install at  : C:/Xilinx/Vitis/2020.1/data/emulation/platforms/zynq/qemu/
TRACE::2026-01-31.17:34:38::SCWDomain:: Using the QEMU args  from install at  : C:/Xilinx/Vitis/2020.1/data/emulation/platforms/zynq/qemu/qemu_args.txt
TRACE::2026-01-31.17:34:38::SCWPlatform::Trying to open the hw design at X:/cpre488/Labs/MP-0/vitus/design_1_wrapper/hw/design_1_wrapper.xsa
TRACE::2026-01-31.17:34:38::SCWPlatform::DSA given X:/cpre488/Labs/MP-0/vitus/design_1_wrapper/hw/design_1_wrapper.xsa
TRACE::2026-01-31.17:34:38::SCWPlatform::DSA absoulate path X:/cpre488/Labs/MP-0/vitus/design_1_wrapper/hw/design_1_wrapper.xsa
TRACE::2026-01-31.17:34:38::SCWPlatform::DSA directory X:/cpre488/Labs/MP-0/vitus/design_1_wrapper/hw
TRACE::2026-01-31.17:34:38::SCWPlatform:: Platform Path X:/cpre488/Labs/MP-0/vitus/design_1_wrapper/hw/design_1_wrapper.xsa
TRACE::2026-01-31.17:34:38::SCWPlatform:: Unique name xilinx:zed::0.0
TRACE::2026-01-31.17:34:38::SCWPlatform::Trying to set the existing hwdb with name design_1_wrapper_0
TRACE::2026-01-31.17:34:38::SCWPlatform::Opened existing hwdb design_1_wrapper_0
TRACE::2026-01-31.17:34:38::SCWPlatform::Found the Hw Db part of the input DSA
TRACE::2026-01-31.17:34:38::SCWPlatform::Trying to open the hw design at X:/cpre488/Labs/MP-0/vitus/design_1_wrapper/hw/design_1_wrapper.xsa
TRACE::2026-01-31.17:34:38::SCWPlatform::DSA given X:/cpre488/Labs/MP-0/vitus/design_1_wrapper/hw/design_1_wrapper.xsa
TRACE::2026-01-31.17:34:38::SCWPlatform::DSA absoulate path X:/cpre488/Labs/MP-0/vitus/design_1_wrapper/hw/design_1_wrapper.xsa
TRACE::2026-01-31.17:34:38::SCWPlatform::DSA directory X:/cpre488/Labs/MP-0/vitus/design_1_wrapper/hw
TRACE::2026-01-31.17:34:38::SCWPlatform:: Platform Path X:/cpre488/Labs/MP-0/vitus/design_1_wrapper/hw/design_1_wrapper.xsa
TRACE::2026-01-31.17:34:38::SCWPlatform:: Unique name xilinx:zed::0.0
TRACE::2026-01-31.17:34:38::SCWPlatform::Trying to set the existing hwdb with name design_1_wrapper_0
TRACE::2026-01-31.17:34:38::SCWPlatform::Opened existing hwdb design_1_wrapper_0
TRACE::2026-01-31.17:34:38::SCWPlatform::Found the Hw Db part of the input DSA
TRACE::2026-01-31.17:34:38::SCWPlatform::Trying to open the hw design at X:/cpre488/Labs/MP-0/vitus/design_1_wrapper/hw/design_1_wrapper.xsa
TRACE::2026-01-31.17:34:38::SCWPlatform::DSA given X:/cpre488/Labs/MP-0/vitus/design_1_wrapper/hw/design_1_wrapper.xsa
TRACE::2026-01-31.17:34:38::SCWPlatform::DSA absoulate path X:/cpre488/Labs/MP-0/vitus/design_1_wrapper/hw/design_1_wrapper.xsa
TRACE::2026-01-31.17:34:38::SCWPlatform::DSA directory X:/cpre488/Labs/MP-0/vitus/design_1_wrapper/hw
TRACE::2026-01-31.17:34:38::SCWPlatform:: Platform Path X:/cpre488/Labs/MP-0/vitus/design_1_wrapper/hw/design_1_wrapper.xsa
TRACE::2026-01-31.17:34:38::SCWPlatform:: Unique name xilinx:zed::0.0
TRACE::2026-01-31.17:34:38::SCWPlatform::Trying to set the existing hwdb with name design_1_wrapper_0
TRACE::2026-01-31.17:34:38::SCWPlatform::Opened existing hwdb design_1_wrapper_0
TRACE::2026-01-31.17:34:38::SCWPlatform::Found the Hw Db part of the input DSA
TRACE::2026-01-31.17:34:38::SCWMssOS::Checking the sw design at  X:/cpre488/Labs/MP-0/vitus/design_1_wrapper/ps7_cortexa9_0/domain_ps7_cortexa9_0/bsp/system.mss
TRACE::2026-01-31.17:34:38::SCWMssOS::DEBUG:  swdes dump  X:/cpre488/Labs/MP-0/vitus/design_1_wrapper/zynq_fsbl/zynq_fsbl_bsp/system.mss|system||

TRACE::2026-01-31.17:34:38::SCWMssOS::No sw design opened at  X:/cpre488/Labs/MP-0/vitus/design_1_wrapper/ps7_cortexa9_0/domain_ps7_cortexa9_0/bsp/system.mss
TRACE::2026-01-31.17:34:38::SCWMssOS::mss does not exists at X:/cpre488/Labs/MP-0/vitus/design_1_wrapper/ps7_cortexa9_0/domain_ps7_cortexa9_0/bsp/system.mss
TRACE::2026-01-31.17:34:38::SCWMssOS::Creating sw design at  X:/cpre488/Labs/MP-0/vitus/design_1_wrapper/ps7_cortexa9_0/domain_ps7_cortexa9_0/bsp/system.mss
TRACE::2026-01-31.17:34:38::SCWMssOS::Adding the swdes entry, created swdb X:/cpre488/Labs/MP-0/vitus/design_1_wrapper/ps7_cortexa9_0/domain_ps7_cortexa9_0/bsp/system.mss with des name X:/cpre488/Labs/MP-0/vitus/design_1_wrapper/ps7_cortexa9_0/domain_ps7_cortexa9_0/bsp/system.mss
TRACE::2026-01-31.17:34:38::SCWMssOS::updating the scw layer changes to swdes at   X:/cpre488/Labs/MP-0/vitus/design_1_wrapper/ps7_cortexa9_0/domain_ps7_cortexa9_0/bsp/system.mss
TRACE::2026-01-31.17:34:38::SCWMssOS::Writing mss at X:/cpre488/Labs/MP-0/vitus/design_1_wrapper/ps7_cortexa9_0/domain_ps7_cortexa9_0/bsp/system.mss
TRACE::2026-01-31.17:34:38::SCWMssOS::Completed writing the mss file at X:/cpre488/Labs/MP-0/vitus/design_1_wrapper/ps7_cortexa9_0/domain_ps7_cortexa9_0/bsp
TRACE::2026-01-31.17:34:38::SCWMssOS::Picking up changes from newly written mss file into SCW Layer. 
TRACE::2026-01-31.17:34:38::SCWMssOS::Updated the changes from newly written mss file into SCW Layer. 
TRACE::2026-01-31.17:34:38::SCWMssOS::Completed writing the mss file at X:/cpre488/Labs/MP-0/vitus/design_1_wrapper/ps7_cortexa9_0/domain_ps7_cortexa9_0/bsp
TRACE::2026-01-31.17:34:38::SCWMssOS::Forcing BSP Sources regeneration.
TRACE::2026-01-31.17:34:42::SCWMssOS::Saving the mss changes X:/cpre488/Labs/MP-0/vitus/design_1_wrapper/zynq_fsbl/zynq_fsbl_bsp/system.mss
TRACE::2026-01-31.17:34:42::SCWMssOS::Found a swdesign opened with the mssfile.
TRACE::2026-01-31.17:34:42::SCWMssOS::Completed writemss as part of save.
TRACE::2026-01-31.17:34:42::SCWMssOS::Commit changes completed.
TRACE::2026-01-31.17:34:42::SCWMssOS::Saving the mss changes X:/cpre488/Labs/MP-0/vitus/design_1_wrapper/ps7_cortexa9_0/domain_ps7_cortexa9_0/bsp/system.mss
TRACE::2026-01-31.17:34:42::SCWMssOS::Found a swdesign opened with the mssfile.
TRACE::2026-01-31.17:34:42::SCWMssOS::Running validate of swdbs.
KEYINFO::2026-01-31.17:34:42::SCWMssOS::Could not open the swdb for X:/cpre488/Labs/MP-0/vitus/design_1_wrapper/ps7_cortexa9_0/domain_ps7_cortexa9_0/bsp/system.mss
KEYINFO::2026-01-31.17:34:42::SCWMssOS::Could not open the sw design at  X:/cpre488/Labs/MP-0/vitus/design_1_wrapper/ps7_cortexa9_0/domain_ps7_cortexa9_0/bsp/system.mss
ERROR: [Hsi 55-1558] Software Design X:/cpre488/Labs/MP-0/vitus/design_1_wrapper/ps7_cortexa9_0/domain_ps7_cortexa9_0/bsp/system.mss is not found

TRACE::2026-01-31.17:34:42::SCWMssOS::Cleared the swdb table entry
TRACE::2026-01-31.17:34:42::SCWMssOS::Adding the swdes entry, mss present, able to open swdb X:/cpre488/Labs/MP-0/vitus/design_1_wrapper/ps7_cortexa9_0/domain_ps7_cortexa9_0/bsp/system.mss with des name system_0
TRACE::2026-01-31.17:34:42::SCWMssOS::Writing the mss file completed X:/cpre488/Labs/MP-0/vitus/design_1_wrapper/ps7_cortexa9_0/domain_ps7_cortexa9_0/bsp/system.mss
TRACE::2026-01-31.17:34:42::SCWMssOS::Commit changes completed.
TRACE::2026-01-31.17:34:42::SCWPlatform::Trying to open the hw design at X:/cpre488/Labs/MP-0/vitus/design_1_wrapper/hw/design_1_wrapper.xsa
TRACE::2026-01-31.17:34:42::SCWPlatform::DSA given X:/cpre488/Labs/MP-0/vitus/design_1_wrapper/hw/design_1_wrapper.xsa
TRACE::2026-01-31.17:34:42::SCWPlatform::DSA absoulate path X:/cpre488/Labs/MP-0/vitus/design_1_wrapper/hw/design_1_wrapper.xsa
TRACE::2026-01-31.17:34:42::SCWPlatform::DSA directory X:/cpre488/Labs/MP-0/vitus/design_1_wrapper/hw
TRACE::2026-01-31.17:34:42::SCWPlatform:: Platform Path X:/cpre488/Labs/MP-0/vitus/design_1_wrapper/hw/design_1_wrapper.xsa
TRACE::2026-01-31.17:34:42::SCWPlatform:: Unique name xilinx:zed::0.0
TRACE::2026-01-31.17:34:42::SCWPlatform::Trying to set the existing hwdb with name design_1_wrapper_0
TRACE::2026-01-31.17:34:42::SCWPlatform::Opened existing hwdb design_1_wrapper_0
TRACE::2026-01-31.17:34:42::SCWPlatform::Found the Hw Db part of the input DSA
TRACE::2026-01-31.17:34:42::SCWMssOS::Checking the sw design at  X:/cpre488/Labs/MP-0/vitus/design_1_wrapper/zynq_fsbl/zynq_fsbl_bsp/system.mss
TRACE::2026-01-31.17:34:42::SCWMssOS::DEBUG:  swdes dump  X:/cpre488/Labs/MP-0/vitus/design_1_wrapper/ps7_cortexa9_0/domain_ps7_cortexa9_0/bsp/system.mss|system_0||
X:/cpre488/Labs/MP-0/vitus/design_1_wrapper/zynq_fsbl/zynq_fsbl_bsp/system.mss|system||

TRACE::2026-01-31.17:34:42::SCWMssOS::Sw design exists and opened at  X:/cpre488/Labs/MP-0/vitus/design_1_wrapper/zynq_fsbl/zynq_fsbl_bsp/system.mss
TRACE::2026-01-31.17:34:42::SCWPlatform::Trying to open the hw design at X:/cpre488/Labs/MP-0/vitus/design_1_wrapper/hw/design_1_wrapper.xsa
TRACE::2026-01-31.17:34:42::SCWPlatform::DSA given X:/cpre488/Labs/MP-0/vitus/design_1_wrapper/hw/design_1_wrapper.xsa
TRACE::2026-01-31.17:34:42::SCWPlatform::DSA absoulate path X:/cpre488/Labs/MP-0/vitus/design_1_wrapper/hw/design_1_wrapper.xsa
TRACE::2026-01-31.17:34:42::SCWPlatform::DSA directory X:/cpre488/Labs/MP-0/vitus/design_1_wrapper/hw
TRACE::2026-01-31.17:34:42::SCWPlatform:: Platform Path X:/cpre488/Labs/MP-0/vitus/design_1_wrapper/hw/design_1_wrapper.xsa
TRACE::2026-01-31.17:34:42::SCWPlatform:: Unique name xilinx:zed::0.0
TRACE::2026-01-31.17:34:42::SCWPlatform::Trying to set the existing hwdb with name design_1_wrapper_0
TRACE::2026-01-31.17:34:42::SCWPlatform::Opened existing hwdb design_1_wrapper_0
TRACE::2026-01-31.17:34:42::SCWPlatform::Found the Hw Db part of the input DSA
TRACE::2026-01-31.17:34:42::SCWMssOS::Checking the sw design at  X:/cpre488/Labs/MP-0/vitus/design_1_wrapper/zynq_fsbl/zynq_fsbl_bsp/system.mss
TRACE::2026-01-31.17:34:42::SCWMssOS::DEBUG:  swdes dump  X:/cpre488/Labs/MP-0/vitus/design_1_wrapper/ps7_cortexa9_0/domain_ps7_cortexa9_0/bsp/system.mss|system_0||
X:/cpre488/Labs/MP-0/vitus/design_1_wrapper/zynq_fsbl/zynq_fsbl_bsp/system.mss|system||

TRACE::2026-01-31.17:34:42::SCWMssOS::Sw design exists and opened at  X:/cpre488/Labs/MP-0/vitus/design_1_wrapper/zynq_fsbl/zynq_fsbl_bsp/system.mss
TRACE::2026-01-31.17:34:42::SCWPlatform::Trying to open the hw design at X:/cpre488/Labs/MP-0/vitus/design_1_wrapper/hw/design_1_wrapper.xsa
TRACE::2026-01-31.17:34:42::SCWPlatform::DSA given X:/cpre488/Labs/MP-0/vitus/design_1_wrapper/hw/design_1_wrapper.xsa
TRACE::2026-01-31.17:34:42::SCWPlatform::DSA absoulate path X:/cpre488/Labs/MP-0/vitus/design_1_wrapper/hw/design_1_wrapper.xsa
TRACE::2026-01-31.17:34:42::SCWPlatform::DSA directory X:/cpre488/Labs/MP-0/vitus/design_1_wrapper/hw
TRACE::2026-01-31.17:34:42::SCWPlatform:: Platform Path X:/cpre488/Labs/MP-0/vitus/design_1_wrapper/hw/design_1_wrapper.xsa
TRACE::2026-01-31.17:34:42::SCWPlatform:: Unique name xilinx:zed::0.0
TRACE::2026-01-31.17:34:42::SCWPlatform::Trying to set the existing hwdb with name design_1_wrapper_0
TRACE::2026-01-31.17:34:42::SCWPlatform::Opened existing hwdb design_1_wrapper_0
TRACE::2026-01-31.17:34:42::SCWPlatform::Found the Hw Db part of the input DSA
TRACE::2026-01-31.17:34:42::SCWMssOS::Checking the sw design at  X:/cpre488/Labs/MP-0/vitus/design_1_wrapper/zynq_fsbl/zynq_fsbl_bsp/system.mss
TRACE::2026-01-31.17:34:42::SCWMssOS::DEBUG:  swdes dump  X:/cpre488/Labs/MP-0/vitus/design_1_wrapper/ps7_cortexa9_0/domain_ps7_cortexa9_0/bsp/system.mss|system_0||
X:/cpre488/Labs/MP-0/vitus/design_1_wrapper/zynq_fsbl/zynq_fsbl_bsp/system.mss|system||

TRACE::2026-01-31.17:34:42::SCWMssOS::Sw design exists and opened at  X:/cpre488/Labs/MP-0/vitus/design_1_wrapper/zynq_fsbl/zynq_fsbl_bsp/system.mss
TRACE::2026-01-31.17:34:42::SCWPlatform::Trying to open the hw design at X:/cpre488/Labs/MP-0/vitus/design_1_wrapper/hw/design_1_wrapper.xsa
TRACE::2026-01-31.17:34:42::SCWPlatform::DSA given X:/cpre488/Labs/MP-0/vitus/design_1_wrapper/hw/design_1_wrapper.xsa
TRACE::2026-01-31.17:34:42::SCWPlatform::DSA absoulate path X:/cpre488/Labs/MP-0/vitus/design_1_wrapper/hw/design_1_wrapper.xsa
TRACE::2026-01-31.17:34:42::SCWPlatform::DSA directory X:/cpre488/Labs/MP-0/vitus/design_1_wrapper/hw
TRACE::2026-01-31.17:34:42::SCWPlatform:: Platform Path X:/cpre488/Labs/MP-0/vitus/design_1_wrapper/hw/design_1_wrapper.xsa
TRACE::2026-01-31.17:34:42::SCWPlatform:: Unique name xilinx:zed::0.0
TRACE::2026-01-31.17:34:42::SCWPlatform::Trying to set the existing hwdb with name design_1_wrapper_0
TRACE::2026-01-31.17:34:42::SCWPlatform::Opened existing hwdb design_1_wrapper_0
TRACE::2026-01-31.17:34:42::SCWPlatform::Found the Hw Db part of the input DSA
TRACE::2026-01-31.17:34:42::SCWMssOS::Checking the sw design at  X:/cpre488/Labs/MP-0/vitus/design_1_wrapper/ps7_cortexa9_0/domain_ps7_cortexa9_0/bsp/system.mss
TRACE::2026-01-31.17:34:42::SCWMssOS::DEBUG:  swdes dump  X:/cpre488/Labs/MP-0/vitus/design_1_wrapper/ps7_cortexa9_0/domain_ps7_cortexa9_0/bsp/system.mss|system_0||
X:/cpre488/Labs/MP-0/vitus/design_1_wrapper/zynq_fsbl/zynq_fsbl_bsp/system.mss|system||

TRACE::2026-01-31.17:34:42::SCWMssOS::Sw design exists and opened at  X:/cpre488/Labs/MP-0/vitus/design_1_wrapper/ps7_cortexa9_0/domain_ps7_cortexa9_0/bsp/system.mss
TRACE::2026-01-31.17:34:42::SCWPlatform::Trying to open the hw design at X:/cpre488/Labs/MP-0/vitus/design_1_wrapper/hw/design_1_wrapper.xsa
TRACE::2026-01-31.17:34:42::SCWPlatform::DSA given X:/cpre488/Labs/MP-0/vitus/design_1_wrapper/hw/design_1_wrapper.xsa
TRACE::2026-01-31.17:34:42::SCWPlatform::DSA absoulate path X:/cpre488/Labs/MP-0/vitus/design_1_wrapper/hw/design_1_wrapper.xsa
TRACE::2026-01-31.17:34:42::SCWPlatform::DSA directory X:/cpre488/Labs/MP-0/vitus/design_1_wrapper/hw
TRACE::2026-01-31.17:34:42::SCWPlatform:: Platform Path X:/cpre488/Labs/MP-0/vitus/design_1_wrapper/hw/design_1_wrapper.xsa
TRACE::2026-01-31.17:34:42::SCWPlatform:: Unique name xilinx:zed::0.0
TRACE::2026-01-31.17:34:42::SCWPlatform::Trying to set the existing hwdb with name design_1_wrapper_0
TRACE::2026-01-31.17:34:42::SCWPlatform::Opened existing hwdb design_1_wrapper_0
TRACE::2026-01-31.17:34:42::SCWPlatform::Found the Hw Db part of the input DSA
TRACE::2026-01-31.17:34:42::SCWMssOS::Checking the sw design at  X:/cpre488/Labs/MP-0/vitus/design_1_wrapper/ps7_cortexa9_0/domain_ps7_cortexa9_0/bsp/system.mss
TRACE::2026-01-31.17:34:42::SCWMssOS::DEBUG:  swdes dump  X:/cpre488/Labs/MP-0/vitus/design_1_wrapper/ps7_cortexa9_0/domain_ps7_cortexa9_0/bsp/system.mss|system_0||
X:/cpre488/Labs/MP-0/vitus/design_1_wrapper/zynq_fsbl/zynq_fsbl_bsp/system.mss|system||

TRACE::2026-01-31.17:34:42::SCWMssOS::Sw design exists and opened at  X:/cpre488/Labs/MP-0/vitus/design_1_wrapper/ps7_cortexa9_0/domain_ps7_cortexa9_0/bsp/system.mss
TRACE::2026-01-31.17:34:42::SCWPlatform::Trying to open the hw design at X:/cpre488/Labs/MP-0/vitus/design_1_wrapper/hw/design_1_wrapper.xsa
TRACE::2026-01-31.17:34:42::SCWPlatform::DSA given X:/cpre488/Labs/MP-0/vitus/design_1_wrapper/hw/design_1_wrapper.xsa
TRACE::2026-01-31.17:34:42::SCWPlatform::DSA absoulate path X:/cpre488/Labs/MP-0/vitus/design_1_wrapper/hw/design_1_wrapper.xsa
TRACE::2026-01-31.17:34:42::SCWPlatform::DSA directory X:/cpre488/Labs/MP-0/vitus/design_1_wrapper/hw
TRACE::2026-01-31.17:34:42::SCWPlatform:: Platform Path X:/cpre488/Labs/MP-0/vitus/design_1_wrapper/hw/design_1_wrapper.xsa
TRACE::2026-01-31.17:34:42::SCWPlatform:: Unique name xilinx:zed::0.0
TRACE::2026-01-31.17:34:42::SCWPlatform::Trying to set the existing hwdb with name design_1_wrapper_0
TRACE::2026-01-31.17:34:42::SCWPlatform::Opened existing hwdb design_1_wrapper_0
TRACE::2026-01-31.17:34:42::SCWPlatform::Found the Hw Db part of the input DSA
TRACE::2026-01-31.17:34:42::SCWMssOS::Checking the sw design at  X:/cpre488/Labs/MP-0/vitus/design_1_wrapper/ps7_cortexa9_0/domain_ps7_cortexa9_0/bsp/system.mss
TRACE::2026-01-31.17:34:42::SCWMssOS::DEBUG:  swdes dump  X:/cpre488/Labs/MP-0/vitus/design_1_wrapper/ps7_cortexa9_0/domain_ps7_cortexa9_0/bsp/system.mss|system_0||
X:/cpre488/Labs/MP-0/vitus/design_1_wrapper/zynq_fsbl/zynq_fsbl_bsp/system.mss|system||

TRACE::2026-01-31.17:34:42::SCWMssOS::Sw design exists and opened at  X:/cpre488/Labs/MP-0/vitus/design_1_wrapper/ps7_cortexa9_0/domain_ps7_cortexa9_0/bsp/system.mss
TRACE::2026-01-31.17:34:42::SCWWriter::formatted JSON is {
	"platformName":	"design_1_wrapper",
	"sprVersion":	"2.0",
	"mode":	"gui",
	"dsaType":	"Fixed",
	"platformDesc":	"design_1_wrapper",
	"platHandOff":	"X:/cpre488/Labs/MP-0/MP0_round2/design_1_wrapper.xsa",
	"platIntHandOff":	"<platformDir>/hw/design_1_wrapper.xsa",
	"deviceType":	"zynq",
	"platIsPrebuiltAutogen":	"false",
	"platIsNoBootBsp":	"false",
	"platFsblTarget":	"ps7_cortexa9_0",
	"hasFsblMakeHasChanges":	"false",
	"hasPmufwMakeHasChanges":	"false",
	"fsblExtraCompilerFlags":	"-MMD -MP       -mcpu=cortex-a9 -mfpu=vfpv3 -mfloat-abi=hard ",
	"platPreBuiltFlag":	false,
	"platformSamplesDir":	"",
	"platActiveSys":	"design_1_wrapper",
	"systems":	[{
			"systemName":	"design_1_wrapper",
			"systemDesc":	"design_1_wrapper",
			"sysIsBootAutoGen":	"true",
			"systemDispName":	"design_1_wrapper",
			"sysActiveDom":	"domain_ps7_cortexa9_0",
			"sysDefaultDom":	"domain_ps7_cortexa9_0",
			"domains":	[{
					"domainName":	"zynq_fsbl",
					"domainDispName":	"zynq_fsbl",
					"domainDesc":	"FSBL Application BSP - Auto Generated.",
					"processors":	"ps7_cortexa9_0",
					"os":	"standalone",
					"sdxOs":	"standalone",
					"debugEnable":	"",
					"domRuntimes":	["cpp"],
					"swRepo":	"",
					"mssOsVer":	"7.2",
					"mssFile":	"",
					"md5Digest":	"d2d420d87bcfafaa761d1aba64f21ae8",
					"compatibleApp":	"zynq_fsbl",
					"domType":	"bootDomain",
					"arch":	"32-bit",
					"appSettings":	{
						"appCompilerFlags":	"",
						"appLinkerFlags":	""
					},
					"addedLibs":	["xilffs:4.3", "xilrsa:1.6"],
					"libOptions":	{
						"libsContainingOptions":	[]
					},
					"prebuiltLibs":	{
						"prebuiltIncPath":	[],
						"prebuiltLibPath":	[]
					},
					"isolation":	{
					}
				}, {
					"domainName":	"domain_ps7_cortexa9_0",
					"domainDispName":	"domain_ps7_cortexa9_0",
					"domainDesc":	"domain_ps7_cortexa9_0",
					"processors":	"ps7_cortexa9_0",
					"os":	"standalone",
					"sdxOs":	"standalone",
					"qemuArgs":	"C:/Xilinx/Vitis/2020.1/data/emulation/platforms/zynq/qemu/qemu_args.txt",
					"qemuData":	"C:/Xilinx/Vitis/2020.1/data/emulation/platforms/zynq/qemu/",
					"debugEnable":	"False",
					"domRuntimes":	["cpp"],
					"swRepo":	"",
					"mssOsVer":	"7.2",
					"mssFile":	"",
					"md5Digest":	"0103012646b99f26b289ff154d95cad8",
					"compatibleApp":	"hello_world",
					"domType":	"mssDomain",
					"arch":	"32-bit",
					"appSettings":	{
						"appCompilerFlags":	"",
						"appLinkerFlags":	""
					},
					"addedLibs":	[],
					"libOptions":	{
						"libsContainingOptions":	[]
					},
					"prebuiltLibs":	{
						"prebuiltIncPath":	[],
						"prebuiltLibPath":	[]
					},
					"isolation":	{
					}
				}]
		}]
}
LOG::2026-01-31.17:34:42::SCWPlatform::Started generating the artifacts platform design_1_wrapper
TRACE::2026-01-31.17:34:42::SCWPlatform::Sanity checking of platform is completed
LOG::2026-01-31.17:34:42::SCWPlatform::Started generating the artifacts for system configuration design_1_wrapper
LOG::2026-01-31.17:34:42::SCWSystem::Checking the domain zynq_fsbl
LOG::2026-01-31.17:34:42::SCWSystem::Doing application build for :  zynq_fsbl
TRACE::2026-01-31.17:34:42::SCWBDomain::Not a forced makefile updation, No changes are present. 
TRACE::2026-01-31.17:34:42::SCWDomain::Skipping the build for domain :  zynq_fsbl
LOG::2026-01-31.17:34:42::SCWSystem::Checking the domain domain_ps7_cortexa9_0
LOG::2026-01-31.17:34:42::SCWSystem::Not a boot domain 
LOG::2026-01-31.17:34:42::SCWSystem::Started Processing the domain domain_ps7_cortexa9_0
TRACE::2026-01-31.17:34:42::SCWDomain::Generating domain artifcats
TRACE::2026-01-31.17:34:42::SCWMssOS::Generating standalone artifcats
TRACE::2026-01-31.17:34:42::SCWMssOS::Copying the qemu file from  C:/Xilinx/Vitis/2020.1/data/emulation/platforms/zynq/qemu/qemu_args.txt To X:/cpre488/Labs/MP-0/vitus/design_1_wrapper/export/design_1_wrapper/sw/design_1_wrapper/qemu/
TRACE::2026-01-31.17:34:42::SCWMssOS::Copying the qemu file from  C:/Xilinx/Vitis/2020.1/data/emulation/platforms/zynq/qemu/qemu_args.txt To X:/cpre488/Labs/MP-0/vitus/design_1_wrapper/export/design_1_wrapper/sw/design_1_wrapper/domain_ps7_cortexa9_0/qemu/
TRACE::2026-01-31.17:34:42::SCWMssOS:: Copying the user libraries. 
TRACE::2026-01-31.17:34:42::SCWPlatform::Trying to open the hw design at X:/cpre488/Labs/MP-0/vitus/design_1_wrapper/hw/design_1_wrapper.xsa
TRACE::2026-01-31.17:34:42::SCWPlatform::DSA given X:/cpre488/Labs/MP-0/vitus/design_1_wrapper/hw/design_1_wrapper.xsa
TRACE::2026-01-31.17:34:42::SCWPlatform::DSA absoulate path X:/cpre488/Labs/MP-0/vitus/design_1_wrapper/hw/design_1_wrapper.xsa
TRACE::2026-01-31.17:34:42::SCWPlatform::DSA directory X:/cpre488/Labs/MP-0/vitus/design_1_wrapper/hw
TRACE::2026-01-31.17:34:42::SCWPlatform:: Platform Path X:/cpre488/Labs/MP-0/vitus/design_1_wrapper/hw/design_1_wrapper.xsa
TRACE::2026-01-31.17:34:42::SCWPlatform:: Unique name xilinx:zed::0.0
TRACE::2026-01-31.17:34:42::SCWPlatform::Trying to set the existing hwdb with name design_1_wrapper_0
TRACE::2026-01-31.17:34:42::SCWPlatform::Opened existing hwdb design_1_wrapper_0
TRACE::2026-01-31.17:34:42::SCWPlatform::Found the Hw Db part of the input DSA
TRACE::2026-01-31.17:34:42::SCWMssOS::Checking the sw design at  X:/cpre488/Labs/MP-0/vitus/design_1_wrapper/ps7_cortexa9_0/domain_ps7_cortexa9_0/bsp/system.mss
TRACE::2026-01-31.17:34:42::SCWMssOS::DEBUG:  swdes dump  X:/cpre488/Labs/MP-0/vitus/design_1_wrapper/ps7_cortexa9_0/domain_ps7_cortexa9_0/bsp/system.mss|system_0||
X:/cpre488/Labs/MP-0/vitus/design_1_wrapper/zynq_fsbl/zynq_fsbl_bsp/system.mss|system||

TRACE::2026-01-31.17:34:42::SCWMssOS::Sw design exists and opened at  X:/cpre488/Labs/MP-0/vitus/design_1_wrapper/ps7_cortexa9_0/domain_ps7_cortexa9_0/bsp/system.mss
TRACE::2026-01-31.17:34:42::SCWMssOS::Completed writing the mss file at X:/cpre488/Labs/MP-0/vitus/design_1_wrapper/ps7_cortexa9_0/domain_ps7_cortexa9_0/bsp
TRACE::2026-01-31.17:34:42::SCWMssOS::Mss edits present, copying mssfile into export location X:/cpre488/Labs/MP-0/vitus/design_1_wrapper/ps7_cortexa9_0/domain_ps7_cortexa9_0/bsp/system.mss
TRACE::2026-01-31.17:34:42::SCWMssOS::bsp generated is upto date with the mss file. Skipping bsp generation.
TRACE::2026-01-31.17:34:42::SCWMssOS::BSP is already built. skipping the bsp build ... 
TRACE::2026-01-31.17:34:42::SCWDomain::Skipping the build for domain :  domain_ps7_cortexa9_0
TRACE::2026-01-31.17:34:42::SCWMssOS::skipping the bsp build ... 
TRACE::2026-01-31.17:34:42::SCWMssOS::Copying to export directory.
TRACE::2026-01-31.17:34:42::SCWMssOS:: Checking if to create the Supporting Applications
TRACE::2026-01-31.17:34:42::SCWMssOS:: No Linux domain exists, trying to generate FSBL 
TRACE::2026-01-31.17:34:42::SCWMssOS:: Completed Standalone Artifacts creation 
LOG::2026-01-31.17:34:42::SCWSystem::Completed Processing the domain domain_ps7_cortexa9_0
LOG::2026-01-31.17:34:42::SCWSystem::Completed Processing the sysconfig design_1_wrapper
LOG::2026-01-31.17:34:42::SCWPlatform::Completed generating the artifacts for system configuration design_1_wrapper
TRACE::2026-01-31.17:34:42::SCWPlatform::Started preparing the platform 
TRACE::2026-01-31.17:34:42::SCWSystem::Writing the bif file for system config design_1_wrapper
TRACE::2026-01-31.17:34:42::SCWSystem::dir created 
TRACE::2026-01-31.17:34:42::SCWSystem::Writing the bif 
TRACE::2026-01-31.17:34:42::SCWPlatform::Started writing the spfm file 
TRACE::2026-01-31.17:34:42::SCWPlatform::Started writing the xpfm file 
TRACE::2026-01-31.17:34:42::SCWPlatform::Completed generating the platform
TRACE::2026-01-31.17:34:42::SCWMssOS::Saving the mss changes X:/cpre488/Labs/MP-0/vitus/design_1_wrapper/zynq_fsbl/zynq_fsbl_bsp/system.mss
TRACE::2026-01-31.17:34:42::SCWMssOS::Found a swdesign opened with the mssfile.
TRACE::2026-01-31.17:34:42::SCWMssOS::Completed writemss as part of save.
TRACE::2026-01-31.17:34:42::SCWMssOS::Commit changes completed.
TRACE::2026-01-31.17:34:42::SCWMssOS::Saving the mss changes X:/cpre488/Labs/MP-0/vitus/design_1_wrapper/ps7_cortexa9_0/domain_ps7_cortexa9_0/bsp/system.mss
TRACE::2026-01-31.17:34:42::SCWMssOS::Found a swdesign opened with the mssfile.
TRACE::2026-01-31.17:34:42::SCWMssOS::Completed writemss as part of save.
TRACE::2026-01-31.17:34:42::SCWMssOS::Commit changes completed.
TRACE::2026-01-31.17:34:42::SCWPlatform::Trying to open the hw design at X:/cpre488/Labs/MP-0/vitus/design_1_wrapper/hw/design_1_wrapper.xsa
TRACE::2026-01-31.17:34:42::SCWPlatform::DSA given X:/cpre488/Labs/MP-0/vitus/design_1_wrapper/hw/design_1_wrapper.xsa
TRACE::2026-01-31.17:34:42::SCWPlatform::DSA absoulate path X:/cpre488/Labs/MP-0/vitus/design_1_wrapper/hw/design_1_wrapper.xsa
TRACE::2026-01-31.17:34:42::SCWPlatform::DSA directory X:/cpre488/Labs/MP-0/vitus/design_1_wrapper/hw
TRACE::2026-01-31.17:34:42::SCWPlatform:: Platform Path X:/cpre488/Labs/MP-0/vitus/design_1_wrapper/hw/design_1_wrapper.xsa
TRACE::2026-01-31.17:34:42::SCWPlatform:: Unique name xilinx:zed::0.0
TRACE::2026-01-31.17:34:42::SCWPlatform::Trying to set the existing hwdb with name design_1_wrapper_0
TRACE::2026-01-31.17:34:42::SCWPlatform::Opened existing hwdb design_1_wrapper_0
TRACE::2026-01-31.17:34:42::SCWPlatform::Found the Hw Db part of the input DSA
TRACE::2026-01-31.17:34:42::SCWMssOS::Checking the sw design at  X:/cpre488/Labs/MP-0/vitus/design_1_wrapper/zynq_fsbl/zynq_fsbl_bsp/system.mss
TRACE::2026-01-31.17:34:42::SCWMssOS::DEBUG:  swdes dump  X:/cpre488/Labs/MP-0/vitus/design_1_wrapper/ps7_cortexa9_0/domain_ps7_cortexa9_0/bsp/system.mss|system_0||
X:/cpre488/Labs/MP-0/vitus/design_1_wrapper/zynq_fsbl/zynq_fsbl_bsp/system.mss|system||

TRACE::2026-01-31.17:34:42::SCWMssOS::Sw design exists and opened at  X:/cpre488/Labs/MP-0/vitus/design_1_wrapper/zynq_fsbl/zynq_fsbl_bsp/system.mss
TRACE::2026-01-31.17:34:42::SCWPlatform::Trying to open the hw design at X:/cpre488/Labs/MP-0/vitus/design_1_wrapper/hw/design_1_wrapper.xsa
TRACE::2026-01-31.17:34:42::SCWPlatform::DSA given X:/cpre488/Labs/MP-0/vitus/design_1_wrapper/hw/design_1_wrapper.xsa
TRACE::2026-01-31.17:34:42::SCWPlatform::DSA absoulate path X:/cpre488/Labs/MP-0/vitus/design_1_wrapper/hw/design_1_wrapper.xsa
TRACE::2026-01-31.17:34:42::SCWPlatform::DSA directory X:/cpre488/Labs/MP-0/vitus/design_1_wrapper/hw
TRACE::2026-01-31.17:34:42::SCWPlatform:: Platform Path X:/cpre488/Labs/MP-0/vitus/design_1_wrapper/hw/design_1_wrapper.xsa
TRACE::2026-01-31.17:34:42::SCWPlatform:: Unique name xilinx:zed::0.0
TRACE::2026-01-31.17:34:42::SCWPlatform::Trying to set the existing hwdb with name design_1_wrapper_0
TRACE::2026-01-31.17:34:42::SCWPlatform::Opened existing hwdb design_1_wrapper_0
TRACE::2026-01-31.17:34:42::SCWPlatform::Found the Hw Db part of the input DSA
TRACE::2026-01-31.17:34:42::SCWMssOS::Checking the sw design at  X:/cpre488/Labs/MP-0/vitus/design_1_wrapper/zynq_fsbl/zynq_fsbl_bsp/system.mss
TRACE::2026-01-31.17:34:42::SCWMssOS::DEBUG:  swdes dump  X:/cpre488/Labs/MP-0/vitus/design_1_wrapper/ps7_cortexa9_0/domain_ps7_cortexa9_0/bsp/system.mss|system_0||
X:/cpre488/Labs/MP-0/vitus/design_1_wrapper/zynq_fsbl/zynq_fsbl_bsp/system.mss|system||

TRACE::2026-01-31.17:34:42::SCWMssOS::Sw design exists and opened at  X:/cpre488/Labs/MP-0/vitus/design_1_wrapper/zynq_fsbl/zynq_fsbl_bsp/system.mss
TRACE::2026-01-31.17:34:42::SCWPlatform::Trying to open the hw design at X:/cpre488/Labs/MP-0/vitus/design_1_wrapper/hw/design_1_wrapper.xsa
TRACE::2026-01-31.17:34:42::SCWPlatform::DSA given X:/cpre488/Labs/MP-0/vitus/design_1_wrapper/hw/design_1_wrapper.xsa
TRACE::2026-01-31.17:34:42::SCWPlatform::DSA absoulate path X:/cpre488/Labs/MP-0/vitus/design_1_wrapper/hw/design_1_wrapper.xsa
TRACE::2026-01-31.17:34:42::SCWPlatform::DSA directory X:/cpre488/Labs/MP-0/vitus/design_1_wrapper/hw
TRACE::2026-01-31.17:34:42::SCWPlatform:: Platform Path X:/cpre488/Labs/MP-0/vitus/design_1_wrapper/hw/design_1_wrapper.xsa
TRACE::2026-01-31.17:34:42::SCWPlatform:: Unique name xilinx:zed::0.0
TRACE::2026-01-31.17:34:42::SCWPlatform::Trying to set the existing hwdb with name design_1_wrapper_0
TRACE::2026-01-31.17:34:42::SCWPlatform::Opened existing hwdb design_1_wrapper_0
TRACE::2026-01-31.17:34:42::SCWPlatform::Found the Hw Db part of the input DSA
TRACE::2026-01-31.17:34:42::SCWMssOS::Checking the sw design at  X:/cpre488/Labs/MP-0/vitus/design_1_wrapper/zynq_fsbl/zynq_fsbl_bsp/system.mss
TRACE::2026-01-31.17:34:42::SCWMssOS::DEBUG:  swdes dump  X:/cpre488/Labs/MP-0/vitus/design_1_wrapper/ps7_cortexa9_0/domain_ps7_cortexa9_0/bsp/system.mss|system_0||
X:/cpre488/Labs/MP-0/vitus/design_1_wrapper/zynq_fsbl/zynq_fsbl_bsp/system.mss|system||

TRACE::2026-01-31.17:34:42::SCWMssOS::Sw design exists and opened at  X:/cpre488/Labs/MP-0/vitus/design_1_wrapper/zynq_fsbl/zynq_fsbl_bsp/system.mss
TRACE::2026-01-31.17:34:42::SCWPlatform::Trying to open the hw design at X:/cpre488/Labs/MP-0/vitus/design_1_wrapper/hw/design_1_wrapper.xsa
TRACE::2026-01-31.17:34:42::SCWPlatform::DSA given X:/cpre488/Labs/MP-0/vitus/design_1_wrapper/hw/design_1_wrapper.xsa
TRACE::2026-01-31.17:34:42::SCWPlatform::DSA absoulate path X:/cpre488/Labs/MP-0/vitus/design_1_wrapper/hw/design_1_wrapper.xsa
TRACE::2026-01-31.17:34:42::SCWPlatform::DSA directory X:/cpre488/Labs/MP-0/vitus/design_1_wrapper/hw
TRACE::2026-01-31.17:34:42::SCWPlatform:: Platform Path X:/cpre488/Labs/MP-0/vitus/design_1_wrapper/hw/design_1_wrapper.xsa
TRACE::2026-01-31.17:34:42::SCWPlatform:: Unique name xilinx:zed::0.0
TRACE::2026-01-31.17:34:42::SCWPlatform::Trying to set the existing hwdb with name design_1_wrapper_0
TRACE::2026-01-31.17:34:42::SCWPlatform::Opened existing hwdb design_1_wrapper_0
TRACE::2026-01-31.17:34:42::SCWPlatform::Found the Hw Db part of the input DSA
TRACE::2026-01-31.17:34:42::SCWMssOS::Checking the sw design at  X:/cpre488/Labs/MP-0/vitus/design_1_wrapper/ps7_cortexa9_0/domain_ps7_cortexa9_0/bsp/system.mss
TRACE::2026-01-31.17:34:42::SCWMssOS::DEBUG:  swdes dump  X:/cpre488/Labs/MP-0/vitus/design_1_wrapper/ps7_cortexa9_0/domain_ps7_cortexa9_0/bsp/system.mss|system_0||
X:/cpre488/Labs/MP-0/vitus/design_1_wrapper/zynq_fsbl/zynq_fsbl_bsp/system.mss|system||

TRACE::2026-01-31.17:34:42::SCWMssOS::Sw design exists and opened at  X:/cpre488/Labs/MP-0/vitus/design_1_wrapper/ps7_cortexa9_0/domain_ps7_cortexa9_0/bsp/system.mss
TRACE::2026-01-31.17:34:42::SCWPlatform::Trying to open the hw design at X:/cpre488/Labs/MP-0/vitus/design_1_wrapper/hw/design_1_wrapper.xsa
TRACE::2026-01-31.17:34:42::SCWPlatform::DSA given X:/cpre488/Labs/MP-0/vitus/design_1_wrapper/hw/design_1_wrapper.xsa
TRACE::2026-01-31.17:34:42::SCWPlatform::DSA absoulate path X:/cpre488/Labs/MP-0/vitus/design_1_wrapper/hw/design_1_wrapper.xsa
TRACE::2026-01-31.17:34:42::SCWPlatform::DSA directory X:/cpre488/Labs/MP-0/vitus/design_1_wrapper/hw
TRACE::2026-01-31.17:34:42::SCWPlatform:: Platform Path X:/cpre488/Labs/MP-0/vitus/design_1_wrapper/hw/design_1_wrapper.xsa
TRACE::2026-01-31.17:34:42::SCWPlatform:: Unique name xilinx:zed::0.0
TRACE::2026-01-31.17:34:42::SCWPlatform::Trying to set the existing hwdb with name design_1_wrapper_0
TRACE::2026-01-31.17:34:42::SCWPlatform::Opened existing hwdb design_1_wrapper_0
TRACE::2026-01-31.17:34:42::SCWPlatform::Found the Hw Db part of the input DSA
TRACE::2026-01-31.17:34:42::SCWMssOS::Checking the sw design at  X:/cpre488/Labs/MP-0/vitus/design_1_wrapper/ps7_cortexa9_0/domain_ps7_cortexa9_0/bsp/system.mss
TRACE::2026-01-31.17:34:42::SCWMssOS::DEBUG:  swdes dump  X:/cpre488/Labs/MP-0/vitus/design_1_wrapper/ps7_cortexa9_0/domain_ps7_cortexa9_0/bsp/system.mss|system_0||
X:/cpre488/Labs/MP-0/vitus/design_1_wrapper/zynq_fsbl/zynq_fsbl_bsp/system.mss|system||

TRACE::2026-01-31.17:34:42::SCWMssOS::Sw design exists and opened at  X:/cpre488/Labs/MP-0/vitus/design_1_wrapper/ps7_cortexa9_0/domain_ps7_cortexa9_0/bsp/system.mss
TRACE::2026-01-31.17:34:42::SCWPlatform::Trying to open the hw design at X:/cpre488/Labs/MP-0/vitus/design_1_wrapper/hw/design_1_wrapper.xsa
TRACE::2026-01-31.17:34:42::SCWPlatform::DSA given X:/cpre488/Labs/MP-0/vitus/design_1_wrapper/hw/design_1_wrapper.xsa
TRACE::2026-01-31.17:34:42::SCWPlatform::DSA absoulate path X:/cpre488/Labs/MP-0/vitus/design_1_wrapper/hw/design_1_wrapper.xsa
TRACE::2026-01-31.17:34:42::SCWPlatform::DSA directory X:/cpre488/Labs/MP-0/vitus/design_1_wrapper/hw
TRACE::2026-01-31.17:34:42::SCWPlatform:: Platform Path X:/cpre488/Labs/MP-0/vitus/design_1_wrapper/hw/design_1_wrapper.xsa
TRACE::2026-01-31.17:34:42::SCWPlatform:: Unique name xilinx:zed::0.0
TRACE::2026-01-31.17:34:42::SCWPlatform::Trying to set the existing hwdb with name design_1_wrapper_0
TRACE::2026-01-31.17:34:42::SCWPlatform::Opened existing hwdb design_1_wrapper_0
TRACE::2026-01-31.17:34:42::SCWPlatform::Found the Hw Db part of the input DSA
TRACE::2026-01-31.17:34:42::SCWMssOS::Checking the sw design at  X:/cpre488/Labs/MP-0/vitus/design_1_wrapper/ps7_cortexa9_0/domain_ps7_cortexa9_0/bsp/system.mss
TRACE::2026-01-31.17:34:42::SCWMssOS::DEBUG:  swdes dump  X:/cpre488/Labs/MP-0/vitus/design_1_wrapper/ps7_cortexa9_0/domain_ps7_cortexa9_0/bsp/system.mss|system_0||
X:/cpre488/Labs/MP-0/vitus/design_1_wrapper/zynq_fsbl/zynq_fsbl_bsp/system.mss|system||

TRACE::2026-01-31.17:34:42::SCWMssOS::Sw design exists and opened at  X:/cpre488/Labs/MP-0/vitus/design_1_wrapper/ps7_cortexa9_0/domain_ps7_cortexa9_0/bsp/system.mss
TRACE::2026-01-31.17:34:42::SCWWriter::formatted JSON is {
	"platformName":	"design_1_wrapper",
	"sprVersion":	"2.0",
	"mode":	"gui",
	"dsaType":	"Fixed",
	"platformDesc":	"design_1_wrapper",
	"platHandOff":	"X:/cpre488/Labs/MP-0/MP0_round2/design_1_wrapper.xsa",
	"platIntHandOff":	"<platformDir>/hw/design_1_wrapper.xsa",
	"deviceType":	"zynq",
	"platIsPrebuiltAutogen":	"false",
	"platIsNoBootBsp":	"false",
	"platFsblTarget":	"ps7_cortexa9_0",
	"hasFsblMakeHasChanges":	"false",
	"hasPmufwMakeHasChanges":	"false",
	"fsblExtraCompilerFlags":	"-MMD -MP       -mcpu=cortex-a9 -mfpu=vfpv3 -mfloat-abi=hard ",
	"platPreBuiltFlag":	false,
	"platformSamplesDir":	"",
	"platActiveSys":	"design_1_wrapper",
	"systems":	[{
			"systemName":	"design_1_wrapper",
			"systemDesc":	"design_1_wrapper",
			"sysIsBootAutoGen":	"true",
			"systemDispName":	"design_1_wrapper",
			"sysActiveDom":	"domain_ps7_cortexa9_0",
			"sysDefaultDom":	"domain_ps7_cortexa9_0",
			"domains":	[{
					"domainName":	"zynq_fsbl",
					"domainDispName":	"zynq_fsbl",
					"domainDesc":	"FSBL Application BSP - Auto Generated.",
					"processors":	"ps7_cortexa9_0",
					"os":	"standalone",
					"sdxOs":	"standalone",
					"debugEnable":	"",
					"domRuntimes":	["cpp"],
					"swRepo":	"",
					"mssOsVer":	"7.2",
					"mssFile":	"",
					"md5Digest":	"d2d420d87bcfafaa761d1aba64f21ae8",
					"compatibleApp":	"zynq_fsbl",
					"domType":	"bootDomain",
					"arch":	"32-bit",
					"appSettings":	{
						"appCompilerFlags":	"",
						"appLinkerFlags":	""
					},
					"addedLibs":	["xilffs:4.3", "xilrsa:1.6"],
					"libOptions":	{
						"libsContainingOptions":	[]
					},
					"prebuiltLibs":	{
						"prebuiltIncPath":	[],
						"prebuiltLibPath":	[]
					},
					"isolation":	{
					}
				}, {
					"domainName":	"domain_ps7_cortexa9_0",
					"domainDispName":	"domain_ps7_cortexa9_0",
					"domainDesc":	"domain_ps7_cortexa9_0",
					"processors":	"ps7_cortexa9_0",
					"os":	"standalone",
					"sdxOs":	"standalone",
					"qemuArgs":	"C:/Xilinx/Vitis/2020.1/data/emulation/platforms/zynq/qemu/qemu_args.txt",
					"qemuData":	"C:/Xilinx/Vitis/2020.1/data/emulation/platforms/zynq/qemu/",
					"debugEnable":	"False",
					"domRuntimes":	["cpp"],
					"swRepo":	"",
					"mssOsVer":	"7.2",
					"mssFile":	"",
					"md5Digest":	"0103012646b99f26b289ff154d95cad8",
					"compatibleApp":	"hello_world",
					"domType":	"mssDomain",
					"arch":	"32-bit",
					"appSettings":	{
						"appCompilerFlags":	"",
						"appLinkerFlags":	""
					},
					"addedLibs":	[],
					"libOptions":	{
						"libsContainingOptions":	[]
					},
					"prebuiltLibs":	{
						"prebuiltIncPath":	[],
						"prebuiltLibPath":	[]
					},
					"isolation":	{
					}
				}]
		}]
}
KEYINFO::2026-01-31.17:34:42::SCWPlatform::updated the xpfm file.
TRACE::2026-01-31.17:34:42::SCWPlatform::Trying to open the hw design at X:/cpre488/Labs/MP-0/vitus/design_1_wrapper/hw/design_1_wrapper.xsa
TRACE::2026-01-31.17:34:42::SCWPlatform::DSA given X:/cpre488/Labs/MP-0/vitus/design_1_wrapper/hw/design_1_wrapper.xsa
TRACE::2026-01-31.17:34:42::SCWPlatform::DSA absoulate path X:/cpre488/Labs/MP-0/vitus/design_1_wrapper/hw/design_1_wrapper.xsa
TRACE::2026-01-31.17:34:42::SCWPlatform::DSA directory X:/cpre488/Labs/MP-0/vitus/design_1_wrapper/hw
TRACE::2026-01-31.17:34:42::SCWPlatform:: Platform Path X:/cpre488/Labs/MP-0/vitus/design_1_wrapper/hw/design_1_wrapper.xsa
TRACE::2026-01-31.17:34:42::SCWPlatform:: Unique name xilinx:zed::0.0
TRACE::2026-01-31.17:34:42::SCWPlatform::Trying to set the existing hwdb with name design_1_wrapper_0
TRACE::2026-01-31.17:34:42::SCWPlatform::Opened existing hwdb design_1_wrapper_0
TRACE::2026-01-31.17:34:42::SCWPlatform::Found the Hw Db part of the input DSA
TRACE::2026-01-31.17:34:42::SCWMssOS::Checking the sw design at  X:/cpre488/Labs/MP-0/vitus/design_1_wrapper/ps7_cortexa9_0/domain_ps7_cortexa9_0/bsp/system.mss
TRACE::2026-01-31.17:34:42::SCWMssOS::DEBUG:  swdes dump  X:/cpre488/Labs/MP-0/vitus/design_1_wrapper/ps7_cortexa9_0/domain_ps7_cortexa9_0/bsp/system.mss|system_0||
X:/cpre488/Labs/MP-0/vitus/design_1_wrapper/zynq_fsbl/zynq_fsbl_bsp/system.mss|system||

TRACE::2026-01-31.17:34:42::SCWMssOS::Sw design exists and opened at  X:/cpre488/Labs/MP-0/vitus/design_1_wrapper/ps7_cortexa9_0/domain_ps7_cortexa9_0/bsp/system.mss
TRACE::2026-01-31.17:34:42::SCWMssOS::Saving the mss changes X:/cpre488/Labs/MP-0/vitus/design_1_wrapper/zynq_fsbl/zynq_fsbl_bsp/system.mss
TRACE::2026-01-31.17:34:42::SCWMssOS::Found a swdesign opened with the mssfile.
TRACE::2026-01-31.17:34:42::SCWMssOS::Completed writemss as part of save.
TRACE::2026-01-31.17:34:42::SCWMssOS::Commit changes completed.
TRACE::2026-01-31.17:34:42::SCWMssOS::Saving the mss changes X:/cpre488/Labs/MP-0/vitus/design_1_wrapper/ps7_cortexa9_0/domain_ps7_cortexa9_0/bsp/system.mss
TRACE::2026-01-31.17:34:42::SCWMssOS::Found a swdesign opened with the mssfile.
TRACE::2026-01-31.17:34:42::SCWMssOS::Completed writemss as part of save.
TRACE::2026-01-31.17:34:42::SCWMssOS::Commit changes completed.
TRACE::2026-01-31.17:34:42::SCWPlatform::Trying to open the hw design at X:/cpre488/Labs/MP-0/vitus/design_1_wrapper/hw/design_1_wrapper.xsa
TRACE::2026-01-31.17:34:42::SCWPlatform::DSA given X:/cpre488/Labs/MP-0/vitus/design_1_wrapper/hw/design_1_wrapper.xsa
TRACE::2026-01-31.17:34:42::SCWPlatform::DSA absoulate path X:/cpre488/Labs/MP-0/vitus/design_1_wrapper/hw/design_1_wrapper.xsa
TRACE::2026-01-31.17:34:42::SCWPlatform::DSA directory X:/cpre488/Labs/MP-0/vitus/design_1_wrapper/hw
TRACE::2026-01-31.17:34:42::SCWPlatform:: Platform Path X:/cpre488/Labs/MP-0/vitus/design_1_wrapper/hw/design_1_wrapper.xsa
TRACE::2026-01-31.17:34:42::SCWPlatform:: Unique name xilinx:zed::0.0
TRACE::2026-01-31.17:34:42::SCWPlatform::Trying to set the existing hwdb with name design_1_wrapper_0
TRACE::2026-01-31.17:34:42::SCWPlatform::Opened existing hwdb design_1_wrapper_0
TRACE::2026-01-31.17:34:42::SCWPlatform::Found the Hw Db part of the input DSA
TRACE::2026-01-31.17:34:42::SCWMssOS::Checking the sw design at  X:/cpre488/Labs/MP-0/vitus/design_1_wrapper/zynq_fsbl/zynq_fsbl_bsp/system.mss
TRACE::2026-01-31.17:34:42::SCWMssOS::DEBUG:  swdes dump  X:/cpre488/Labs/MP-0/vitus/design_1_wrapper/ps7_cortexa9_0/domain_ps7_cortexa9_0/bsp/system.mss|system_0||
X:/cpre488/Labs/MP-0/vitus/design_1_wrapper/zynq_fsbl/zynq_fsbl_bsp/system.mss|system||

TRACE::2026-01-31.17:34:42::SCWMssOS::Sw design exists and opened at  X:/cpre488/Labs/MP-0/vitus/design_1_wrapper/zynq_fsbl/zynq_fsbl_bsp/system.mss
TRACE::2026-01-31.17:34:42::SCWPlatform::Trying to open the hw design at X:/cpre488/Labs/MP-0/vitus/design_1_wrapper/hw/design_1_wrapper.xsa
TRACE::2026-01-31.17:34:42::SCWPlatform::DSA given X:/cpre488/Labs/MP-0/vitus/design_1_wrapper/hw/design_1_wrapper.xsa
TRACE::2026-01-31.17:34:42::SCWPlatform::DSA absoulate path X:/cpre488/Labs/MP-0/vitus/design_1_wrapper/hw/design_1_wrapper.xsa
TRACE::2026-01-31.17:34:42::SCWPlatform::DSA directory X:/cpre488/Labs/MP-0/vitus/design_1_wrapper/hw
TRACE::2026-01-31.17:34:42::SCWPlatform:: Platform Path X:/cpre488/Labs/MP-0/vitus/design_1_wrapper/hw/design_1_wrapper.xsa
TRACE::2026-01-31.17:34:42::SCWPlatform:: Unique name xilinx:zed::0.0
TRACE::2026-01-31.17:34:42::SCWPlatform::Trying to set the existing hwdb with name design_1_wrapper_0
TRACE::2026-01-31.17:34:42::SCWPlatform::Opened existing hwdb design_1_wrapper_0
TRACE::2026-01-31.17:34:42::SCWPlatform::Found the Hw Db part of the input DSA
TRACE::2026-01-31.17:34:42::SCWMssOS::Checking the sw design at  X:/cpre488/Labs/MP-0/vitus/design_1_wrapper/zynq_fsbl/zynq_fsbl_bsp/system.mss
TRACE::2026-01-31.17:34:42::SCWMssOS::DEBUG:  swdes dump  X:/cpre488/Labs/MP-0/vitus/design_1_wrapper/ps7_cortexa9_0/domain_ps7_cortexa9_0/bsp/system.mss|system_0||
X:/cpre488/Labs/MP-0/vitus/design_1_wrapper/zynq_fsbl/zynq_fsbl_bsp/system.mss|system||

TRACE::2026-01-31.17:34:42::SCWMssOS::Sw design exists and opened at  X:/cpre488/Labs/MP-0/vitus/design_1_wrapper/zynq_fsbl/zynq_fsbl_bsp/system.mss
TRACE::2026-01-31.17:34:42::SCWPlatform::Trying to open the hw design at X:/cpre488/Labs/MP-0/vitus/design_1_wrapper/hw/design_1_wrapper.xsa
TRACE::2026-01-31.17:34:42::SCWPlatform::DSA given X:/cpre488/Labs/MP-0/vitus/design_1_wrapper/hw/design_1_wrapper.xsa
TRACE::2026-01-31.17:34:42::SCWPlatform::DSA absoulate path X:/cpre488/Labs/MP-0/vitus/design_1_wrapper/hw/design_1_wrapper.xsa
TRACE::2026-01-31.17:34:42::SCWPlatform::DSA directory X:/cpre488/Labs/MP-0/vitus/design_1_wrapper/hw
TRACE::2026-01-31.17:34:42::SCWPlatform:: Platform Path X:/cpre488/Labs/MP-0/vitus/design_1_wrapper/hw/design_1_wrapper.xsa
TRACE::2026-01-31.17:34:42::SCWPlatform:: Unique name xilinx:zed::0.0
TRACE::2026-01-31.17:34:42::SCWPlatform::Trying to set the existing hwdb with name design_1_wrapper_0
TRACE::2026-01-31.17:34:42::SCWPlatform::Opened existing hwdb design_1_wrapper_0
TRACE::2026-01-31.17:34:42::SCWPlatform::Found the Hw Db part of the input DSA
TRACE::2026-01-31.17:34:42::SCWMssOS::Checking the sw design at  X:/cpre488/Labs/MP-0/vitus/design_1_wrapper/zynq_fsbl/zynq_fsbl_bsp/system.mss
TRACE::2026-01-31.17:34:42::SCWMssOS::DEBUG:  swdes dump  X:/cpre488/Labs/MP-0/vitus/design_1_wrapper/ps7_cortexa9_0/domain_ps7_cortexa9_0/bsp/system.mss|system_0||
X:/cpre488/Labs/MP-0/vitus/design_1_wrapper/zynq_fsbl/zynq_fsbl_bsp/system.mss|system||

TRACE::2026-01-31.17:34:42::SCWMssOS::Sw design exists and opened at  X:/cpre488/Labs/MP-0/vitus/design_1_wrapper/zynq_fsbl/zynq_fsbl_bsp/system.mss
TRACE::2026-01-31.17:34:42::SCWPlatform::Trying to open the hw design at X:/cpre488/Labs/MP-0/vitus/design_1_wrapper/hw/design_1_wrapper.xsa
TRACE::2026-01-31.17:34:42::SCWPlatform::DSA given X:/cpre488/Labs/MP-0/vitus/design_1_wrapper/hw/design_1_wrapper.xsa
TRACE::2026-01-31.17:34:42::SCWPlatform::DSA absoulate path X:/cpre488/Labs/MP-0/vitus/design_1_wrapper/hw/design_1_wrapper.xsa
TRACE::2026-01-31.17:34:42::SCWPlatform::DSA directory X:/cpre488/Labs/MP-0/vitus/design_1_wrapper/hw
TRACE::2026-01-31.17:34:42::SCWPlatform:: Platform Path X:/cpre488/Labs/MP-0/vitus/design_1_wrapper/hw/design_1_wrapper.xsa
TRACE::2026-01-31.17:34:42::SCWPlatform:: Unique name xilinx:zed::0.0
TRACE::2026-01-31.17:34:42::SCWPlatform::Trying to set the existing hwdb with name design_1_wrapper_0
TRACE::2026-01-31.17:34:42::SCWPlatform::Opened existing hwdb design_1_wrapper_0
TRACE::2026-01-31.17:34:42::SCWPlatform::Found the Hw Db part of the input DSA
TRACE::2026-01-31.17:34:42::SCWMssOS::Checking the sw design at  X:/cpre488/Labs/MP-0/vitus/design_1_wrapper/ps7_cortexa9_0/domain_ps7_cortexa9_0/bsp/system.mss
TRACE::2026-01-31.17:34:42::SCWMssOS::DEBUG:  swdes dump  X:/cpre488/Labs/MP-0/vitus/design_1_wrapper/ps7_cortexa9_0/domain_ps7_cortexa9_0/bsp/system.mss|system_0||
X:/cpre488/Labs/MP-0/vitus/design_1_wrapper/zynq_fsbl/zynq_fsbl_bsp/system.mss|system||

TRACE::2026-01-31.17:34:42::SCWMssOS::Sw design exists and opened at  X:/cpre488/Labs/MP-0/vitus/design_1_wrapper/ps7_cortexa9_0/domain_ps7_cortexa9_0/bsp/system.mss
TRACE::2026-01-31.17:34:42::SCWPlatform::Trying to open the hw design at X:/cpre488/Labs/MP-0/vitus/design_1_wrapper/hw/design_1_wrapper.xsa
TRACE::2026-01-31.17:34:42::SCWPlatform::DSA given X:/cpre488/Labs/MP-0/vitus/design_1_wrapper/hw/design_1_wrapper.xsa
TRACE::2026-01-31.17:34:42::SCWPlatform::DSA absoulate path X:/cpre488/Labs/MP-0/vitus/design_1_wrapper/hw/design_1_wrapper.xsa
TRACE::2026-01-31.17:34:42::SCWPlatform::DSA directory X:/cpre488/Labs/MP-0/vitus/design_1_wrapper/hw
TRACE::2026-01-31.17:34:42::SCWPlatform:: Platform Path X:/cpre488/Labs/MP-0/vitus/design_1_wrapper/hw/design_1_wrapper.xsa
TRACE::2026-01-31.17:34:42::SCWPlatform:: Unique name xilinx:zed::0.0
TRACE::2026-01-31.17:34:42::SCWPlatform::Trying to set the existing hwdb with name design_1_wrapper_0
TRACE::2026-01-31.17:34:42::SCWPlatform::Opened existing hwdb design_1_wrapper_0
TRACE::2026-01-31.17:34:42::SCWPlatform::Found the Hw Db part of the input DSA
TRACE::2026-01-31.17:34:42::SCWMssOS::Checking the sw design at  X:/cpre488/Labs/MP-0/vitus/design_1_wrapper/ps7_cortexa9_0/domain_ps7_cortexa9_0/bsp/system.mss
TRACE::2026-01-31.17:34:42::SCWMssOS::DEBUG:  swdes dump  X:/cpre488/Labs/MP-0/vitus/design_1_wrapper/ps7_cortexa9_0/domain_ps7_cortexa9_0/bsp/system.mss|system_0||
X:/cpre488/Labs/MP-0/vitus/design_1_wrapper/zynq_fsbl/zynq_fsbl_bsp/system.mss|system||

TRACE::2026-01-31.17:34:42::SCWMssOS::Sw design exists and opened at  X:/cpre488/Labs/MP-0/vitus/design_1_wrapper/ps7_cortexa9_0/domain_ps7_cortexa9_0/bsp/system.mss
TRACE::2026-01-31.17:34:42::SCWPlatform::Trying to open the hw design at X:/cpre488/Labs/MP-0/vitus/design_1_wrapper/hw/design_1_wrapper.xsa
TRACE::2026-01-31.17:34:42::SCWPlatform::DSA given X:/cpre488/Labs/MP-0/vitus/design_1_wrapper/hw/design_1_wrapper.xsa
TRACE::2026-01-31.17:34:42::SCWPlatform::DSA absoulate path X:/cpre488/Labs/MP-0/vitus/design_1_wrapper/hw/design_1_wrapper.xsa
TRACE::2026-01-31.17:34:42::SCWPlatform::DSA directory X:/cpre488/Labs/MP-0/vitus/design_1_wrapper/hw
TRACE::2026-01-31.17:34:42::SCWPlatform:: Platform Path X:/cpre488/Labs/MP-0/vitus/design_1_wrapper/hw/design_1_wrapper.xsa
TRACE::2026-01-31.17:34:42::SCWPlatform:: Unique name xilinx:zed::0.0
TRACE::2026-01-31.17:34:43::SCWPlatform::Trying to set the existing hwdb with name design_1_wrapper_0
TRACE::2026-01-31.17:34:43::SCWPlatform::Opened existing hwdb design_1_wrapper_0
TRACE::2026-01-31.17:34:43::SCWPlatform::Found the Hw Db part of the input DSA
TRACE::2026-01-31.17:34:43::SCWMssOS::Checking the sw design at  X:/cpre488/Labs/MP-0/vitus/design_1_wrapper/ps7_cortexa9_0/domain_ps7_cortexa9_0/bsp/system.mss
TRACE::2026-01-31.17:34:43::SCWMssOS::DEBUG:  swdes dump  X:/cpre488/Labs/MP-0/vitus/design_1_wrapper/ps7_cortexa9_0/domain_ps7_cortexa9_0/bsp/system.mss|system_0||
X:/cpre488/Labs/MP-0/vitus/design_1_wrapper/zynq_fsbl/zynq_fsbl_bsp/system.mss|system||

TRACE::2026-01-31.17:34:43::SCWMssOS::Sw design exists and opened at  X:/cpre488/Labs/MP-0/vitus/design_1_wrapper/ps7_cortexa9_0/domain_ps7_cortexa9_0/bsp/system.mss
TRACE::2026-01-31.17:34:43::SCWWriter::formatted JSON is {
	"platformName":	"design_1_wrapper",
	"sprVersion":	"2.0",
	"mode":	"gui",
	"dsaType":	"Fixed",
	"platformDesc":	"design_1_wrapper",
	"platHandOff":	"X:/cpre488/Labs/MP-0/MP0_round2/design_1_wrapper.xsa",
	"platIntHandOff":	"<platformDir>/hw/design_1_wrapper.xsa",
	"deviceType":	"zynq",
	"platIsPrebuiltAutogen":	"false",
	"platIsNoBootBsp":	"false",
	"platFsblTarget":	"ps7_cortexa9_0",
	"hasFsblMakeHasChanges":	"false",
	"hasPmufwMakeHasChanges":	"false",
	"fsblExtraCompilerFlags":	"-MMD -MP       -mcpu=cortex-a9 -mfpu=vfpv3 -mfloat-abi=hard ",
	"platPreBuiltFlag":	false,
	"platformSamplesDir":	"",
	"platActiveSys":	"design_1_wrapper",
	"systems":	[{
			"systemName":	"design_1_wrapper",
			"systemDesc":	"design_1_wrapper",
			"sysIsBootAutoGen":	"true",
			"systemDispName":	"design_1_wrapper",
			"sysActiveDom":	"domain_ps7_cortexa9_0",
			"sysDefaultDom":	"domain_ps7_cortexa9_0",
			"domains":	[{
					"domainName":	"zynq_fsbl",
					"domainDispName":	"zynq_fsbl",
					"domainDesc":	"FSBL Application BSP - Auto Generated.",
					"processors":	"ps7_cortexa9_0",
					"os":	"standalone",
					"sdxOs":	"standalone",
					"debugEnable":	"",
					"domRuntimes":	["cpp"],
					"swRepo":	"",
					"mssOsVer":	"7.2",
					"mssFile":	"",
					"md5Digest":	"d2d420d87bcfafaa761d1aba64f21ae8",
					"compatibleApp":	"zynq_fsbl",
					"domType":	"bootDomain",
					"arch":	"32-bit",
					"appSettings":	{
						"appCompilerFlags":	"",
						"appLinkerFlags":	""
					},
					"addedLibs":	["xilffs:4.3", "xilrsa:1.6"],
					"libOptions":	{
						"libsContainingOptions":	[]
					},
					"prebuiltLibs":	{
						"prebuiltIncPath":	[],
						"prebuiltLibPath":	[]
					},
					"isolation":	{
					}
				}, {
					"domainName":	"domain_ps7_cortexa9_0",
					"domainDispName":	"domain_ps7_cortexa9_0",
					"domainDesc":	"domain_ps7_cortexa9_0",
					"processors":	"ps7_cortexa9_0",
					"os":	"standalone",
					"sdxOs":	"standalone",
					"qemuArgs":	"C:/Xilinx/Vitis/2020.1/data/emulation/platforms/zynq/qemu/qemu_args.txt",
					"qemuData":	"C:/Xilinx/Vitis/2020.1/data/emulation/platforms/zynq/qemu/",
					"debugEnable":	"False",
					"domRuntimes":	["cpp"],
					"swRepo":	"",
					"mssOsVer":	"7.2",
					"mssFile":	"",
					"md5Digest":	"0103012646b99f26b289ff154d95cad8",
					"compatibleApp":	"hello_world",
					"domType":	"mssDomain",
					"arch":	"32-bit",
					"appSettings":	{
						"appCompilerFlags":	"",
						"appLinkerFlags":	""
					},
					"addedLibs":	[],
					"libOptions":	{
						"libsContainingOptions":	[]
					},
					"prebuiltLibs":	{
						"prebuiltIncPath":	[],
						"prebuiltLibPath":	[]
					},
					"isolation":	{
					}
				}]
		}]
}
TRACE::2026-01-31.17:34:43::SCWPlatform::Trying to open the hw design at X:/cpre488/Labs/MP-0/vitus/design_1_wrapper/hw/design_1_wrapper.xsa
TRACE::2026-01-31.17:34:43::SCWPlatform::DSA given X:/cpre488/Labs/MP-0/vitus/design_1_wrapper/hw/design_1_wrapper.xsa
TRACE::2026-01-31.17:34:43::SCWPlatform::DSA absoulate path X:/cpre488/Labs/MP-0/vitus/design_1_wrapper/hw/design_1_wrapper.xsa
TRACE::2026-01-31.17:34:43::SCWPlatform::DSA directory X:/cpre488/Labs/MP-0/vitus/design_1_wrapper/hw
TRACE::2026-01-31.17:34:43::SCWPlatform:: Platform Path X:/cpre488/Labs/MP-0/vitus/design_1_wrapper/hw/design_1_wrapper.xsa
TRACE::2026-01-31.17:34:43::SCWPlatform:: Unique name xilinx:zed::0.0
TRACE::2026-01-31.17:34:43::SCWPlatform::Trying to set the existing hwdb with name design_1_wrapper_0
TRACE::2026-01-31.17:34:43::SCWPlatform::Opened existing hwdb design_1_wrapper_0
TRACE::2026-01-31.17:34:43::SCWPlatform::Found the Hw Db part of the input DSA
TRACE::2026-01-31.17:34:43::SCWMssOS::Checking the sw design at  X:/cpre488/Labs/MP-0/vitus/design_1_wrapper/ps7_cortexa9_0/domain_ps7_cortexa9_0/bsp/system.mss
TRACE::2026-01-31.17:34:43::SCWMssOS::DEBUG:  swdes dump  X:/cpre488/Labs/MP-0/vitus/design_1_wrapper/ps7_cortexa9_0/domain_ps7_cortexa9_0/bsp/system.mss|system_0||
X:/cpre488/Labs/MP-0/vitus/design_1_wrapper/zynq_fsbl/zynq_fsbl_bsp/system.mss|system||

TRACE::2026-01-31.17:34:43::SCWMssOS::Sw design exists and opened at  X:/cpre488/Labs/MP-0/vitus/design_1_wrapper/ps7_cortexa9_0/domain_ps7_cortexa9_0/bsp/system.mss
TRACE::2026-01-31.17:34:43::SCWPlatform::Trying to open the hw design at X:/cpre488/Labs/MP-0/vitus/design_1_wrapper/hw/design_1_wrapper.xsa
TRACE::2026-01-31.17:34:43::SCWPlatform::DSA given X:/cpre488/Labs/MP-0/vitus/design_1_wrapper/hw/design_1_wrapper.xsa
TRACE::2026-01-31.17:34:43::SCWPlatform::DSA absoulate path X:/cpre488/Labs/MP-0/vitus/design_1_wrapper/hw/design_1_wrapper.xsa
TRACE::2026-01-31.17:34:43::SCWPlatform::DSA directory X:/cpre488/Labs/MP-0/vitus/design_1_wrapper/hw
TRACE::2026-01-31.17:34:43::SCWPlatform:: Platform Path X:/cpre488/Labs/MP-0/vitus/design_1_wrapper/hw/design_1_wrapper.xsa
TRACE::2026-01-31.17:34:43::SCWPlatform:: Unique name xilinx:zed::0.0
TRACE::2026-01-31.17:34:43::SCWPlatform::Trying to set the existing hwdb with name design_1_wrapper_0
TRACE::2026-01-31.17:34:43::SCWPlatform::Opened existing hwdb design_1_wrapper_0
TRACE::2026-01-31.17:34:43::SCWPlatform::Found the Hw Db part of the input DSA
TRACE::2026-01-31.17:34:43::SCWMssOS::Checking the sw design at  X:/cpre488/Labs/MP-0/vitus/design_1_wrapper/ps7_cortexa9_0/domain_ps7_cortexa9_0/bsp/system.mss
TRACE::2026-01-31.17:34:43::SCWMssOS::DEBUG:  swdes dump  X:/cpre488/Labs/MP-0/vitus/design_1_wrapper/ps7_cortexa9_0/domain_ps7_cortexa9_0/bsp/system.mss|system_0||
X:/cpre488/Labs/MP-0/vitus/design_1_wrapper/zynq_fsbl/zynq_fsbl_bsp/system.mss|system||

TRACE::2026-01-31.17:34:43::SCWMssOS::Sw design exists and opened at  X:/cpre488/Labs/MP-0/vitus/design_1_wrapper/ps7_cortexa9_0/domain_ps7_cortexa9_0/bsp/system.mss
TRACE::2026-01-31.17:34:43::SCWMssOS::Saving the mss changes X:/cpre488/Labs/MP-0/vitus/design_1_wrapper/zynq_fsbl/zynq_fsbl_bsp/system.mss
TRACE::2026-01-31.17:34:43::SCWMssOS::Found a swdesign opened with the mssfile.
TRACE::2026-01-31.17:34:43::SCWMssOS::Completed writemss as part of save.
TRACE::2026-01-31.17:34:43::SCWMssOS::Commit changes completed.
TRACE::2026-01-31.17:34:43::SCWMssOS::Saving the mss changes X:/cpre488/Labs/MP-0/vitus/design_1_wrapper/ps7_cortexa9_0/domain_ps7_cortexa9_0/bsp/system.mss
TRACE::2026-01-31.17:34:43::SCWMssOS::Found a swdesign opened with the mssfile.
TRACE::2026-01-31.17:34:43::SCWMssOS::Completed writemss as part of save.
TRACE::2026-01-31.17:34:43::SCWMssOS::Commit changes completed.
TRACE::2026-01-31.17:34:43::SCWPlatform::Trying to open the hw design at X:/cpre488/Labs/MP-0/vitus/design_1_wrapper/hw/design_1_wrapper.xsa
TRACE::2026-01-31.17:34:43::SCWPlatform::DSA given X:/cpre488/Labs/MP-0/vitus/design_1_wrapper/hw/design_1_wrapper.xsa
TRACE::2026-01-31.17:34:43::SCWPlatform::DSA absoulate path X:/cpre488/Labs/MP-0/vitus/design_1_wrapper/hw/design_1_wrapper.xsa
TRACE::2026-01-31.17:34:43::SCWPlatform::DSA directory X:/cpre488/Labs/MP-0/vitus/design_1_wrapper/hw
TRACE::2026-01-31.17:34:43::SCWPlatform:: Platform Path X:/cpre488/Labs/MP-0/vitus/design_1_wrapper/hw/design_1_wrapper.xsa
TRACE::2026-01-31.17:34:43::SCWPlatform:: Unique name xilinx:zed::0.0
TRACE::2026-01-31.17:34:43::SCWPlatform::Trying to set the existing hwdb with name design_1_wrapper_0
TRACE::2026-01-31.17:34:43::SCWPlatform::Opened existing hwdb design_1_wrapper_0
TRACE::2026-01-31.17:34:43::SCWPlatform::Found the Hw Db part of the input DSA
TRACE::2026-01-31.17:34:43::SCWMssOS::Checking the sw design at  X:/cpre488/Labs/MP-0/vitus/design_1_wrapper/zynq_fsbl/zynq_fsbl_bsp/system.mss
TRACE::2026-01-31.17:34:43::SCWMssOS::DEBUG:  swdes dump  X:/cpre488/Labs/MP-0/vitus/design_1_wrapper/ps7_cortexa9_0/domain_ps7_cortexa9_0/bsp/system.mss|system_0||
X:/cpre488/Labs/MP-0/vitus/design_1_wrapper/zynq_fsbl/zynq_fsbl_bsp/system.mss|system||

TRACE::2026-01-31.17:34:43::SCWMssOS::Sw design exists and opened at  X:/cpre488/Labs/MP-0/vitus/design_1_wrapper/zynq_fsbl/zynq_fsbl_bsp/system.mss
TRACE::2026-01-31.17:34:43::SCWPlatform::Trying to open the hw design at X:/cpre488/Labs/MP-0/vitus/design_1_wrapper/hw/design_1_wrapper.xsa
TRACE::2026-01-31.17:34:43::SCWPlatform::DSA given X:/cpre488/Labs/MP-0/vitus/design_1_wrapper/hw/design_1_wrapper.xsa
TRACE::2026-01-31.17:34:43::SCWPlatform::DSA absoulate path X:/cpre488/Labs/MP-0/vitus/design_1_wrapper/hw/design_1_wrapper.xsa
TRACE::2026-01-31.17:34:43::SCWPlatform::DSA directory X:/cpre488/Labs/MP-0/vitus/design_1_wrapper/hw
TRACE::2026-01-31.17:34:43::SCWPlatform:: Platform Path X:/cpre488/Labs/MP-0/vitus/design_1_wrapper/hw/design_1_wrapper.xsa
TRACE::2026-01-31.17:34:43::SCWPlatform:: Unique name xilinx:zed::0.0
TRACE::2026-01-31.17:34:43::SCWPlatform::Trying to set the existing hwdb with name design_1_wrapper_0
TRACE::2026-01-31.17:34:43::SCWPlatform::Opened existing hwdb design_1_wrapper_0
TRACE::2026-01-31.17:34:43::SCWPlatform::Found the Hw Db part of the input DSA
TRACE::2026-01-31.17:34:43::SCWMssOS::Checking the sw design at  X:/cpre488/Labs/MP-0/vitus/design_1_wrapper/zynq_fsbl/zynq_fsbl_bsp/system.mss
TRACE::2026-01-31.17:34:43::SCWMssOS::DEBUG:  swdes dump  X:/cpre488/Labs/MP-0/vitus/design_1_wrapper/ps7_cortexa9_0/domain_ps7_cortexa9_0/bsp/system.mss|system_0||
X:/cpre488/Labs/MP-0/vitus/design_1_wrapper/zynq_fsbl/zynq_fsbl_bsp/system.mss|system||

TRACE::2026-01-31.17:34:43::SCWMssOS::Sw design exists and opened at  X:/cpre488/Labs/MP-0/vitus/design_1_wrapper/zynq_fsbl/zynq_fsbl_bsp/system.mss
TRACE::2026-01-31.17:34:43::SCWPlatform::Trying to open the hw design at X:/cpre488/Labs/MP-0/vitus/design_1_wrapper/hw/design_1_wrapper.xsa
TRACE::2026-01-31.17:34:43::SCWPlatform::DSA given X:/cpre488/Labs/MP-0/vitus/design_1_wrapper/hw/design_1_wrapper.xsa
TRACE::2026-01-31.17:34:43::SCWPlatform::DSA absoulate path X:/cpre488/Labs/MP-0/vitus/design_1_wrapper/hw/design_1_wrapper.xsa
TRACE::2026-01-31.17:34:43::SCWPlatform::DSA directory X:/cpre488/Labs/MP-0/vitus/design_1_wrapper/hw
TRACE::2026-01-31.17:34:43::SCWPlatform:: Platform Path X:/cpre488/Labs/MP-0/vitus/design_1_wrapper/hw/design_1_wrapper.xsa
TRACE::2026-01-31.17:34:43::SCWPlatform:: Unique name xilinx:zed::0.0
TRACE::2026-01-31.17:34:43::SCWPlatform::Trying to set the existing hwdb with name design_1_wrapper_0
TRACE::2026-01-31.17:34:43::SCWPlatform::Opened existing hwdb design_1_wrapper_0
TRACE::2026-01-31.17:34:43::SCWPlatform::Found the Hw Db part of the input DSA
TRACE::2026-01-31.17:34:43::SCWMssOS::Checking the sw design at  X:/cpre488/Labs/MP-0/vitus/design_1_wrapper/zynq_fsbl/zynq_fsbl_bsp/system.mss
TRACE::2026-01-31.17:34:43::SCWMssOS::DEBUG:  swdes dump  X:/cpre488/Labs/MP-0/vitus/design_1_wrapper/ps7_cortexa9_0/domain_ps7_cortexa9_0/bsp/system.mss|system_0||
X:/cpre488/Labs/MP-0/vitus/design_1_wrapper/zynq_fsbl/zynq_fsbl_bsp/system.mss|system||

TRACE::2026-01-31.17:34:43::SCWMssOS::Sw design exists and opened at  X:/cpre488/Labs/MP-0/vitus/design_1_wrapper/zynq_fsbl/zynq_fsbl_bsp/system.mss
TRACE::2026-01-31.17:34:43::SCWPlatform::Trying to open the hw design at X:/cpre488/Labs/MP-0/vitus/design_1_wrapper/hw/design_1_wrapper.xsa
TRACE::2026-01-31.17:34:43::SCWPlatform::DSA given X:/cpre488/Labs/MP-0/vitus/design_1_wrapper/hw/design_1_wrapper.xsa
TRACE::2026-01-31.17:34:43::SCWPlatform::DSA absoulate path X:/cpre488/Labs/MP-0/vitus/design_1_wrapper/hw/design_1_wrapper.xsa
TRACE::2026-01-31.17:34:43::SCWPlatform::DSA directory X:/cpre488/Labs/MP-0/vitus/design_1_wrapper/hw
TRACE::2026-01-31.17:34:43::SCWPlatform:: Platform Path X:/cpre488/Labs/MP-0/vitus/design_1_wrapper/hw/design_1_wrapper.xsa
TRACE::2026-01-31.17:34:43::SCWPlatform:: Unique name xilinx:zed::0.0
TRACE::2026-01-31.17:34:43::SCWPlatform::Trying to set the existing hwdb with name design_1_wrapper_0
TRACE::2026-01-31.17:34:43::SCWPlatform::Opened existing hwdb design_1_wrapper_0
TRACE::2026-01-31.17:34:43::SCWPlatform::Found the Hw Db part of the input DSA
TRACE::2026-01-31.17:34:43::SCWMssOS::Checking the sw design at  X:/cpre488/Labs/MP-0/vitus/design_1_wrapper/ps7_cortexa9_0/domain_ps7_cortexa9_0/bsp/system.mss
TRACE::2026-01-31.17:34:43::SCWMssOS::DEBUG:  swdes dump  X:/cpre488/Labs/MP-0/vitus/design_1_wrapper/ps7_cortexa9_0/domain_ps7_cortexa9_0/bsp/system.mss|system_0||
X:/cpre488/Labs/MP-0/vitus/design_1_wrapper/zynq_fsbl/zynq_fsbl_bsp/system.mss|system||

TRACE::2026-01-31.17:34:43::SCWMssOS::Sw design exists and opened at  X:/cpre488/Labs/MP-0/vitus/design_1_wrapper/ps7_cortexa9_0/domain_ps7_cortexa9_0/bsp/system.mss
TRACE::2026-01-31.17:34:43::SCWPlatform::Trying to open the hw design at X:/cpre488/Labs/MP-0/vitus/design_1_wrapper/hw/design_1_wrapper.xsa
TRACE::2026-01-31.17:34:43::SCWPlatform::DSA given X:/cpre488/Labs/MP-0/vitus/design_1_wrapper/hw/design_1_wrapper.xsa
TRACE::2026-01-31.17:34:43::SCWPlatform::DSA absoulate path X:/cpre488/Labs/MP-0/vitus/design_1_wrapper/hw/design_1_wrapper.xsa
TRACE::2026-01-31.17:34:43::SCWPlatform::DSA directory X:/cpre488/Labs/MP-0/vitus/design_1_wrapper/hw
TRACE::2026-01-31.17:34:43::SCWPlatform:: Platform Path X:/cpre488/Labs/MP-0/vitus/design_1_wrapper/hw/design_1_wrapper.xsa
TRACE::2026-01-31.17:34:43::SCWPlatform:: Unique name xilinx:zed::0.0
TRACE::2026-01-31.17:34:43::SCWPlatform::Trying to set the existing hwdb with name design_1_wrapper_0
TRACE::2026-01-31.17:34:43::SCWPlatform::Opened existing hwdb design_1_wrapper_0
TRACE::2026-01-31.17:34:43::SCWPlatform::Found the Hw Db part of the input DSA
TRACE::2026-01-31.17:34:43::SCWMssOS::Checking the sw design at  X:/cpre488/Labs/MP-0/vitus/design_1_wrapper/ps7_cortexa9_0/domain_ps7_cortexa9_0/bsp/system.mss
TRACE::2026-01-31.17:34:43::SCWMssOS::DEBUG:  swdes dump  X:/cpre488/Labs/MP-0/vitus/design_1_wrapper/ps7_cortexa9_0/domain_ps7_cortexa9_0/bsp/system.mss|system_0||
X:/cpre488/Labs/MP-0/vitus/design_1_wrapper/zynq_fsbl/zynq_fsbl_bsp/system.mss|system||

TRACE::2026-01-31.17:34:43::SCWMssOS::Sw design exists and opened at  X:/cpre488/Labs/MP-0/vitus/design_1_wrapper/ps7_cortexa9_0/domain_ps7_cortexa9_0/bsp/system.mss
TRACE::2026-01-31.17:34:43::SCWPlatform::Trying to open the hw design at X:/cpre488/Labs/MP-0/vitus/design_1_wrapper/hw/design_1_wrapper.xsa
TRACE::2026-01-31.17:34:43::SCWPlatform::DSA given X:/cpre488/Labs/MP-0/vitus/design_1_wrapper/hw/design_1_wrapper.xsa
TRACE::2026-01-31.17:34:43::SCWPlatform::DSA absoulate path X:/cpre488/Labs/MP-0/vitus/design_1_wrapper/hw/design_1_wrapper.xsa
TRACE::2026-01-31.17:34:43::SCWPlatform::DSA directory X:/cpre488/Labs/MP-0/vitus/design_1_wrapper/hw
TRACE::2026-01-31.17:34:43::SCWPlatform:: Platform Path X:/cpre488/Labs/MP-0/vitus/design_1_wrapper/hw/design_1_wrapper.xsa
TRACE::2026-01-31.17:34:43::SCWPlatform:: Unique name xilinx:zed::0.0
TRACE::2026-01-31.17:34:43::SCWPlatform::Trying to set the existing hwdb with name design_1_wrapper_0
TRACE::2026-01-31.17:34:43::SCWPlatform::Opened existing hwdb design_1_wrapper_0
TRACE::2026-01-31.17:34:43::SCWPlatform::Found the Hw Db part of the input DSA
TRACE::2026-01-31.17:34:43::SCWMssOS::Checking the sw design at  X:/cpre488/Labs/MP-0/vitus/design_1_wrapper/ps7_cortexa9_0/domain_ps7_cortexa9_0/bsp/system.mss
TRACE::2026-01-31.17:34:43::SCWMssOS::DEBUG:  swdes dump  X:/cpre488/Labs/MP-0/vitus/design_1_wrapper/ps7_cortexa9_0/domain_ps7_cortexa9_0/bsp/system.mss|system_0||
X:/cpre488/Labs/MP-0/vitus/design_1_wrapper/zynq_fsbl/zynq_fsbl_bsp/system.mss|system||

TRACE::2026-01-31.17:34:43::SCWMssOS::Sw design exists and opened at  X:/cpre488/Labs/MP-0/vitus/design_1_wrapper/ps7_cortexa9_0/domain_ps7_cortexa9_0/bsp/system.mss
TRACE::2026-01-31.17:34:43::SCWWriter::formatted JSON is {
	"platformName":	"design_1_wrapper",
	"sprVersion":	"2.0",
	"mode":	"gui",
	"dsaType":	"Fixed",
	"platformDesc":	"design_1_wrapper",
	"platHandOff":	"X:/cpre488/Labs/MP-0/MP0_round2/design_1_wrapper.xsa",
	"platIntHandOff":	"<platformDir>/hw/design_1_wrapper.xsa",
	"deviceType":	"zynq",
	"platIsPrebuiltAutogen":	"false",
	"platIsNoBootBsp":	"false",
	"platFsblTarget":	"ps7_cortexa9_0",
	"hasFsblMakeHasChanges":	"false",
	"hasPmufwMakeHasChanges":	"false",
	"fsblExtraCompilerFlags":	"-MMD -MP       -mcpu=cortex-a9 -mfpu=vfpv3 -mfloat-abi=hard ",
	"platPreBuiltFlag":	false,
	"platformSamplesDir":	"",
	"platActiveSys":	"design_1_wrapper",
	"systems":	[{
			"systemName":	"design_1_wrapper",
			"systemDesc":	"design_1_wrapper",
			"sysIsBootAutoGen":	"true",
			"systemDispName":	"design_1_wrapper",
			"sysActiveDom":	"domain_ps7_cortexa9_0",
			"sysDefaultDom":	"domain_ps7_cortexa9_0",
			"domains":	[{
					"domainName":	"zynq_fsbl",
					"domainDispName":	"zynq_fsbl",
					"domainDesc":	"FSBL Application BSP - Auto Generated.",
					"processors":	"ps7_cortexa9_0",
					"os":	"standalone",
					"sdxOs":	"standalone",
					"debugEnable":	"",
					"domRuntimes":	["cpp"],
					"swRepo":	"",
					"mssOsVer":	"7.2",
					"mssFile":	"",
					"md5Digest":	"d2d420d87bcfafaa761d1aba64f21ae8",
					"compatibleApp":	"zynq_fsbl",
					"domType":	"bootDomain",
					"arch":	"32-bit",
					"appSettings":	{
						"appCompilerFlags":	"",
						"appLinkerFlags":	""
					},
					"addedLibs":	["xilffs:4.3", "xilrsa:1.6"],
					"libOptions":	{
						"libsContainingOptions":	[]
					},
					"prebuiltLibs":	{
						"prebuiltIncPath":	[],
						"prebuiltLibPath":	[]
					},
					"isolation":	{
					}
				}, {
					"domainName":	"domain_ps7_cortexa9_0",
					"domainDispName":	"domain_ps7_cortexa9_0",
					"domainDesc":	"domain_ps7_cortexa9_0",
					"processors":	"ps7_cortexa9_0",
					"os":	"standalone",
					"sdxOs":	"standalone",
					"qemuArgs":	"C:/Xilinx/Vitis/2020.1/data/emulation/platforms/zynq/qemu/qemu_args.txt",
					"qemuData":	"C:/Xilinx/Vitis/2020.1/data/emulation/platforms/zynq/qemu/",
					"debugEnable":	"False",
					"domRuntimes":	["cpp"],
					"swRepo":	"",
					"mssOsVer":	"7.2",
					"mssFile":	"",
					"md5Digest":	"0103012646b99f26b289ff154d95cad8",
					"compatibleApp":	"hello_world",
					"domType":	"mssDomain",
					"arch":	"32-bit",
					"appSettings":	{
						"appCompilerFlags":	"",
						"appLinkerFlags":	""
					},
					"addedLibs":	[],
					"libOptions":	{
						"libsContainingOptions":	[]
					},
					"prebuiltLibs":	{
						"prebuiltIncPath":	[],
						"prebuiltLibPath":	[]
					},
					"isolation":	{
					}
				}]
		}]
}
LOG::2026-01-31.17:34:43::SCWPlatform::Started generating the artifacts platform design_1_wrapper
TRACE::2026-01-31.17:34:43::SCWPlatform::Sanity checking of platform is completed
LOG::2026-01-31.17:34:43::SCWPlatform::Started generating the artifacts for system configuration design_1_wrapper
LOG::2026-01-31.17:34:43::SCWSystem::Started Processing the domain domain_ps7_cortexa9_0
TRACE::2026-01-31.17:34:43::SCWDomain::Generating domain artifcats
TRACE::2026-01-31.17:34:43::SCWMssOS::Generating standalone artifcats
TRACE::2026-01-31.17:34:43::SCWMssOS::Copying the qemu file from  C:/Xilinx/Vitis/2020.1/data/emulation/platforms/zynq/qemu/qemu_args.txt To X:/cpre488/Labs/MP-0/vitus/design_1_wrapper/export/design_1_wrapper/sw/design_1_wrapper/qemu/
TRACE::2026-01-31.17:34:43::SCWMssOS::Copying the qemu file from  C:/Xilinx/Vitis/2020.1/data/emulation/platforms/zynq/qemu/qemu_args.txt To X:/cpre488/Labs/MP-0/vitus/design_1_wrapper/export/design_1_wrapper/sw/design_1_wrapper/domain_ps7_cortexa9_0/qemu/
TRACE::2026-01-31.17:34:43::SCWMssOS:: Copying the user libraries. 
TRACE::2026-01-31.17:34:43::SCWPlatform::Trying to open the hw design at X:/cpre488/Labs/MP-0/vitus/design_1_wrapper/hw/design_1_wrapper.xsa
TRACE::2026-01-31.17:34:43::SCWPlatform::DSA given X:/cpre488/Labs/MP-0/vitus/design_1_wrapper/hw/design_1_wrapper.xsa
TRACE::2026-01-31.17:34:43::SCWPlatform::DSA absoulate path X:/cpre488/Labs/MP-0/vitus/design_1_wrapper/hw/design_1_wrapper.xsa
TRACE::2026-01-31.17:34:43::SCWPlatform::DSA directory X:/cpre488/Labs/MP-0/vitus/design_1_wrapper/hw
TRACE::2026-01-31.17:34:43::SCWPlatform:: Platform Path X:/cpre488/Labs/MP-0/vitus/design_1_wrapper/hw/design_1_wrapper.xsa
TRACE::2026-01-31.17:34:43::SCWPlatform:: Unique name xilinx:zed::0.0
TRACE::2026-01-31.17:34:43::SCWPlatform::Trying to set the existing hwdb with name design_1_wrapper_0
TRACE::2026-01-31.17:34:43::SCWPlatform::Opened existing hwdb design_1_wrapper_0
TRACE::2026-01-31.17:34:43::SCWPlatform::Found the Hw Db part of the input DSA
TRACE::2026-01-31.17:34:43::SCWMssOS::Checking the sw design at  X:/cpre488/Labs/MP-0/vitus/design_1_wrapper/ps7_cortexa9_0/domain_ps7_cortexa9_0/bsp/system.mss
TRACE::2026-01-31.17:34:43::SCWMssOS::DEBUG:  swdes dump  X:/cpre488/Labs/MP-0/vitus/design_1_wrapper/ps7_cortexa9_0/domain_ps7_cortexa9_0/bsp/system.mss|system_0||
X:/cpre488/Labs/MP-0/vitus/design_1_wrapper/zynq_fsbl/zynq_fsbl_bsp/system.mss|system||

TRACE::2026-01-31.17:34:43::SCWMssOS::Sw design exists and opened at  X:/cpre488/Labs/MP-0/vitus/design_1_wrapper/ps7_cortexa9_0/domain_ps7_cortexa9_0/bsp/system.mss
TRACE::2026-01-31.17:34:43::SCWMssOS::Completed writing the mss file at X:/cpre488/Labs/MP-0/vitus/design_1_wrapper/ps7_cortexa9_0/domain_ps7_cortexa9_0/bsp
TRACE::2026-01-31.17:34:43::SCWMssOS::Mss edits present, copying mssfile into export location X:/cpre488/Labs/MP-0/vitus/design_1_wrapper/ps7_cortexa9_0/domain_ps7_cortexa9_0/bsp/system.mss
TRACE::2026-01-31.17:34:43::SCWMssOS::bsp generated is upto date with the mss file. Skipping bsp generation.
TRACE::2026-01-31.17:34:43::SCWMssOS::BSP is already built. skipping the bsp build ... 
TRACE::2026-01-31.17:34:43::SCWDomain::Building the domain as part of full build :  domain_ps7_cortexa9_0
TRACE::2026-01-31.17:34:43::SCWMssOS::skipping the bsp build ... 
TRACE::2026-01-31.17:34:43::SCWMssOS::Copying to export directory.
TRACE::2026-01-31.17:34:43::SCWMssOS:: Checking if to create the Supporting Applications
TRACE::2026-01-31.17:34:43::SCWMssOS:: No Linux domain exists, trying to generate FSBL 
TRACE::2026-01-31.17:34:43::SCWMssOS:: Completed Standalone Artifacts creation 
LOG::2026-01-31.17:34:43::SCWSystem::Completed Processing the domain domain_ps7_cortexa9_0
LOG::2026-01-31.17:34:43::SCWSystem::Completed Processing the sysconfig design_1_wrapper
LOG::2026-01-31.17:34:43::SCWPlatform::Completed generating the artifacts for system configuration design_1_wrapper
TRACE::2026-01-31.17:34:43::SCWPlatform::Started preparing the platform 
TRACE::2026-01-31.17:34:43::SCWSystem::Writing the bif file for system config design_1_wrapper
TRACE::2026-01-31.17:34:43::SCWSystem::dir created 
TRACE::2026-01-31.17:34:43::SCWSystem::Writing the bif 
TRACE::2026-01-31.17:34:43::SCWPlatform::Started writing the spfm file 
TRACE::2026-01-31.17:34:43::SCWPlatform::Started writing the xpfm file 
TRACE::2026-01-31.17:34:43::SCWPlatform::Completed generating the platform
TRACE::2026-01-31.17:34:43::SCWMssOS::Saving the mss changes X:/cpre488/Labs/MP-0/vitus/design_1_wrapper/zynq_fsbl/zynq_fsbl_bsp/system.mss
TRACE::2026-01-31.17:34:43::SCWMssOS::Found a swdesign opened with the mssfile.
TRACE::2026-01-31.17:34:43::SCWMssOS::Completed writemss as part of save.
TRACE::2026-01-31.17:34:43::SCWMssOS::Commit changes completed.
TRACE::2026-01-31.17:34:43::SCWMssOS::Saving the mss changes X:/cpre488/Labs/MP-0/vitus/design_1_wrapper/ps7_cortexa9_0/domain_ps7_cortexa9_0/bsp/system.mss
TRACE::2026-01-31.17:34:43::SCWMssOS::Found a swdesign opened with the mssfile.
TRACE::2026-01-31.17:34:43::SCWMssOS::Completed writemss as part of save.
TRACE::2026-01-31.17:34:43::SCWMssOS::Commit changes completed.
TRACE::2026-01-31.17:34:43::SCWPlatform::Trying to open the hw design at X:/cpre488/Labs/MP-0/vitus/design_1_wrapper/hw/design_1_wrapper.xsa
TRACE::2026-01-31.17:34:43::SCWPlatform::DSA given X:/cpre488/Labs/MP-0/vitus/design_1_wrapper/hw/design_1_wrapper.xsa
TRACE::2026-01-31.17:34:43::SCWPlatform::DSA absoulate path X:/cpre488/Labs/MP-0/vitus/design_1_wrapper/hw/design_1_wrapper.xsa
TRACE::2026-01-31.17:34:43::SCWPlatform::DSA directory X:/cpre488/Labs/MP-0/vitus/design_1_wrapper/hw
TRACE::2026-01-31.17:34:43::SCWPlatform:: Platform Path X:/cpre488/Labs/MP-0/vitus/design_1_wrapper/hw/design_1_wrapper.xsa
TRACE::2026-01-31.17:34:43::SCWPlatform:: Unique name xilinx:zed::0.0
TRACE::2026-01-31.17:34:43::SCWPlatform::Trying to set the existing hwdb with name design_1_wrapper_0
TRACE::2026-01-31.17:34:43::SCWPlatform::Opened existing hwdb design_1_wrapper_0
TRACE::2026-01-31.17:34:43::SCWPlatform::Found the Hw Db part of the input DSA
TRACE::2026-01-31.17:34:43::SCWMssOS::Checking the sw design at  X:/cpre488/Labs/MP-0/vitus/design_1_wrapper/zynq_fsbl/zynq_fsbl_bsp/system.mss
TRACE::2026-01-31.17:34:43::SCWMssOS::DEBUG:  swdes dump  X:/cpre488/Labs/MP-0/vitus/design_1_wrapper/ps7_cortexa9_0/domain_ps7_cortexa9_0/bsp/system.mss|system_0||
X:/cpre488/Labs/MP-0/vitus/design_1_wrapper/zynq_fsbl/zynq_fsbl_bsp/system.mss|system||

TRACE::2026-01-31.17:34:43::SCWMssOS::Sw design exists and opened at  X:/cpre488/Labs/MP-0/vitus/design_1_wrapper/zynq_fsbl/zynq_fsbl_bsp/system.mss
TRACE::2026-01-31.17:34:43::SCWPlatform::Trying to open the hw design at X:/cpre488/Labs/MP-0/vitus/design_1_wrapper/hw/design_1_wrapper.xsa
TRACE::2026-01-31.17:34:43::SCWPlatform::DSA given X:/cpre488/Labs/MP-0/vitus/design_1_wrapper/hw/design_1_wrapper.xsa
TRACE::2026-01-31.17:34:43::SCWPlatform::DSA absoulate path X:/cpre488/Labs/MP-0/vitus/design_1_wrapper/hw/design_1_wrapper.xsa
TRACE::2026-01-31.17:34:43::SCWPlatform::DSA directory X:/cpre488/Labs/MP-0/vitus/design_1_wrapper/hw
TRACE::2026-01-31.17:34:43::SCWPlatform:: Platform Path X:/cpre488/Labs/MP-0/vitus/design_1_wrapper/hw/design_1_wrapper.xsa
TRACE::2026-01-31.17:34:43::SCWPlatform:: Unique name xilinx:zed::0.0
TRACE::2026-01-31.17:34:43::SCWPlatform::Trying to set the existing hwdb with name design_1_wrapper_0
TRACE::2026-01-31.17:34:43::SCWPlatform::Opened existing hwdb design_1_wrapper_0
TRACE::2026-01-31.17:34:43::SCWPlatform::Found the Hw Db part of the input DSA
TRACE::2026-01-31.17:34:43::SCWMssOS::Checking the sw design at  X:/cpre488/Labs/MP-0/vitus/design_1_wrapper/zynq_fsbl/zynq_fsbl_bsp/system.mss
TRACE::2026-01-31.17:34:43::SCWMssOS::DEBUG:  swdes dump  X:/cpre488/Labs/MP-0/vitus/design_1_wrapper/ps7_cortexa9_0/domain_ps7_cortexa9_0/bsp/system.mss|system_0||
X:/cpre488/Labs/MP-0/vitus/design_1_wrapper/zynq_fsbl/zynq_fsbl_bsp/system.mss|system||

TRACE::2026-01-31.17:34:43::SCWMssOS::Sw design exists and opened at  X:/cpre488/Labs/MP-0/vitus/design_1_wrapper/zynq_fsbl/zynq_fsbl_bsp/system.mss
TRACE::2026-01-31.17:34:43::SCWPlatform::Trying to open the hw design at X:/cpre488/Labs/MP-0/vitus/design_1_wrapper/hw/design_1_wrapper.xsa
TRACE::2026-01-31.17:34:43::SCWPlatform::DSA given X:/cpre488/Labs/MP-0/vitus/design_1_wrapper/hw/design_1_wrapper.xsa
TRACE::2026-01-31.17:34:43::SCWPlatform::DSA absoulate path X:/cpre488/Labs/MP-0/vitus/design_1_wrapper/hw/design_1_wrapper.xsa
TRACE::2026-01-31.17:34:43::SCWPlatform::DSA directory X:/cpre488/Labs/MP-0/vitus/design_1_wrapper/hw
TRACE::2026-01-31.17:34:43::SCWPlatform:: Platform Path X:/cpre488/Labs/MP-0/vitus/design_1_wrapper/hw/design_1_wrapper.xsa
TRACE::2026-01-31.17:34:43::SCWPlatform:: Unique name xilinx:zed::0.0
TRACE::2026-01-31.17:34:43::SCWPlatform::Trying to set the existing hwdb with name design_1_wrapper_0
TRACE::2026-01-31.17:34:43::SCWPlatform::Opened existing hwdb design_1_wrapper_0
TRACE::2026-01-31.17:34:43::SCWPlatform::Found the Hw Db part of the input DSA
TRACE::2026-01-31.17:34:43::SCWMssOS::Checking the sw design at  X:/cpre488/Labs/MP-0/vitus/design_1_wrapper/zynq_fsbl/zynq_fsbl_bsp/system.mss
TRACE::2026-01-31.17:34:43::SCWMssOS::DEBUG:  swdes dump  X:/cpre488/Labs/MP-0/vitus/design_1_wrapper/ps7_cortexa9_0/domain_ps7_cortexa9_0/bsp/system.mss|system_0||
X:/cpre488/Labs/MP-0/vitus/design_1_wrapper/zynq_fsbl/zynq_fsbl_bsp/system.mss|system||

TRACE::2026-01-31.17:34:43::SCWMssOS::Sw design exists and opened at  X:/cpre488/Labs/MP-0/vitus/design_1_wrapper/zynq_fsbl/zynq_fsbl_bsp/system.mss
TRACE::2026-01-31.17:34:43::SCWPlatform::Trying to open the hw design at X:/cpre488/Labs/MP-0/vitus/design_1_wrapper/hw/design_1_wrapper.xsa
TRACE::2026-01-31.17:34:43::SCWPlatform::DSA given X:/cpre488/Labs/MP-0/vitus/design_1_wrapper/hw/design_1_wrapper.xsa
TRACE::2026-01-31.17:34:43::SCWPlatform::DSA absoulate path X:/cpre488/Labs/MP-0/vitus/design_1_wrapper/hw/design_1_wrapper.xsa
TRACE::2026-01-31.17:34:43::SCWPlatform::DSA directory X:/cpre488/Labs/MP-0/vitus/design_1_wrapper/hw
TRACE::2026-01-31.17:34:43::SCWPlatform:: Platform Path X:/cpre488/Labs/MP-0/vitus/design_1_wrapper/hw/design_1_wrapper.xsa
TRACE::2026-01-31.17:34:43::SCWPlatform:: Unique name xilinx:zed::0.0
TRACE::2026-01-31.17:34:43::SCWPlatform::Trying to set the existing hwdb with name design_1_wrapper_0
TRACE::2026-01-31.17:34:43::SCWPlatform::Opened existing hwdb design_1_wrapper_0
TRACE::2026-01-31.17:34:43::SCWPlatform::Found the Hw Db part of the input DSA
TRACE::2026-01-31.17:34:43::SCWMssOS::Checking the sw design at  X:/cpre488/Labs/MP-0/vitus/design_1_wrapper/ps7_cortexa9_0/domain_ps7_cortexa9_0/bsp/system.mss
TRACE::2026-01-31.17:34:43::SCWMssOS::DEBUG:  swdes dump  X:/cpre488/Labs/MP-0/vitus/design_1_wrapper/ps7_cortexa9_0/domain_ps7_cortexa9_0/bsp/system.mss|system_0||
X:/cpre488/Labs/MP-0/vitus/design_1_wrapper/zynq_fsbl/zynq_fsbl_bsp/system.mss|system||

TRACE::2026-01-31.17:34:43::SCWMssOS::Sw design exists and opened at  X:/cpre488/Labs/MP-0/vitus/design_1_wrapper/ps7_cortexa9_0/domain_ps7_cortexa9_0/bsp/system.mss
TRACE::2026-01-31.17:34:43::SCWPlatform::Trying to open the hw design at X:/cpre488/Labs/MP-0/vitus/design_1_wrapper/hw/design_1_wrapper.xsa
TRACE::2026-01-31.17:34:43::SCWPlatform::DSA given X:/cpre488/Labs/MP-0/vitus/design_1_wrapper/hw/design_1_wrapper.xsa
TRACE::2026-01-31.17:34:43::SCWPlatform::DSA absoulate path X:/cpre488/Labs/MP-0/vitus/design_1_wrapper/hw/design_1_wrapper.xsa
TRACE::2026-01-31.17:34:43::SCWPlatform::DSA directory X:/cpre488/Labs/MP-0/vitus/design_1_wrapper/hw
TRACE::2026-01-31.17:34:43::SCWPlatform:: Platform Path X:/cpre488/Labs/MP-0/vitus/design_1_wrapper/hw/design_1_wrapper.xsa
TRACE::2026-01-31.17:34:43::SCWPlatform:: Unique name xilinx:zed::0.0
TRACE::2026-01-31.17:34:43::SCWPlatform::Trying to set the existing hwdb with name design_1_wrapper_0
TRACE::2026-01-31.17:34:43::SCWPlatform::Opened existing hwdb design_1_wrapper_0
TRACE::2026-01-31.17:34:43::SCWPlatform::Found the Hw Db part of the input DSA
TRACE::2026-01-31.17:34:43::SCWMssOS::Checking the sw design at  X:/cpre488/Labs/MP-0/vitus/design_1_wrapper/ps7_cortexa9_0/domain_ps7_cortexa9_0/bsp/system.mss
TRACE::2026-01-31.17:34:43::SCWMssOS::DEBUG:  swdes dump  X:/cpre488/Labs/MP-0/vitus/design_1_wrapper/ps7_cortexa9_0/domain_ps7_cortexa9_0/bsp/system.mss|system_0||
X:/cpre488/Labs/MP-0/vitus/design_1_wrapper/zynq_fsbl/zynq_fsbl_bsp/system.mss|system||

TRACE::2026-01-31.17:34:43::SCWMssOS::Sw design exists and opened at  X:/cpre488/Labs/MP-0/vitus/design_1_wrapper/ps7_cortexa9_0/domain_ps7_cortexa9_0/bsp/system.mss
TRACE::2026-01-31.17:34:43::SCWPlatform::Trying to open the hw design at X:/cpre488/Labs/MP-0/vitus/design_1_wrapper/hw/design_1_wrapper.xsa
TRACE::2026-01-31.17:34:43::SCWPlatform::DSA given X:/cpre488/Labs/MP-0/vitus/design_1_wrapper/hw/design_1_wrapper.xsa
TRACE::2026-01-31.17:34:43::SCWPlatform::DSA absoulate path X:/cpre488/Labs/MP-0/vitus/design_1_wrapper/hw/design_1_wrapper.xsa
TRACE::2026-01-31.17:34:43::SCWPlatform::DSA directory X:/cpre488/Labs/MP-0/vitus/design_1_wrapper/hw
TRACE::2026-01-31.17:34:43::SCWPlatform:: Platform Path X:/cpre488/Labs/MP-0/vitus/design_1_wrapper/hw/design_1_wrapper.xsa
TRACE::2026-01-31.17:34:43::SCWPlatform:: Unique name xilinx:zed::0.0
TRACE::2026-01-31.17:34:43::SCWPlatform::Trying to set the existing hwdb with name design_1_wrapper_0
TRACE::2026-01-31.17:34:43::SCWPlatform::Opened existing hwdb design_1_wrapper_0
TRACE::2026-01-31.17:34:43::SCWPlatform::Found the Hw Db part of the input DSA
TRACE::2026-01-31.17:34:43::SCWMssOS::Checking the sw design at  X:/cpre488/Labs/MP-0/vitus/design_1_wrapper/ps7_cortexa9_0/domain_ps7_cortexa9_0/bsp/system.mss
TRACE::2026-01-31.17:34:43::SCWMssOS::DEBUG:  swdes dump  X:/cpre488/Labs/MP-0/vitus/design_1_wrapper/ps7_cortexa9_0/domain_ps7_cortexa9_0/bsp/system.mss|system_0||
X:/cpre488/Labs/MP-0/vitus/design_1_wrapper/zynq_fsbl/zynq_fsbl_bsp/system.mss|system||

TRACE::2026-01-31.17:34:43::SCWMssOS::Sw design exists and opened at  X:/cpre488/Labs/MP-0/vitus/design_1_wrapper/ps7_cortexa9_0/domain_ps7_cortexa9_0/bsp/system.mss
TRACE::2026-01-31.17:34:43::SCWWriter::formatted JSON is {
	"platformName":	"design_1_wrapper",
	"sprVersion":	"2.0",
	"mode":	"gui",
	"dsaType":	"Fixed",
	"platformDesc":	"design_1_wrapper",
	"platHandOff":	"X:/cpre488/Labs/MP-0/MP0_round2/design_1_wrapper.xsa",
	"platIntHandOff":	"<platformDir>/hw/design_1_wrapper.xsa",
	"deviceType":	"zynq",
	"platIsPrebuiltAutogen":	"false",
	"platIsNoBootBsp":	"false",
	"platFsblTarget":	"ps7_cortexa9_0",
	"hasFsblMakeHasChanges":	"false",
	"hasPmufwMakeHasChanges":	"false",
	"fsblExtraCompilerFlags":	"-MMD -MP       -mcpu=cortex-a9 -mfpu=vfpv3 -mfloat-abi=hard ",
	"platPreBuiltFlag":	false,
	"platformSamplesDir":	"",
	"platActiveSys":	"design_1_wrapper",
	"systems":	[{
			"systemName":	"design_1_wrapper",
			"systemDesc":	"design_1_wrapper",
			"sysIsBootAutoGen":	"true",
			"systemDispName":	"design_1_wrapper",
			"sysActiveDom":	"domain_ps7_cortexa9_0",
			"sysDefaultDom":	"domain_ps7_cortexa9_0",
			"domains":	[{
					"domainName":	"zynq_fsbl",
					"domainDispName":	"zynq_fsbl",
					"domainDesc":	"FSBL Application BSP - Auto Generated.",
					"processors":	"ps7_cortexa9_0",
					"os":	"standalone",
					"sdxOs":	"standalone",
					"debugEnable":	"",
					"domRuntimes":	["cpp"],
					"swRepo":	"",
					"mssOsVer":	"7.2",
					"mssFile":	"",
					"md5Digest":	"d2d420d87bcfafaa761d1aba64f21ae8",
					"compatibleApp":	"zynq_fsbl",
					"domType":	"bootDomain",
					"arch":	"32-bit",
					"appSettings":	{
						"appCompilerFlags":	"",
						"appLinkerFlags":	""
					},
					"addedLibs":	["xilffs:4.3", "xilrsa:1.6"],
					"libOptions":	{
						"libsContainingOptions":	[]
					},
					"prebuiltLibs":	{
						"prebuiltIncPath":	[],
						"prebuiltLibPath":	[]
					},
					"isolation":	{
					}
				}, {
					"domainName":	"domain_ps7_cortexa9_0",
					"domainDispName":	"domain_ps7_cortexa9_0",
					"domainDesc":	"domain_ps7_cortexa9_0",
					"processors":	"ps7_cortexa9_0",
					"os":	"standalone",
					"sdxOs":	"standalone",
					"qemuArgs":	"C:/Xilinx/Vitis/2020.1/data/emulation/platforms/zynq/qemu/qemu_args.txt",
					"qemuData":	"C:/Xilinx/Vitis/2020.1/data/emulation/platforms/zynq/qemu/",
					"debugEnable":	"False",
					"domRuntimes":	["cpp"],
					"swRepo":	"",
					"mssOsVer":	"7.2",
					"mssFile":	"",
					"md5Digest":	"0103012646b99f26b289ff154d95cad8",
					"compatibleApp":	"hello_world",
					"domType":	"mssDomain",
					"arch":	"32-bit",
					"appSettings":	{
						"appCompilerFlags":	"",
						"appLinkerFlags":	""
					},
					"addedLibs":	[],
					"libOptions":	{
						"libsContainingOptions":	[]
					},
					"prebuiltLibs":	{
						"prebuiltIncPath":	[],
						"prebuiltLibPath":	[]
					},
					"isolation":	{
					}
				}]
		}]
}
KEYINFO::2026-01-31.17:34:43::SCWPlatform::updated the xpfm file.
LOG::2026-01-31.17:36:33::SCWPlatform::Started generating the artifacts platform design_1_wrapper
TRACE::2026-01-31.17:36:33::SCWPlatform::Sanity checking of platform is completed
LOG::2026-01-31.17:36:33::SCWPlatform::Started generating the artifacts for system configuration design_1_wrapper
LOG::2026-01-31.17:36:33::SCWSystem::Checking the domain zynq_fsbl
LOG::2026-01-31.17:36:33::SCWSystem::Doing application build for :  zynq_fsbl
TRACE::2026-01-31.17:36:33::SCWBDomain::Not a forced makefile updation, No changes are present. 
TRACE::2026-01-31.17:36:33::SCWDomain::Building the domain as part of full build :  zynq_fsbl
TRACE::2026-01-31.17:36:33::SCWPlatform::Trying to open the hw design at X:/cpre488/Labs/MP-0/vitus/design_1_wrapper/hw/design_1_wrapper.xsa
TRACE::2026-01-31.17:36:33::SCWPlatform::DSA given X:/cpre488/Labs/MP-0/vitus/design_1_wrapper/hw/design_1_wrapper.xsa
TRACE::2026-01-31.17:36:33::SCWPlatform::DSA absoulate path X:/cpre488/Labs/MP-0/vitus/design_1_wrapper/hw/design_1_wrapper.xsa
TRACE::2026-01-31.17:36:33::SCWPlatform::DSA directory X:/cpre488/Labs/MP-0/vitus/design_1_wrapper/hw
TRACE::2026-01-31.17:36:33::SCWPlatform:: Platform Path X:/cpre488/Labs/MP-0/vitus/design_1_wrapper/hw/design_1_wrapper.xsa
TRACE::2026-01-31.17:36:33::SCWPlatform:: Unique name xilinx:zed::0.0
TRACE::2026-01-31.17:36:33::SCWPlatform::Trying to set the existing hwdb with name design_1_wrapper_0
TRACE::2026-01-31.17:36:33::SCWPlatform::Opened existing hwdb design_1_wrapper_0
TRACE::2026-01-31.17:36:33::SCWPlatform::Found the Hw Db part of the input DSA
TRACE::2026-01-31.17:36:33::SCWMssOS::Checking the sw design at  X:/cpre488/Labs/MP-0/vitus/design_1_wrapper/zynq_fsbl/zynq_fsbl_bsp/system.mss
TRACE::2026-01-31.17:36:33::SCWMssOS::DEBUG:  swdes dump  X:/cpre488/Labs/MP-0/vitus/design_1_wrapper/ps7_cortexa9_0/domain_ps7_cortexa9_0/bsp/system.mss|system_0||
X:/cpre488/Labs/MP-0/vitus/design_1_wrapper/zynq_fsbl/zynq_fsbl_bsp/system.mss|system||

TRACE::2026-01-31.17:36:33::SCWMssOS::Sw design exists and opened at  X:/cpre488/Labs/MP-0/vitus/design_1_wrapper/zynq_fsbl/zynq_fsbl_bsp/system.mss
TRACE::2026-01-31.17:36:33::SCWBDomain::Completed writing the mss file at X:/cpre488/Labs/MP-0/vitus/design_1_wrapper/zynq_fsbl/zynq_fsbl_bsp
TRACE::2026-01-31.17:36:33::SCWBDomain::bsp generated is upto date with the mss file. Skipping bsp generation.
TRACE::2026-01-31.17:36:33::SCWBDomain::Not a forced makefile updation, No changes are present. 
TRACE::2026-01-31.17:36:33::SCWBDomain::System Command Ran  X:&  cd  X:/cpre488/Labs/MP-0/vitus/design_1_wrapper/zynq_fsbl & make 
TRACE::2026-01-31.17:36:33::SCWBDomain::make -C zynq_fsbl_bsp

TRACE::2026-01-31.17:36:34::SCWBDomain::make[1]: Entering directory 'X:/cpre488/Labs/MP-0/vitus/design_1_wrapper/zynq_fsbl/zynq_fsbl_bsp'

TRACE::2026-01-31.17:36:34::SCWBDomain::"Running Make include in ps7_cortexa9_0/libsrc/axivdma_v6_7/src"

TRACE::2026-01-31.17:36:34::SCWBDomain::make -C ps7_cortexa9_0/libsrc/axivdma_v6_7/src -s include  "SHELL=CMD" "COMPILER=arm-none-eabi-gcc" "ASSEMBLER=arm-none-eabi-as
TRACE::2026-01-31.17:36:34::SCWBDomain::" "ARCHIVER=arm-none-eabi-ar" "COMPILER_FLAGS=  -O2 -c" "EXTRA_COMPILER_FLAGS=-mcpu=cortex-a9 -mfpu=vfpv3 -mfloat-abi=hard -nos
TRACE::2026-01-31.17:36:34::SCWBDomain::tartfiles -g -Wall -Wextra"

TRACE::2026-01-31.17:36:34::SCWBDomain::make[2]: Entering directory 'X:/cpre488/Labs/MP-0/vitus/design_1_wrapper/zynq_fsbl/zynq_fsbl_bsp/ps7_cortexa9_0/libsrc/axivdma_
TRACE::2026-01-31.17:36:34::SCWBDomain::v6_7/src'

TRACE::2026-01-31.17:36:34::SCWBDomain::make[2]: Leaving directory 'X:/cpre488/Labs/MP-0/vitus/design_1_wrapper/zynq_fsbl/zynq_fsbl_bsp/ps7_cortexa9_0/libsrc/axivdma_v
TRACE::2026-01-31.17:36:34::SCWBDomain::6_7/src'

TRACE::2026-01-31.17:36:34::SCWBDomain::"Running Make include in ps7_cortexa9_0/libsrc/coresightps_dcc_v1_7/src"

TRACE::2026-01-31.17:36:34::SCWBDomain::make -C ps7_cortexa9_0/libsrc/coresightps_dcc_v1_7/src -s include  "SHELL=CMD" "COMPILER=arm-none-eabi-gcc" "ASSEMBLER=arm-none
TRACE::2026-01-31.17:36:34::SCWBDomain::-eabi-as" "ARCHIVER=arm-none-eabi-ar" "COMPILER_FLAGS=  -O2 -c" "EXTRA_COMPILER_FLAGS=-mcpu=cortex-a9 -mfpu=vfpv3 -mfloat-abi=h
TRACE::2026-01-31.17:36:34::SCWBDomain::ard -nostartfiles -g -Wall -Wextra"

TRACE::2026-01-31.17:36:34::SCWBDomain::make[2]: Entering directory 'X:/cpre488/Labs/MP-0/vitus/design_1_wrapper/zynq_fsbl/zynq_fsbl_bsp/ps7_cortexa9_0/libsrc/coresigh
TRACE::2026-01-31.17:36:34::SCWBDomain::tps_dcc_v1_7/src'

TRACE::2026-01-31.17:36:34::SCWBDomain::make[2]: Leaving directory 'X:/cpre488/Labs/MP-0/vitus/design_1_wrapper/zynq_fsbl/zynq_fsbl_bsp/ps7_cortexa9_0/libsrc/coresight
TRACE::2026-01-31.17:36:34::SCWBDomain::ps_dcc_v1_7/src'

TRACE::2026-01-31.17:36:34::SCWBDomain::"Running Make include in ps7_cortexa9_0/libsrc/cpu_cortexa9_v2_9/src"

TRACE::2026-01-31.17:36:34::SCWBDomain::make -C ps7_cortexa9_0/libsrc/cpu_cortexa9_v2_9/src -s include  "SHELL=CMD" "COMPILER=arm-none-eabi-gcc" "ASSEMBLER=arm-none-ea
TRACE::2026-01-31.17:36:34::SCWBDomain::bi-as" "ARCHIVER=arm-none-eabi-ar" "COMPILER_FLAGS=  -O2 -c" "EXTRA_COMPILER_FLAGS=-mcpu=cortex-a9 -mfpu=vfpv3 -mfloat-abi=hard
TRACE::2026-01-31.17:36:34::SCWBDomain:: -nostartfiles -g -Wall -Wextra"

TRACE::2026-01-31.17:36:34::SCWBDomain::make[2]: Entering directory 'X:/cpre488/Labs/MP-0/vitus/design_1_wrapper/zynq_fsbl/zynq_fsbl_bsp/ps7_cortexa9_0/libsrc/cpu_cort
TRACE::2026-01-31.17:36:34::SCWBDomain::exa9_v2_9/src'

TRACE::2026-01-31.17:36:34::SCWBDomain::make[2]: Leaving directory 'X:/cpre488/Labs/MP-0/vitus/design_1_wrapper/zynq_fsbl/zynq_fsbl_bsp/ps7_cortexa9_0/libsrc/cpu_corte
TRACE::2026-01-31.17:36:34::SCWBDomain::xa9_v2_9/src'

TRACE::2026-01-31.17:36:34::SCWBDomain::"Running Make include in ps7_cortexa9_0/libsrc/ddrps_v1_1/src"

TRACE::2026-01-31.17:36:34::SCWBDomain::make -C ps7_cortexa9_0/libsrc/ddrps_v1_1/src -s include  "SHELL=CMD" "COMPILER=arm-none-eabi-gcc" "ASSEMBLER=arm-none-eabi-as" 
TRACE::2026-01-31.17:36:34::SCWBDomain::"ARCHIVER=arm-none-eabi-ar" "COMPILER_FLAGS=  -O2 -c" "EXTRA_COMPILER_FLAGS=-mcpu=cortex-a9 -mfpu=vfpv3 -mfloat-abi=hard -nosta
TRACE::2026-01-31.17:36:34::SCWBDomain::rtfiles -g -Wall -Wextra"

TRACE::2026-01-31.17:36:34::SCWBDomain::make[2]: Entering directory 'X:/cpre488/Labs/MP-0/vitus/design_1_wrapper/zynq_fsbl/zynq_fsbl_bsp/ps7_cortexa9_0/libsrc/ddrps_v1
TRACE::2026-01-31.17:36:34::SCWBDomain::_1/src'

TRACE::2026-01-31.17:36:34::SCWBDomain::make[2]: Leaving directory 'X:/cpre488/Labs/MP-0/vitus/design_1_wrapper/zynq_fsbl/zynq_fsbl_bsp/ps7_cortexa9_0/libsrc/ddrps_v1_
TRACE::2026-01-31.17:36:34::SCWBDomain::1/src'

TRACE::2026-01-31.17:36:34::SCWBDomain::"Running Make include in ps7_cortexa9_0/libsrc/devcfg_v3_6/src"

TRACE::2026-01-31.17:36:34::SCWBDomain::make -C ps7_cortexa9_0/libsrc/devcfg_v3_6/src -s include  "SHELL=CMD" "COMPILER=arm-none-eabi-gcc" "ASSEMBLER=arm-none-eabi-as"
TRACE::2026-01-31.17:36:34::SCWBDomain:: "ARCHIVER=arm-none-eabi-ar" "COMPILER_FLAGS=  -O2 -c" "EXTRA_COMPILER_FLAGS=-mcpu=cortex-a9 -mfpu=vfpv3 -mfloat-abi=hard -nost
TRACE::2026-01-31.17:36:34::SCWBDomain::artfiles -g -Wall -Wextra"

TRACE::2026-01-31.17:36:34::SCWBDomain::make[2]: Entering directory 'X:/cpre488/Labs/MP-0/vitus/design_1_wrapper/zynq_fsbl/zynq_fsbl_bsp/ps7_cortexa9_0/libsrc/devcfg_v
TRACE::2026-01-31.17:36:34::SCWBDomain::3_6/src'

TRACE::2026-01-31.17:36:34::SCWBDomain::make[2]: Leaving directory 'X:/cpre488/Labs/MP-0/vitus/design_1_wrapper/zynq_fsbl/zynq_fsbl_bsp/ps7_cortexa9_0/libsrc/devcfg_v3
TRACE::2026-01-31.17:36:34::SCWBDomain::_6/src'

TRACE::2026-01-31.17:36:34::SCWBDomain::"Running Make include in ps7_cortexa9_0/libsrc/dmaps_v2_6/src"

TRACE::2026-01-31.17:36:34::SCWBDomain::make -C ps7_cortexa9_0/libsrc/dmaps_v2_6/src -s include  "SHELL=CMD" "COMPILER=arm-none-eabi-gcc" "ASSEMBLER=arm-none-eabi-as" 
TRACE::2026-01-31.17:36:34::SCWBDomain::"ARCHIVER=arm-none-eabi-ar" "COMPILER_FLAGS=  -O2 -c" "EXTRA_COMPILER_FLAGS=-mcpu=cortex-a9 -mfpu=vfpv3 -mfloat-abi=hard -nosta
TRACE::2026-01-31.17:36:34::SCWBDomain::rtfiles -g -Wall -Wextra"

TRACE::2026-01-31.17:36:34::SCWBDomain::make[2]: Entering directory 'X:/cpre488/Labs/MP-0/vitus/design_1_wrapper/zynq_fsbl/zynq_fsbl_bsp/ps7_cortexa9_0/libsrc/dmaps_v2
TRACE::2026-01-31.17:36:34::SCWBDomain::_6/src'

TRACE::2026-01-31.17:36:34::SCWBDomain::make[2]: Leaving directory 'X:/cpre488/Labs/MP-0/vitus/design_1_wrapper/zynq_fsbl/zynq_fsbl_bsp/ps7_cortexa9_0/libsrc/dmaps_v2_
TRACE::2026-01-31.17:36:34::SCWBDomain::6/src'

TRACE::2026-01-31.17:36:34::SCWBDomain::"Running Make include in ps7_cortexa9_0/libsrc/emacps_v3_11/src"

TRACE::2026-01-31.17:36:34::SCWBDomain::make -C ps7_cortexa9_0/libsrc/emacps_v3_11/src -s include  "SHELL=CMD" "COMPILER=arm-none-eabi-gcc" "ASSEMBLER=arm-none-eabi-as
TRACE::2026-01-31.17:36:34::SCWBDomain::" "ARCHIVER=arm-none-eabi-ar" "COMPILER_FLAGS=  -O2 -c" "EXTRA_COMPILER_FLAGS=-mcpu=cortex-a9 -mfpu=vfpv3 -mfloat-abi=hard -nos
TRACE::2026-01-31.17:36:34::SCWBDomain::tartfiles -g -Wall -Wextra"

TRACE::2026-01-31.17:36:34::SCWBDomain::make[2]: Entering directory 'X:/cpre488/Labs/MP-0/vitus/design_1_wrapper/zynq_fsbl/zynq_fsbl_bsp/ps7_cortexa9_0/libsrc/emacps_v
TRACE::2026-01-31.17:36:34::SCWBDomain::3_11/src'

TRACE::2026-01-31.17:36:34::SCWBDomain::make[2]: Leaving directory 'X:/cpre488/Labs/MP-0/vitus/design_1_wrapper/zynq_fsbl/zynq_fsbl_bsp/ps7_cortexa9_0/libsrc/emacps_v3
TRACE::2026-01-31.17:36:34::SCWBDomain::_11/src'

TRACE::2026-01-31.17:36:34::SCWBDomain::"Running Make include in ps7_cortexa9_0/libsrc/gpiops_v3_7/src"

TRACE::2026-01-31.17:36:34::SCWBDomain::make -C ps7_cortexa9_0/libsrc/gpiops_v3_7/src -s include  "SHELL=CMD" "COMPILER=arm-none-eabi-gcc" "ASSEMBLER=arm-none-eabi-as"
TRACE::2026-01-31.17:36:34::SCWBDomain:: "ARCHIVER=arm-none-eabi-ar" "COMPILER_FLAGS=  -O2 -c" "EXTRA_COMPILER_FLAGS=-mcpu=cortex-a9 -mfpu=vfpv3 -mfloat-abi=hard -nost
TRACE::2026-01-31.17:36:34::SCWBDomain::artfiles -g -Wall -Wextra"

TRACE::2026-01-31.17:36:34::SCWBDomain::make[2]: Entering directory 'X:/cpre488/Labs/MP-0/vitus/design_1_wrapper/zynq_fsbl/zynq_fsbl_bsp/ps7_cortexa9_0/libsrc/gpiops_v
TRACE::2026-01-31.17:36:34::SCWBDomain::3_7/src'

TRACE::2026-01-31.17:36:34::SCWBDomain::make[2]: Leaving directory 'X:/cpre488/Labs/MP-0/vitus/design_1_wrapper/zynq_fsbl/zynq_fsbl_bsp/ps7_cortexa9_0/libsrc/gpiops_v3
TRACE::2026-01-31.17:36:34::SCWBDomain::_7/src'

TRACE::2026-01-31.17:36:34::SCWBDomain::"Running Make include in ps7_cortexa9_0/libsrc/gpio_v4_6/src"

TRACE::2026-01-31.17:36:34::SCWBDomain::make -C ps7_cortexa9_0/libsrc/gpio_v4_6/src -s include  "SHELL=CMD" "COMPILER=arm-none-eabi-gcc" "ASSEMBLER=arm-none-eabi-as" "
TRACE::2026-01-31.17:36:34::SCWBDomain::ARCHIVER=arm-none-eabi-ar" "COMPILER_FLAGS=  -O2 -c" "EXTRA_COMPILER_FLAGS=-mcpu=cortex-a9 -mfpu=vfpv3 -mfloat-abi=hard -nostar
TRACE::2026-01-31.17:36:34::SCWBDomain::tfiles -g -Wall -Wextra"

TRACE::2026-01-31.17:36:34::SCWBDomain::make[2]: Entering directory 'X:/cpre488/Labs/MP-0/vitus/design_1_wrapper/zynq_fsbl/zynq_fsbl_bsp/ps7_cortexa9_0/libsrc/gpio_v4_
TRACE::2026-01-31.17:36:34::SCWBDomain::6/src'

TRACE::2026-01-31.17:36:35::SCWBDomain::make[2]: Leaving directory 'X:/cpre488/Labs/MP-0/vitus/design_1_wrapper/zynq_fsbl/zynq_fsbl_bsp/ps7_cortexa9_0/libsrc/gpio_v4_6
TRACE::2026-01-31.17:36:35::SCWBDomain::/src'

TRACE::2026-01-31.17:36:35::SCWBDomain::"Running Make include in ps7_cortexa9_0/libsrc/qspips_v3_7/src"

TRACE::2026-01-31.17:36:35::SCWBDomain::make -C ps7_cortexa9_0/libsrc/qspips_v3_7/src -s include  "SHELL=CMD" "COMPILER=arm-none-eabi-gcc" "ASSEMBLER=arm-none-eabi-as"
TRACE::2026-01-31.17:36:35::SCWBDomain:: "ARCHIVER=arm-none-eabi-ar" "COMPILER_FLAGS=  -O2 -c" "EXTRA_COMPILER_FLAGS=-mcpu=cortex-a9 -mfpu=vfpv3 -mfloat-abi=hard -nost
TRACE::2026-01-31.17:36:35::SCWBDomain::artfiles -g -Wall -Wextra"

TRACE::2026-01-31.17:36:35::SCWBDomain::make[2]: Entering directory 'X:/cpre488/Labs/MP-0/vitus/design_1_wrapper/zynq_fsbl/zynq_fsbl_bsp/ps7_cortexa9_0/libsrc/qspips_v
TRACE::2026-01-31.17:36:35::SCWBDomain::3_7/src'

TRACE::2026-01-31.17:36:35::SCWBDomain::make[2]: Leaving directory 'X:/cpre488/Labs/MP-0/vitus/design_1_wrapper/zynq_fsbl/zynq_fsbl_bsp/ps7_cortexa9_0/libsrc/qspips_v3
TRACE::2026-01-31.17:36:35::SCWBDomain::_7/src'

TRACE::2026-01-31.17:36:35::SCWBDomain::"Running Make include in ps7_cortexa9_0/libsrc/scugic_v4_2/src"

TRACE::2026-01-31.17:36:35::SCWBDomain::make -C ps7_cortexa9_0/libsrc/scugic_v4_2/src -s include  "SHELL=CMD" "COMPILER=arm-none-eabi-gcc" "ASSEMBLER=arm-none-eabi-as"
TRACE::2026-01-31.17:36:35::SCWBDomain:: "ARCHIVER=arm-none-eabi-ar" "COMPILER_FLAGS=  -O2 -c" "EXTRA_COMPILER_FLAGS=-mcpu=cortex-a9 -mfpu=vfpv3 -mfloat-abi=hard -nost
TRACE::2026-01-31.17:36:35::SCWBDomain::artfiles -g -Wall -Wextra"

TRACE::2026-01-31.17:36:35::SCWBDomain::make[2]: Entering directory 'X:/cpre488/Labs/MP-0/vitus/design_1_wrapper/zynq_fsbl/zynq_fsbl_bsp/ps7_cortexa9_0/libsrc/scugic_v
TRACE::2026-01-31.17:36:35::SCWBDomain::4_2/src'

TRACE::2026-01-31.17:36:35::SCWBDomain::make[2]: Leaving directory 'X:/cpre488/Labs/MP-0/vitus/design_1_wrapper/zynq_fsbl/zynq_fsbl_bsp/ps7_cortexa9_0/libsrc/scugic_v4
TRACE::2026-01-31.17:36:35::SCWBDomain::_2/src'

TRACE::2026-01-31.17:36:35::SCWBDomain::"Running Make include in ps7_cortexa9_0/libsrc/scutimer_v2_2/src"

TRACE::2026-01-31.17:36:35::SCWBDomain::make -C ps7_cortexa9_0/libsrc/scutimer_v2_2/src -s include  "SHELL=CMD" "COMPILER=arm-none-eabi-gcc" "ASSEMBLER=arm-none-eabi-a
TRACE::2026-01-31.17:36:35::SCWBDomain::s" "ARCHIVER=arm-none-eabi-ar" "COMPILER_FLAGS=  -O2 -c" "EXTRA_COMPILER_FLAGS=-mcpu=cortex-a9 -mfpu=vfpv3 -mfloat-abi=hard -no
TRACE::2026-01-31.17:36:35::SCWBDomain::startfiles -g -Wall -Wextra"

TRACE::2026-01-31.17:36:35::SCWBDomain::make[2]: Entering directory 'X:/cpre488/Labs/MP-0/vitus/design_1_wrapper/zynq_fsbl/zynq_fsbl_bsp/ps7_cortexa9_0/libsrc/scutimer
TRACE::2026-01-31.17:36:35::SCWBDomain::_v2_2/src'

TRACE::2026-01-31.17:36:35::SCWBDomain::make[2]: Leaving directory 'X:/cpre488/Labs/MP-0/vitus/design_1_wrapper/zynq_fsbl/zynq_fsbl_bsp/ps7_cortexa9_0/libsrc/scutimer_
TRACE::2026-01-31.17:36:35::SCWBDomain::v2_2/src'

TRACE::2026-01-31.17:36:35::SCWBDomain::"Running Make include in ps7_cortexa9_0/libsrc/scuwdt_v2_2/src"

TRACE::2026-01-31.17:36:35::SCWBDomain::make -C ps7_cortexa9_0/libsrc/scuwdt_v2_2/src -s include  "SHELL=CMD" "COMPILER=arm-none-eabi-gcc" "ASSEMBLER=arm-none-eabi-as"
TRACE::2026-01-31.17:36:35::SCWBDomain:: "ARCHIVER=arm-none-eabi-ar" "COMPILER_FLAGS=  -O2 -c" "EXTRA_COMPILER_FLAGS=-mcpu=cortex-a9 -mfpu=vfpv3 -mfloat-abi=hard -nost
TRACE::2026-01-31.17:36:35::SCWBDomain::artfiles -g -Wall -Wextra"

TRACE::2026-01-31.17:36:35::SCWBDomain::make[2]: Entering directory 'X:/cpre488/Labs/MP-0/vitus/design_1_wrapper/zynq_fsbl/zynq_fsbl_bsp/ps7_cortexa9_0/libsrc/scuwdt_v
TRACE::2026-01-31.17:36:35::SCWBDomain::2_2/src'

TRACE::2026-01-31.17:36:35::SCWBDomain::make[2]: Leaving directory 'X:/cpre488/Labs/MP-0/vitus/design_1_wrapper/zynq_fsbl/zynq_fsbl_bsp/ps7_cortexa9_0/libsrc/scuwdt_v2
TRACE::2026-01-31.17:36:35::SCWBDomain::_2/src'

TRACE::2026-01-31.17:36:35::SCWBDomain::"Running Make include in ps7_cortexa9_0/libsrc/sdps_v3_9/src"

TRACE::2026-01-31.17:36:35::SCWBDomain::make -C ps7_cortexa9_0/libsrc/sdps_v3_9/src -s include  "SHELL=CMD" "COMPILER=arm-none-eabi-gcc" "ASSEMBLER=arm-none-eabi-as" "
TRACE::2026-01-31.17:36:35::SCWBDomain::ARCHIVER=arm-none-eabi-ar" "COMPILER_FLAGS=  -O2 -c" "EXTRA_COMPILER_FLAGS=-mcpu=cortex-a9 -mfpu=vfpv3 -mfloat-abi=hard -nostar
TRACE::2026-01-31.17:36:35::SCWBDomain::tfiles -g -Wall -Wextra"

TRACE::2026-01-31.17:36:35::SCWBDomain::make[2]: Entering directory 'X:/cpre488/Labs/MP-0/vitus/design_1_wrapper/zynq_fsbl/zynq_fsbl_bsp/ps7_cortexa9_0/libsrc/sdps_v3_
TRACE::2026-01-31.17:36:35::SCWBDomain::9/src'

TRACE::2026-01-31.17:36:35::SCWBDomain::make[2]: Leaving directory 'X:/cpre488/Labs/MP-0/vitus/design_1_wrapper/zynq_fsbl/zynq_fsbl_bsp/ps7_cortexa9_0/libsrc/sdps_v3_9
TRACE::2026-01-31.17:36:35::SCWBDomain::/src'

TRACE::2026-01-31.17:36:35::SCWBDomain::"Running Make include in ps7_cortexa9_0/libsrc/standalone_v7_2/src"

TRACE::2026-01-31.17:36:35::SCWBDomain::make -C ps7_cortexa9_0/libsrc/standalone_v7_2/src -s include  "SHELL=CMD" "COMPILER=arm-none-eabi-gcc" "ASSEMBLER=arm-none-eabi
TRACE::2026-01-31.17:36:35::SCWBDomain::-as" "ARCHIVER=arm-none-eabi-ar" "COMPILER_FLAGS=  -O2 -c" "EXTRA_COMPILER_FLAGS=-mcpu=cortex-a9 -mfpu=vfpv3 -mfloat-abi=hard -
TRACE::2026-01-31.17:36:35::SCWBDomain::nostartfiles -g -Wall -Wextra"

TRACE::2026-01-31.17:36:35::SCWBDomain::make[2]: Entering directory 'X:/cpre488/Labs/MP-0/vitus/design_1_wrapper/zynq_fsbl/zynq_fsbl_bsp/ps7_cortexa9_0/libsrc/standalo
TRACE::2026-01-31.17:36:35::SCWBDomain::ne_v7_2/src'

TRACE::2026-01-31.17:36:36::SCWBDomain::make[3]: Entering directory 'X:/cpre488/Labs/MP-0/vitus/design_1_wrapper/zynq_fsbl/zynq_fsbl_bsp/ps7_cortexa9_0/libsrc/standalo
TRACE::2026-01-31.17:36:36::SCWBDomain::ne_v7_2/src/profile'

TRACE::2026-01-31.17:36:36::SCWBDomain::make[3]: Leaving directory 'X:/cpre488/Labs/MP-0/vitus/design_1_wrapper/zynq_fsbl/zynq_fsbl_bsp/ps7_cortexa9_0/libsrc/standalon
TRACE::2026-01-31.17:36:36::SCWBDomain::e_v7_2/src/profile'

TRACE::2026-01-31.17:36:36::SCWBDomain::make[2]: Leaving directory 'X:/cpre488/Labs/MP-0/vitus/design_1_wrapper/zynq_fsbl/zynq_fsbl_bsp/ps7_cortexa9_0/libsrc/standalon
TRACE::2026-01-31.17:36:36::SCWBDomain::e_v7_2/src'

TRACE::2026-01-31.17:36:36::SCWBDomain::"Running Make include in ps7_cortexa9_0/libsrc/ttcps_v3_11/src"

TRACE::2026-01-31.17:36:36::SCWBDomain::make -C ps7_cortexa9_0/libsrc/ttcps_v3_11/src -s include  "SHELL=CMD" "COMPILER=arm-none-eabi-gcc" "ASSEMBLER=arm-none-eabi-as"
TRACE::2026-01-31.17:36:36::SCWBDomain:: "ARCHIVER=arm-none-eabi-ar" "COMPILER_FLAGS=  -O2 -c" "EXTRA_COMPILER_FLAGS=-mcpu=cortex-a9 -mfpu=vfpv3 -mfloat-abi=hard -nost
TRACE::2026-01-31.17:36:36::SCWBDomain::artfiles -g -Wall -Wextra"

TRACE::2026-01-31.17:36:36::SCWBDomain::make[2]: Entering directory 'X:/cpre488/Labs/MP-0/vitus/design_1_wrapper/zynq_fsbl/zynq_fsbl_bsp/ps7_cortexa9_0/libsrc/ttcps_v3
TRACE::2026-01-31.17:36:36::SCWBDomain::_11/src'

TRACE::2026-01-31.17:36:36::SCWBDomain::make[2]: Leaving directory 'X:/cpre488/Labs/MP-0/vitus/design_1_wrapper/zynq_fsbl/zynq_fsbl_bsp/ps7_cortexa9_0/libsrc/ttcps_v3_
TRACE::2026-01-31.17:36:36::SCWBDomain::11/src'

TRACE::2026-01-31.17:36:36::SCWBDomain::"Running Make include in ps7_cortexa9_0/libsrc/uartps_v3_9/src"

TRACE::2026-01-31.17:36:36::SCWBDomain::make -C ps7_cortexa9_0/libsrc/uartps_v3_9/src -s include  "SHELL=CMD" "COMPILER=arm-none-eabi-gcc" "ASSEMBLER=arm-none-eabi-as"
TRACE::2026-01-31.17:36:36::SCWBDomain:: "ARCHIVER=arm-none-eabi-ar" "COMPILER_FLAGS=  -O2 -c" "EXTRA_COMPILER_FLAGS=-mcpu=cortex-a9 -mfpu=vfpv3 -mfloat-abi=hard -nost
TRACE::2026-01-31.17:36:36::SCWBDomain::artfiles -g -Wall -Wextra"

TRACE::2026-01-31.17:36:36::SCWBDomain::make[2]: Entering directory 'X:/cpre488/Labs/MP-0/vitus/design_1_wrapper/zynq_fsbl/zynq_fsbl_bsp/ps7_cortexa9_0/libsrc/uartps_v
TRACE::2026-01-31.17:36:36::SCWBDomain::3_9/src'

TRACE::2026-01-31.17:36:36::SCWBDomain::make[2]: Leaving directory 'X:/cpre488/Labs/MP-0/vitus/design_1_wrapper/zynq_fsbl/zynq_fsbl_bsp/ps7_cortexa9_0/libsrc/uartps_v3
TRACE::2026-01-31.17:36:36::SCWBDomain::_9/src'

TRACE::2026-01-31.17:36:36::SCWBDomain::"Running Make include in ps7_cortexa9_0/libsrc/usbps_v2_5/src"

TRACE::2026-01-31.17:36:36::SCWBDomain::make -C ps7_cortexa9_0/libsrc/usbps_v2_5/src -s include  "SHELL=CMD" "COMPILER=arm-none-eabi-gcc" "ASSEMBLER=arm-none-eabi-as" 
TRACE::2026-01-31.17:36:36::SCWBDomain::"ARCHIVER=arm-none-eabi-ar" "COMPILER_FLAGS=  -O2 -c" "EXTRA_COMPILER_FLAGS=-mcpu=cortex-a9 -mfpu=vfpv3 -mfloat-abi=hard -nosta
TRACE::2026-01-31.17:36:36::SCWBDomain::rtfiles -g -Wall -Wextra"

TRACE::2026-01-31.17:36:36::SCWBDomain::make[2]: Entering directory 'X:/cpre488/Labs/MP-0/vitus/design_1_wrapper/zynq_fsbl/zynq_fsbl_bsp/ps7_cortexa9_0/libsrc/usbps_v2
TRACE::2026-01-31.17:36:36::SCWBDomain::_5/src'

TRACE::2026-01-31.17:36:36::SCWBDomain::make[2]: Leaving directory 'X:/cpre488/Labs/MP-0/vitus/design_1_wrapper/zynq_fsbl/zynq_fsbl_bsp/ps7_cortexa9_0/libsrc/usbps_v2_
TRACE::2026-01-31.17:36:36::SCWBDomain::5/src'

TRACE::2026-01-31.17:36:36::SCWBDomain::"Running Make include in ps7_cortexa9_0/libsrc/vtc_v8_2/src"

TRACE::2026-01-31.17:36:36::SCWBDomain::make -C ps7_cortexa9_0/libsrc/vtc_v8_2/src -s include  "SHELL=CMD" "COMPILER=arm-none-eabi-gcc" "ASSEMBLER=arm-none-eabi-as" "A
TRACE::2026-01-31.17:36:36::SCWBDomain::RCHIVER=arm-none-eabi-ar" "COMPILER_FLAGS=  -O2 -c" "EXTRA_COMPILER_FLAGS=-mcpu=cortex-a9 -mfpu=vfpv3 -mfloat-abi=hard -nostart
TRACE::2026-01-31.17:36:36::SCWBDomain::files -g -Wall -Wextra"

TRACE::2026-01-31.17:36:36::SCWBDomain::make[2]: Entering directory 'X:/cpre488/Labs/MP-0/vitus/design_1_wrapper/zynq_fsbl/zynq_fsbl_bsp/ps7_cortexa9_0/libsrc/vtc_v8_2
TRACE::2026-01-31.17:36:36::SCWBDomain::/src'

TRACE::2026-01-31.17:36:36::SCWBDomain::make[2]: Leaving directory 'X:/cpre488/Labs/MP-0/vitus/design_1_wrapper/zynq_fsbl/zynq_fsbl_bsp/ps7_cortexa9_0/libsrc/vtc_v8_2/
TRACE::2026-01-31.17:36:36::SCWBDomain::src'

TRACE::2026-01-31.17:36:36::SCWBDomain::"Running Make include in ps7_cortexa9_0/libsrc/xadcps_v2_4/src"

TRACE::2026-01-31.17:36:36::SCWBDomain::make -C ps7_cortexa9_0/libsrc/xadcps_v2_4/src -s include  "SHELL=CMD" "COMPILER=arm-none-eabi-gcc" "ASSEMBLER=arm-none-eabi-as"
TRACE::2026-01-31.17:36:36::SCWBDomain:: "ARCHIVER=arm-none-eabi-ar" "COMPILER_FLAGS=  -O2 -c" "EXTRA_COMPILER_FLAGS=-mcpu=cortex-a9 -mfpu=vfpv3 -mfloat-abi=hard -nost
TRACE::2026-01-31.17:36:36::SCWBDomain::artfiles -g -Wall -Wextra"

TRACE::2026-01-31.17:36:36::SCWBDomain::make[2]: Entering directory 'X:/cpre488/Labs/MP-0/vitus/design_1_wrapper/zynq_fsbl/zynq_fsbl_bsp/ps7_cortexa9_0/libsrc/xadcps_v
TRACE::2026-01-31.17:36:36::SCWBDomain::2_4/src'

TRACE::2026-01-31.17:36:37::SCWBDomain::make[2]: Leaving directory 'X:/cpre488/Labs/MP-0/vitus/design_1_wrapper/zynq_fsbl/zynq_fsbl_bsp/ps7_cortexa9_0/libsrc/xadcps_v2
TRACE::2026-01-31.17:36:37::SCWBDomain::_4/src'

TRACE::2026-01-31.17:36:37::SCWBDomain::"Running Make include in ps7_cortexa9_0/libsrc/xilffs_v4_3/src"

TRACE::2026-01-31.17:36:37::SCWBDomain::make -C ps7_cortexa9_0/libsrc/xilffs_v4_3/src -s include  "SHELL=CMD" "COMPILER=arm-none-eabi-gcc" "ASSEMBLER=arm-none-eabi-as"
TRACE::2026-01-31.17:36:37::SCWBDomain:: "ARCHIVER=arm-none-eabi-ar" "COMPILER_FLAGS=  -O2 -c" "EXTRA_COMPILER_FLAGS=-mcpu=cortex-a9 -mfpu=vfpv3 -mfloat-abi=hard -nost
TRACE::2026-01-31.17:36:37::SCWBDomain::artfiles -g -Wall -Wextra"

TRACE::2026-01-31.17:36:37::SCWBDomain::make[2]: Entering directory 'X:/cpre488/Labs/MP-0/vitus/design_1_wrapper/zynq_fsbl/zynq_fsbl_bsp/ps7_cortexa9_0/libsrc/xilffs_v
TRACE::2026-01-31.17:36:37::SCWBDomain::4_3/src'

TRACE::2026-01-31.17:36:37::SCWBDomain::make[2]: Leaving directory 'X:/cpre488/Labs/MP-0/vitus/design_1_wrapper/zynq_fsbl/zynq_fsbl_bsp/ps7_cortexa9_0/libsrc/xilffs_v4
TRACE::2026-01-31.17:36:37::SCWBDomain::_3/src'

TRACE::2026-01-31.17:36:37::SCWBDomain::"Running Make include in ps7_cortexa9_0/libsrc/xilrsa_v1_6/src"

TRACE::2026-01-31.17:36:37::SCWBDomain::make -C ps7_cortexa9_0/libsrc/xilrsa_v1_6/src -s include  "SHELL=CMD" "COMPILER=arm-none-eabi-gcc" "ASSEMBLER=arm-none-eabi-as"
TRACE::2026-01-31.17:36:37::SCWBDomain:: "ARCHIVER=arm-none-eabi-ar" "COMPILER_FLAGS=  -O2 -c" "EXTRA_COMPILER_FLAGS=-mcpu=cortex-a9 -mfpu=vfpv3 -mfloat-abi=hard -nost
TRACE::2026-01-31.17:36:37::SCWBDomain::artfiles -g -Wall -Wextra"

TRACE::2026-01-31.17:36:37::SCWBDomain::make[2]: Entering directory 'X:/cpre488/Labs/MP-0/vitus/design_1_wrapper/zynq_fsbl/zynq_fsbl_bsp/ps7_cortexa9_0/libsrc/xilrsa_v
TRACE::2026-01-31.17:36:37::SCWBDomain::1_6/src'

TRACE::2026-01-31.17:36:37::SCWBDomain::make[2]: Leaving directory 'X:/cpre488/Labs/MP-0/vitus/design_1_wrapper/zynq_fsbl/zynq_fsbl_bsp/ps7_cortexa9_0/libsrc/xilrsa_v1
TRACE::2026-01-31.17:36:37::SCWBDomain::_6/src'

TRACE::2026-01-31.17:36:37::SCWBDomain::"Running Make libs in ps7_cortexa9_0/libsrc/axivdma_v6_7/src"

TRACE::2026-01-31.17:36:37::SCWBDomain::make -C ps7_cortexa9_0/libsrc/axivdma_v6_7/src -s libs  "SHELL=CMD" "COMPILER=arm-none-eabi-gcc" "ASSEMBLER=arm-none-eabi-as" "
TRACE::2026-01-31.17:36:37::SCWBDomain::ARCHIVER=arm-none-eabi-ar" "COMPILER_FLAGS=  -O2 -c" "EXTRA_COMPILER_FLAGS=-mcpu=cortex-a9 -mfpu=vfpv3 -mfloat-abi=hard -nostar
TRACE::2026-01-31.17:36:37::SCWBDomain::tfiles -g -Wall -Wextra"

TRACE::2026-01-31.17:36:37::SCWBDomain::make[2]: Entering directory 'X:/cpre488/Labs/MP-0/vitus/design_1_wrapper/zynq_fsbl/zynq_fsbl_bsp/ps7_cortexa9_0/libsrc/axivdma_
TRACE::2026-01-31.17:36:37::SCWBDomain::v6_7/src'

TRACE::2026-01-31.17:36:37::SCWBDomain::"Compiling axivdma"

TRACE::2026-01-31.17:36:38::SCWBDomain::make[2]: Leaving directory 'X:/cpre488/Labs/MP-0/vitus/design_1_wrapper/zynq_fsbl/zynq_fsbl_bsp/ps7_cortexa9_0/libsrc/axivdma_v
TRACE::2026-01-31.17:36:38::SCWBDomain::6_7/src'

TRACE::2026-01-31.17:36:38::SCWBDomain::"Running Make libs in ps7_cortexa9_0/libsrc/coresightps_dcc_v1_7/src"

TRACE::2026-01-31.17:36:38::SCWBDomain::make -C ps7_cortexa9_0/libsrc/coresightps_dcc_v1_7/src -s libs  "SHELL=CMD" "COMPILER=arm-none-eabi-gcc" "ASSEMBLER=arm-none-ea
TRACE::2026-01-31.17:36:38::SCWBDomain::bi-as" "ARCHIVER=arm-none-eabi-ar" "COMPILER_FLAGS=  -O2 -c" "EXTRA_COMPILER_FLAGS=-mcpu=cortex-a9 -mfpu=vfpv3 -mfloat-abi=hard
TRACE::2026-01-31.17:36:38::SCWBDomain:: -nostartfiles -g -Wall -Wextra"

TRACE::2026-01-31.17:36:38::SCWBDomain::make[2]: Entering directory 'X:/cpre488/Labs/MP-0/vitus/design_1_wrapper/zynq_fsbl/zynq_fsbl_bsp/ps7_cortexa9_0/libsrc/coresigh
TRACE::2026-01-31.17:36:38::SCWBDomain::tps_dcc_v1_7/src'

TRACE::2026-01-31.17:36:38::SCWBDomain::"Compiling coresightps_dcc"

TRACE::2026-01-31.17:36:38::SCWBDomain::make[2]: Leaving directory 'X:/cpre488/Labs/MP-0/vitus/design_1_wrapper/zynq_fsbl/zynq_fsbl_bsp/ps7_cortexa9_0/libsrc/coresight
TRACE::2026-01-31.17:36:38::SCWBDomain::ps_dcc_v1_7/src'

TRACE::2026-01-31.17:36:38::SCWBDomain::"Running Make libs in ps7_cortexa9_0/libsrc/cpu_cortexa9_v2_9/src"

TRACE::2026-01-31.17:36:38::SCWBDomain::make -C ps7_cortexa9_0/libsrc/cpu_cortexa9_v2_9/src -s libs  "SHELL=CMD" "COMPILER=arm-none-eabi-gcc" "ASSEMBLER=arm-none-eabi-
TRACE::2026-01-31.17:36:38::SCWBDomain::as" "ARCHIVER=arm-none-eabi-ar" "COMPILER_FLAGS=  -O2 -c" "EXTRA_COMPILER_FLAGS=-mcpu=cortex-a9 -mfpu=vfpv3 -mfloat-abi=hard -n
TRACE::2026-01-31.17:36:38::SCWBDomain::ostartfiles -g -Wall -Wextra"

TRACE::2026-01-31.17:36:38::SCWBDomain::make[2]: Entering directory 'X:/cpre488/Labs/MP-0/vitus/design_1_wrapper/zynq_fsbl/zynq_fsbl_bsp/ps7_cortexa9_0/libsrc/cpu_cort
TRACE::2026-01-31.17:36:38::SCWBDomain::exa9_v2_9/src'

TRACE::2026-01-31.17:36:38::SCWBDomain::"Compiling cpu_cortexa9"

TRACE::2026-01-31.17:36:38::SCWBDomain::make[2]: Leaving directory 'X:/cpre488/Labs/MP-0/vitus/design_1_wrapper/zynq_fsbl/zynq_fsbl_bsp/ps7_cortexa9_0/libsrc/cpu_corte
TRACE::2026-01-31.17:36:38::SCWBDomain::xa9_v2_9/src'

TRACE::2026-01-31.17:36:38::SCWBDomain::"Running Make libs in ps7_cortexa9_0/libsrc/ddrps_v1_1/src"

TRACE::2026-01-31.17:36:38::SCWBDomain::make -C ps7_cortexa9_0/libsrc/ddrps_v1_1/src -s libs  "SHELL=CMD" "COMPILER=arm-none-eabi-gcc" "ASSEMBLER=arm-none-eabi-as" "AR
TRACE::2026-01-31.17:36:38::SCWBDomain::CHIVER=arm-none-eabi-ar" "COMPILER_FLAGS=  -O2 -c" "EXTRA_COMPILER_FLAGS=-mcpu=cortex-a9 -mfpu=vfpv3 -mfloat-abi=hard -nostartf
TRACE::2026-01-31.17:36:38::SCWBDomain::iles -g -Wall -Wextra"

TRACE::2026-01-31.17:36:38::SCWBDomain::make[2]: Entering directory 'X:/cpre488/Labs/MP-0/vitus/design_1_wrapper/zynq_fsbl/zynq_fsbl_bsp/ps7_cortexa9_0/libsrc/ddrps_v1
TRACE::2026-01-31.17:36:38::SCWBDomain::_1/src'

TRACE::2026-01-31.17:36:38::SCWBDomain::"Compiling ddrps"

TRACE::2026-01-31.17:36:38::SCWBDomain::make[2]: Leaving directory 'X:/cpre488/Labs/MP-0/vitus/design_1_wrapper/zynq_fsbl/zynq_fsbl_bsp/ps7_cortexa9_0/libsrc/ddrps_v1_
TRACE::2026-01-31.17:36:38::SCWBDomain::1/src'

TRACE::2026-01-31.17:36:38::SCWBDomain::"Running Make libs in ps7_cortexa9_0/libsrc/devcfg_v3_6/src"

TRACE::2026-01-31.17:36:38::SCWBDomain::make -C ps7_cortexa9_0/libsrc/devcfg_v3_6/src -s libs  "SHELL=CMD" "COMPILER=arm-none-eabi-gcc" "ASSEMBLER=arm-none-eabi-as" "A
TRACE::2026-01-31.17:36:38::SCWBDomain::RCHIVER=arm-none-eabi-ar" "COMPILER_FLAGS=  -O2 -c" "EXTRA_COMPILER_FLAGS=-mcpu=cortex-a9 -mfpu=vfpv3 -mfloat-abi=hard -nostart
TRACE::2026-01-31.17:36:38::SCWBDomain::files -g -Wall -Wextra"

TRACE::2026-01-31.17:36:38::SCWBDomain::make[2]: Entering directory 'X:/cpre488/Labs/MP-0/vitus/design_1_wrapper/zynq_fsbl/zynq_fsbl_bsp/ps7_cortexa9_0/libsrc/devcfg_v
TRACE::2026-01-31.17:36:38::SCWBDomain::3_6/src'

TRACE::2026-01-31.17:36:38::SCWBDomain::"Compiling devcfg"

TRACE::2026-01-31.17:36:39::SCWBDomain::make[2]: Leaving directory 'X:/cpre488/Labs/MP-0/vitus/design_1_wrapper/zynq_fsbl/zynq_fsbl_bsp/ps7_cortexa9_0/libsrc/devcfg_v3
TRACE::2026-01-31.17:36:39::SCWBDomain::_6/src'

TRACE::2026-01-31.17:36:39::SCWBDomain::"Running Make libs in ps7_cortexa9_0/libsrc/dmaps_v2_6/src"

TRACE::2026-01-31.17:36:39::SCWBDomain::make -C ps7_cortexa9_0/libsrc/dmaps_v2_6/src -s libs  "SHELL=CMD" "COMPILER=arm-none-eabi-gcc" "ASSEMBLER=arm-none-eabi-as" "AR
TRACE::2026-01-31.17:36:39::SCWBDomain::CHIVER=arm-none-eabi-ar" "COMPILER_FLAGS=  -O2 -c" "EXTRA_COMPILER_FLAGS=-mcpu=cortex-a9 -mfpu=vfpv3 -mfloat-abi=hard -nostartf
TRACE::2026-01-31.17:36:39::SCWBDomain::iles -g -Wall -Wextra"

TRACE::2026-01-31.17:36:39::SCWBDomain::make[2]: Entering directory 'X:/cpre488/Labs/MP-0/vitus/design_1_wrapper/zynq_fsbl/zynq_fsbl_bsp/ps7_cortexa9_0/libsrc/dmaps_v2
TRACE::2026-01-31.17:36:39::SCWBDomain::_6/src'

TRACE::2026-01-31.17:36:39::SCWBDomain::"Compiling dmaps"

TRACE::2026-01-31.17:36:39::SCWBDomain::make[2]: Leaving directory 'X:/cpre488/Labs/MP-0/vitus/design_1_wrapper/zynq_fsbl/zynq_fsbl_bsp/ps7_cortexa9_0/libsrc/dmaps_v2_
TRACE::2026-01-31.17:36:39::SCWBDomain::6/src'

TRACE::2026-01-31.17:36:39::SCWBDomain::"Running Make libs in ps7_cortexa9_0/libsrc/emacps_v3_11/src"

TRACE::2026-01-31.17:36:39::SCWBDomain::make -C ps7_cortexa9_0/libsrc/emacps_v3_11/src -s libs  "SHELL=CMD" "COMPILER=arm-none-eabi-gcc" "ASSEMBLER=arm-none-eabi-as" "
TRACE::2026-01-31.17:36:39::SCWBDomain::ARCHIVER=arm-none-eabi-ar" "COMPILER_FLAGS=  -O2 -c" "EXTRA_COMPILER_FLAGS=-mcpu=cortex-a9 -mfpu=vfpv3 -mfloat-abi=hard -nostar
TRACE::2026-01-31.17:36:39::SCWBDomain::tfiles -g -Wall -Wextra"

TRACE::2026-01-31.17:36:39::SCWBDomain::make[2]: Entering directory 'X:/cpre488/Labs/MP-0/vitus/design_1_wrapper/zynq_fsbl/zynq_fsbl_bsp/ps7_cortexa9_0/libsrc/emacps_v
TRACE::2026-01-31.17:36:39::SCWBDomain::3_11/src'

TRACE::2026-01-31.17:36:39::SCWBDomain::"Compiling emacps"

TRACE::2026-01-31.17:36:40::SCWBDomain::make[2]: Leaving directory 'X:/cpre488/Labs/MP-0/vitus/design_1_wrapper/zynq_fsbl/zynq_fsbl_bsp/ps7_cortexa9_0/libsrc/emacps_v3
TRACE::2026-01-31.17:36:40::SCWBDomain::_11/src'

TRACE::2026-01-31.17:36:40::SCWBDomain::"Running Make libs in ps7_cortexa9_0/libsrc/gpiops_v3_7/src"

TRACE::2026-01-31.17:36:40::SCWBDomain::make -C ps7_cortexa9_0/libsrc/gpiops_v3_7/src -s libs  "SHELL=CMD" "COMPILER=arm-none-eabi-gcc" "ASSEMBLER=arm-none-eabi-as" "A
TRACE::2026-01-31.17:36:40::SCWBDomain::RCHIVER=arm-none-eabi-ar" "COMPILER_FLAGS=  -O2 -c" "EXTRA_COMPILER_FLAGS=-mcpu=cortex-a9 -mfpu=vfpv3 -mfloat-abi=hard -nostart
TRACE::2026-01-31.17:36:40::SCWBDomain::files -g -Wall -Wextra"

TRACE::2026-01-31.17:36:40::SCWBDomain::make[2]: Entering directory 'X:/cpre488/Labs/MP-0/vitus/design_1_wrapper/zynq_fsbl/zynq_fsbl_bsp/ps7_cortexa9_0/libsrc/gpiops_v
TRACE::2026-01-31.17:36:40::SCWBDomain::3_7/src'

TRACE::2026-01-31.17:36:40::SCWBDomain::"Compiling gpiops"

TRACE::2026-01-31.17:36:41::SCWBDomain::make[2]: Leaving directory 'X:/cpre488/Labs/MP-0/vitus/design_1_wrapper/zynq_fsbl/zynq_fsbl_bsp/ps7_cortexa9_0/libsrc/gpiops_v3
TRACE::2026-01-31.17:36:41::SCWBDomain::_7/src'

TRACE::2026-01-31.17:36:41::SCWBDomain::"Running Make libs in ps7_cortexa9_0/libsrc/gpio_v4_6/src"

TRACE::2026-01-31.17:36:41::SCWBDomain::make -C ps7_cortexa9_0/libsrc/gpio_v4_6/src -s libs  "SHELL=CMD" "COMPILER=arm-none-eabi-gcc" "ASSEMBLER=arm-none-eabi-as" "ARC
TRACE::2026-01-31.17:36:41::SCWBDomain::HIVER=arm-none-eabi-ar" "COMPILER_FLAGS=  -O2 -c" "EXTRA_COMPILER_FLAGS=-mcpu=cortex-a9 -mfpu=vfpv3 -mfloat-abi=hard -nostartfi
TRACE::2026-01-31.17:36:41::SCWBDomain::les -g -Wall -Wextra"

TRACE::2026-01-31.17:36:41::SCWBDomain::make[2]: Entering directory 'X:/cpre488/Labs/MP-0/vitus/design_1_wrapper/zynq_fsbl/zynq_fsbl_bsp/ps7_cortexa9_0/libsrc/gpio_v4_
TRACE::2026-01-31.17:36:41::SCWBDomain::6/src'

TRACE::2026-01-31.17:36:41::SCWBDomain::"Compiling gpio"

TRACE::2026-01-31.17:36:42::SCWBDomain::make[2]: Leaving directory 'X:/cpre488/Labs/MP-0/vitus/design_1_wrapper/zynq_fsbl/zynq_fsbl_bsp/ps7_cortexa9_0/libsrc/gpio_v4_6
TRACE::2026-01-31.17:36:42::SCWBDomain::/src'

TRACE::2026-01-31.17:36:42::SCWBDomain::"Running Make libs in ps7_cortexa9_0/libsrc/qspips_v3_7/src"

TRACE::2026-01-31.17:36:42::SCWBDomain::make -C ps7_cortexa9_0/libsrc/qspips_v3_7/src -s libs  "SHELL=CMD" "COMPILER=arm-none-eabi-gcc" "ASSEMBLER=arm-none-eabi-as" "A
TRACE::2026-01-31.17:36:42::SCWBDomain::RCHIVER=arm-none-eabi-ar" "COMPILER_FLAGS=  -O2 -c" "EXTRA_COMPILER_FLAGS=-mcpu=cortex-a9 -mfpu=vfpv3 -mfloat-abi=hard -nostart
TRACE::2026-01-31.17:36:42::SCWBDomain::files -g -Wall -Wextra"

TRACE::2026-01-31.17:36:42::SCWBDomain::make[2]: Entering directory 'X:/cpre488/Labs/MP-0/vitus/design_1_wrapper/zynq_fsbl/zynq_fsbl_bsp/ps7_cortexa9_0/libsrc/qspips_v
TRACE::2026-01-31.17:36:42::SCWBDomain::3_7/src'

TRACE::2026-01-31.17:36:42::SCWBDomain::"Compiling qspips"

TRACE::2026-01-31.17:36:42::SCWBDomain::make[2]: Leaving directory 'X:/cpre488/Labs/MP-0/vitus/design_1_wrapper/zynq_fsbl/zynq_fsbl_bsp/ps7_cortexa9_0/libsrc/qspips_v3
TRACE::2026-01-31.17:36:42::SCWBDomain::_7/src'

TRACE::2026-01-31.17:36:42::SCWBDomain::"Running Make libs in ps7_cortexa9_0/libsrc/scugic_v4_2/src"

TRACE::2026-01-31.17:36:42::SCWBDomain::make -C ps7_cortexa9_0/libsrc/scugic_v4_2/src -s libs  "SHELL=CMD" "COMPILER=arm-none-eabi-gcc" "ASSEMBLER=arm-none-eabi-as" "A
TRACE::2026-01-31.17:36:42::SCWBDomain::RCHIVER=arm-none-eabi-ar" "COMPILER_FLAGS=  -O2 -c" "EXTRA_COMPILER_FLAGS=-mcpu=cortex-a9 -mfpu=vfpv3 -mfloat-abi=hard -nostart
TRACE::2026-01-31.17:36:42::SCWBDomain::files -g -Wall -Wextra"

TRACE::2026-01-31.17:36:42::SCWBDomain::make[2]: Entering directory 'X:/cpre488/Labs/MP-0/vitus/design_1_wrapper/zynq_fsbl/zynq_fsbl_bsp/ps7_cortexa9_0/libsrc/scugic_v
TRACE::2026-01-31.17:36:42::SCWBDomain::4_2/src'

TRACE::2026-01-31.17:36:42::SCWBDomain::"Compiling scugic"

TRACE::2026-01-31.17:36:43::SCWBDomain::make[2]: Leaving directory 'X:/cpre488/Labs/MP-0/vitus/design_1_wrapper/zynq_fsbl/zynq_fsbl_bsp/ps7_cortexa9_0/libsrc/scugic_v4
TRACE::2026-01-31.17:36:43::SCWBDomain::_2/src'

TRACE::2026-01-31.17:36:43::SCWBDomain::"Running Make libs in ps7_cortexa9_0/libsrc/scutimer_v2_2/src"

TRACE::2026-01-31.17:36:43::SCWBDomain::make -C ps7_cortexa9_0/libsrc/scutimer_v2_2/src -s libs  "SHELL=CMD" "COMPILER=arm-none-eabi-gcc" "ASSEMBLER=arm-none-eabi-as" 
TRACE::2026-01-31.17:36:43::SCWBDomain::"ARCHIVER=arm-none-eabi-ar" "COMPILER_FLAGS=  -O2 -c" "EXTRA_COMPILER_FLAGS=-mcpu=cortex-a9 -mfpu=vfpv3 -mfloat-abi=hard -nosta
TRACE::2026-01-31.17:36:43::SCWBDomain::rtfiles -g -Wall -Wextra"

TRACE::2026-01-31.17:36:43::SCWBDomain::make[2]: Entering directory 'X:/cpre488/Labs/MP-0/vitus/design_1_wrapper/zynq_fsbl/zynq_fsbl_bsp/ps7_cortexa9_0/libsrc/scutimer
TRACE::2026-01-31.17:36:43::SCWBDomain::_v2_2/src'

TRACE::2026-01-31.17:36:43::SCWBDomain::"Compiling scutimer"

TRACE::2026-01-31.17:36:44::SCWBDomain::make[2]: Leaving directory 'X:/cpre488/Labs/MP-0/vitus/design_1_wrapper/zynq_fsbl/zynq_fsbl_bsp/ps7_cortexa9_0/libsrc/scutimer_
TRACE::2026-01-31.17:36:44::SCWBDomain::v2_2/src'

TRACE::2026-01-31.17:36:44::SCWBDomain::"Running Make libs in ps7_cortexa9_0/libsrc/scuwdt_v2_2/src"

TRACE::2026-01-31.17:36:44::SCWBDomain::make -C ps7_cortexa9_0/libsrc/scuwdt_v2_2/src -s libs  "SHELL=CMD" "COMPILER=arm-none-eabi-gcc" "ASSEMBLER=arm-none-eabi-as" "A
TRACE::2026-01-31.17:36:44::SCWBDomain::RCHIVER=arm-none-eabi-ar" "COMPILER_FLAGS=  -O2 -c" "EXTRA_COMPILER_FLAGS=-mcpu=cortex-a9 -mfpu=vfpv3 -mfloat-abi=hard -nostart
TRACE::2026-01-31.17:36:44::SCWBDomain::files -g -Wall -Wextra"

TRACE::2026-01-31.17:36:44::SCWBDomain::make[2]: Entering directory 'X:/cpre488/Labs/MP-0/vitus/design_1_wrapper/zynq_fsbl/zynq_fsbl_bsp/ps7_cortexa9_0/libsrc/scuwdt_v
TRACE::2026-01-31.17:36:44::SCWBDomain::2_2/src'

TRACE::2026-01-31.17:36:44::SCWBDomain::"Compiling scuwdt"

TRACE::2026-01-31.17:36:44::SCWBDomain::make[2]: Leaving directory 'X:/cpre488/Labs/MP-0/vitus/design_1_wrapper/zynq_fsbl/zynq_fsbl_bsp/ps7_cortexa9_0/libsrc/scuwdt_v2
TRACE::2026-01-31.17:36:44::SCWBDomain::_2/src'

TRACE::2026-01-31.17:36:44::SCWBDomain::"Running Make libs in ps7_cortexa9_0/libsrc/sdps_v3_9/src"

TRACE::2026-01-31.17:36:44::SCWBDomain::make -C ps7_cortexa9_0/libsrc/sdps_v3_9/src -s libs  "SHELL=CMD" "COMPILER=arm-none-eabi-gcc" "ASSEMBLER=arm-none-eabi-as" "ARC
TRACE::2026-01-31.17:36:44::SCWBDomain::HIVER=arm-none-eabi-ar" "COMPILER_FLAGS=  -O2 -c" "EXTRA_COMPILER_FLAGS=-mcpu=cortex-a9 -mfpu=vfpv3 -mfloat-abi=hard -nostartfi
TRACE::2026-01-31.17:36:44::SCWBDomain::les -g -Wall -Wextra"

TRACE::2026-01-31.17:36:44::SCWBDomain::make[2]: Entering directory 'X:/cpre488/Labs/MP-0/vitus/design_1_wrapper/zynq_fsbl/zynq_fsbl_bsp/ps7_cortexa9_0/libsrc/sdps_v3_
TRACE::2026-01-31.17:36:44::SCWBDomain::9/src'

TRACE::2026-01-31.17:36:44::SCWBDomain::"Compiling sdps"

TRACE::2026-01-31.17:36:45::SCWBDomain::make[2]: Leaving directory 'X:/cpre488/Labs/MP-0/vitus/design_1_wrapper/zynq_fsbl/zynq_fsbl_bsp/ps7_cortexa9_0/libsrc/sdps_v3_9
TRACE::2026-01-31.17:36:45::SCWBDomain::/src'

TRACE::2026-01-31.17:36:45::SCWBDomain::"Running Make libs in ps7_cortexa9_0/libsrc/standalone_v7_2/src"

TRACE::2026-01-31.17:36:45::SCWBDomain::make -C ps7_cortexa9_0/libsrc/standalone_v7_2/src -s libs  "SHELL=CMD" "COMPILER=arm-none-eabi-gcc" "ASSEMBLER=arm-none-eabi-as
TRACE::2026-01-31.17:36:45::SCWBDomain::" "ARCHIVER=arm-none-eabi-ar" "COMPILER_FLAGS=  -O2 -c" "EXTRA_COMPILER_FLAGS=-mcpu=cortex-a9 -mfpu=vfpv3 -mfloat-abi=hard -nos
TRACE::2026-01-31.17:36:45::SCWBDomain::tartfiles -g -Wall -Wextra"

TRACE::2026-01-31.17:36:45::SCWBDomain::make[2]: Entering directory 'X:/cpre488/Labs/MP-0/vitus/design_1_wrapper/zynq_fsbl/zynq_fsbl_bsp/ps7_cortexa9_0/libsrc/standalo
TRACE::2026-01-31.17:36:45::SCWBDomain::ne_v7_2/src'

TRACE::2026-01-31.17:36:45::SCWBDomain::"Compiling standalone"

TRACE::2026-01-31.17:36:49::SCWBDomain::make[3]: Entering directory 'X:/cpre488/Labs/MP-0/vitus/design_1_wrapper/zynq_fsbl/zynq_fsbl_bsp/ps7_cortexa9_0/libsrc/standalo
TRACE::2026-01-31.17:36:49::SCWBDomain::ne_v7_2/src/profile'

TRACE::2026-01-31.17:36:49::SCWBDomain::make[3]: Leaving directory 'X:/cpre488/Labs/MP-0/vitus/design_1_wrapper/zynq_fsbl/zynq_fsbl_bsp/ps7_cortexa9_0/libsrc/standalon
TRACE::2026-01-31.17:36:49::SCWBDomain::e_v7_2/src/profile'

TRACE::2026-01-31.17:36:49::SCWBDomain::make[2]: Leaving directory 'X:/cpre488/Labs/MP-0/vitus/design_1_wrapper/zynq_fsbl/zynq_fsbl_bsp/ps7_cortexa9_0/libsrc/standalon
TRACE::2026-01-31.17:36:49::SCWBDomain::e_v7_2/src'

TRACE::2026-01-31.17:36:49::SCWBDomain::"Running Make libs in ps7_cortexa9_0/libsrc/ttcps_v3_11/src"

TRACE::2026-01-31.17:36:49::SCWBDomain::make -C ps7_cortexa9_0/libsrc/ttcps_v3_11/src -s libs  "SHELL=CMD" "COMPILER=arm-none-eabi-gcc" "ASSEMBLER=arm-none-eabi-as" "A
TRACE::2026-01-31.17:36:49::SCWBDomain::RCHIVER=arm-none-eabi-ar" "COMPILER_FLAGS=  -O2 -c" "EXTRA_COMPILER_FLAGS=-mcpu=cortex-a9 -mfpu=vfpv3 -mfloat-abi=hard -nostart
TRACE::2026-01-31.17:36:49::SCWBDomain::files -g -Wall -Wextra"

TRACE::2026-01-31.17:36:49::SCWBDomain::make[2]: Entering directory 'X:/cpre488/Labs/MP-0/vitus/design_1_wrapper/zynq_fsbl/zynq_fsbl_bsp/ps7_cortexa9_0/libsrc/ttcps_v3
TRACE::2026-01-31.17:36:49::SCWBDomain::_11/src'

TRACE::2026-01-31.17:36:49::SCWBDomain::"Compiling ttcps"

TRACE::2026-01-31.17:36:49::SCWBDomain::make[2]: Leaving directory 'X:/cpre488/Labs/MP-0/vitus/design_1_wrapper/zynq_fsbl/zynq_fsbl_bsp/ps7_cortexa9_0/libsrc/ttcps_v3_
TRACE::2026-01-31.17:36:49::SCWBDomain::11/src'

TRACE::2026-01-31.17:36:49::SCWBDomain::"Running Make libs in ps7_cortexa9_0/libsrc/uartps_v3_9/src"

TRACE::2026-01-31.17:36:49::SCWBDomain::make -C ps7_cortexa9_0/libsrc/uartps_v3_9/src -s libs  "SHELL=CMD" "COMPILER=arm-none-eabi-gcc" "ASSEMBLER=arm-none-eabi-as" "A
TRACE::2026-01-31.17:36:49::SCWBDomain::RCHIVER=arm-none-eabi-ar" "COMPILER_FLAGS=  -O2 -c" "EXTRA_COMPILER_FLAGS=-mcpu=cortex-a9 -mfpu=vfpv3 -mfloat-abi=hard -nostart
TRACE::2026-01-31.17:36:49::SCWBDomain::files -g -Wall -Wextra"

TRACE::2026-01-31.17:36:49::SCWBDomain::make[2]: Entering directory 'X:/cpre488/Labs/MP-0/vitus/design_1_wrapper/zynq_fsbl/zynq_fsbl_bsp/ps7_cortexa9_0/libsrc/uartps_v
TRACE::2026-01-31.17:36:49::SCWBDomain::3_9/src'

TRACE::2026-01-31.17:36:49::SCWBDomain::"Compiling uartps"

TRACE::2026-01-31.17:36:50::SCWBDomain::make[2]: Leaving directory 'X:/cpre488/Labs/MP-0/vitus/design_1_wrapper/zynq_fsbl/zynq_fsbl_bsp/ps7_cortexa9_0/libsrc/uartps_v3
TRACE::2026-01-31.17:36:50::SCWBDomain::_9/src'

TRACE::2026-01-31.17:36:50::SCWBDomain::"Running Make libs in ps7_cortexa9_0/libsrc/usbps_v2_5/src"

TRACE::2026-01-31.17:36:50::SCWBDomain::make -C ps7_cortexa9_0/libsrc/usbps_v2_5/src -s libs  "SHELL=CMD" "COMPILER=arm-none-eabi-gcc" "ASSEMBLER=arm-none-eabi-as" "AR
TRACE::2026-01-31.17:36:50::SCWBDomain::CHIVER=arm-none-eabi-ar" "COMPILER_FLAGS=  -O2 -c" "EXTRA_COMPILER_FLAGS=-mcpu=cortex-a9 -mfpu=vfpv3 -mfloat-abi=hard -nostartf
TRACE::2026-01-31.17:36:50::SCWBDomain::iles -g -Wall -Wextra"

TRACE::2026-01-31.17:36:50::SCWBDomain::make[2]: Entering directory 'X:/cpre488/Labs/MP-0/vitus/design_1_wrapper/zynq_fsbl/zynq_fsbl_bsp/ps7_cortexa9_0/libsrc/usbps_v2
TRACE::2026-01-31.17:36:50::SCWBDomain::_5/src'

TRACE::2026-01-31.17:36:50::SCWBDomain::"Compiling usbps"

TRACE::2026-01-31.17:36:51::SCWBDomain::make[2]: Leaving directory 'X:/cpre488/Labs/MP-0/vitus/design_1_wrapper/zynq_fsbl/zynq_fsbl_bsp/ps7_cortexa9_0/libsrc/usbps_v2_
TRACE::2026-01-31.17:36:51::SCWBDomain::5/src'

TRACE::2026-01-31.17:36:51::SCWBDomain::"Running Make libs in ps7_cortexa9_0/libsrc/vtc_v8_2/src"

TRACE::2026-01-31.17:36:51::SCWBDomain::make -C ps7_cortexa9_0/libsrc/vtc_v8_2/src -s libs  "SHELL=CMD" "COMPILER=arm-none-eabi-gcc" "ASSEMBLER=arm-none-eabi-as" "ARCH
TRACE::2026-01-31.17:36:51::SCWBDomain::IVER=arm-none-eabi-ar" "COMPILER_FLAGS=  -O2 -c" "EXTRA_COMPILER_FLAGS=-mcpu=cortex-a9 -mfpu=vfpv3 -mfloat-abi=hard -nostartfil
TRACE::2026-01-31.17:36:51::SCWBDomain::es -g -Wall -Wextra"

TRACE::2026-01-31.17:36:51::SCWBDomain::make[2]: Entering directory 'X:/cpre488/Labs/MP-0/vitus/design_1_wrapper/zynq_fsbl/zynq_fsbl_bsp/ps7_cortexa9_0/libsrc/vtc_v8_2
TRACE::2026-01-31.17:36:51::SCWBDomain::/src'

TRACE::2026-01-31.17:36:51::SCWBDomain::"Compiling video timing controller"

TRACE::2026-01-31.17:36:52::SCWBDomain::make[3]: Entering directory 'X:/cpre488/Labs/MP-0/vitus/design_1_wrapper/zynq_fsbl/zynq_fsbl_bsp/ps7_cortexa9_0/libsrc/vtc_v8_2
TRACE::2026-01-31.17:36:52::SCWBDomain::/src'

TRACE::2026-01-31.17:36:52::SCWBDomain::make[3]: Leaving directory 'X:/cpre488/Labs/MP-0/vitus/design_1_wrapper/zynq_fsbl/zynq_fsbl_bsp/ps7_cortexa9_0/libsrc/vtc_v8_2/
TRACE::2026-01-31.17:36:52::SCWBDomain::src'

TRACE::2026-01-31.17:36:52::SCWBDomain::make[2]: Leaving directory 'X:/cpre488/Labs/MP-0/vitus/design_1_wrapper/zynq_fsbl/zynq_fsbl_bsp/ps7_cortexa9_0/libsrc/vtc_v8_2/
TRACE::2026-01-31.17:36:52::SCWBDomain::src'

TRACE::2026-01-31.17:36:52::SCWBDomain::"Running Make libs in ps7_cortexa9_0/libsrc/xadcps_v2_4/src"

TRACE::2026-01-31.17:36:52::SCWBDomain::make -C ps7_cortexa9_0/libsrc/xadcps_v2_4/src -s libs  "SHELL=CMD" "COMPILER=arm-none-eabi-gcc" "ASSEMBLER=arm-none-eabi-as" "A
TRACE::2026-01-31.17:36:52::SCWBDomain::RCHIVER=arm-none-eabi-ar" "COMPILER_FLAGS=  -O2 -c" "EXTRA_COMPILER_FLAGS=-mcpu=cortex-a9 -mfpu=vfpv3 -mfloat-abi=hard -nostart
TRACE::2026-01-31.17:36:52::SCWBDomain::files -g -Wall -Wextra"

TRACE::2026-01-31.17:36:52::SCWBDomain::make[2]: Entering directory 'X:/cpre488/Labs/MP-0/vitus/design_1_wrapper/zynq_fsbl/zynq_fsbl_bsp/ps7_cortexa9_0/libsrc/xadcps_v
TRACE::2026-01-31.17:36:52::SCWBDomain::2_4/src'

TRACE::2026-01-31.17:36:52::SCWBDomain::"Compiling xadcps"

TRACE::2026-01-31.17:36:53::SCWBDomain::make[2]: Leaving directory 'X:/cpre488/Labs/MP-0/vitus/design_1_wrapper/zynq_fsbl/zynq_fsbl_bsp/ps7_cortexa9_0/libsrc/xadcps_v2
TRACE::2026-01-31.17:36:53::SCWBDomain::_4/src'

TRACE::2026-01-31.17:36:53::SCWBDomain::"Running Make libs in ps7_cortexa9_0/libsrc/xilffs_v4_3/src"

TRACE::2026-01-31.17:36:53::SCWBDomain::make -C ps7_cortexa9_0/libsrc/xilffs_v4_3/src -s libs  "SHELL=CMD" "COMPILER=arm-none-eabi-gcc" "ASSEMBLER=arm-none-eabi-as" "A
TRACE::2026-01-31.17:36:53::SCWBDomain::RCHIVER=arm-none-eabi-ar" "COMPILER_FLAGS=  -O2 -c" "EXTRA_COMPILER_FLAGS=-mcpu=cortex-a9 -mfpu=vfpv3 -mfloat-abi=hard -nostart
TRACE::2026-01-31.17:36:53::SCWBDomain::files -g -Wall -Wextra"

TRACE::2026-01-31.17:36:53::SCWBDomain::make[2]: Entering directory 'X:/cpre488/Labs/MP-0/vitus/design_1_wrapper/zynq_fsbl/zynq_fsbl_bsp/ps7_cortexa9_0/libsrc/xilffs_v
TRACE::2026-01-31.17:36:53::SCWBDomain::4_3/src'

TRACE::2026-01-31.17:36:53::SCWBDomain::"Compiling XilFFs Library"

TRACE::2026-01-31.17:36:54::SCWBDomain::make[2]: Leaving directory 'X:/cpre488/Labs/MP-0/vitus/design_1_wrapper/zynq_fsbl/zynq_fsbl_bsp/ps7_cortexa9_0/libsrc/xilffs_v4
TRACE::2026-01-31.17:36:54::SCWBDomain::_3/src'

TRACE::2026-01-31.17:36:54::SCWBDomain::"Running Make libs in ps7_cortexa9_0/libsrc/xilrsa_v1_6/src"

TRACE::2026-01-31.17:36:54::SCWBDomain::make -C ps7_cortexa9_0/libsrc/xilrsa_v1_6/src -s libs  "SHELL=CMD" "COMPILER=arm-none-eabi-gcc" "ASSEMBLER=arm-none-eabi-as" "A
TRACE::2026-01-31.17:36:54::SCWBDomain::RCHIVER=arm-none-eabi-ar" "COMPILER_FLAGS=  -O2 -c" "EXTRA_COMPILER_FLAGS=-mcpu=cortex-a9 -mfpu=vfpv3 -mfloat-abi=hard -nostart
TRACE::2026-01-31.17:36:54::SCWBDomain::files -g -Wall -Wextra"

TRACE::2026-01-31.17:36:54::SCWBDomain::make[2]: Entering directory 'X:/cpre488/Labs/MP-0/vitus/design_1_wrapper/zynq_fsbl/zynq_fsbl_bsp/ps7_cortexa9_0/libsrc/xilrsa_v
TRACE::2026-01-31.17:36:54::SCWBDomain::1_6/src'

TRACE::2026-01-31.17:36:54::SCWBDomain::make[2]: Leaving directory 'X:/cpre488/Labs/MP-0/vitus/design_1_wrapper/zynq_fsbl/zynq_fsbl_bsp/ps7_cortexa9_0/libsrc/xilrsa_v1
TRACE::2026-01-31.17:36:54::SCWBDomain::_6/src'

TRACE::2026-01-31.17:36:54::SCWBDomain::'Finished building libraries'

TRACE::2026-01-31.17:36:54::SCWBDomain::make[1]: Leaving directory 'X:/cpre488/Labs/MP-0/vitus/design_1_wrapper/zynq_fsbl/zynq_fsbl_bsp'

TRACE::2026-01-31.17:36:54::SCWBDomain::arm-none-eabi-gcc -MMD -MP       -mcpu=cortex-a9 -mfpu=vfpv3 -mfloat-abi=hard   -O2 -c -c sd.c -o sd.o -Izynq_fsbl_bsp/ps7_cort
TRACE::2026-01-31.17:36:54::SCWBDomain::exa9_0/include -I.

TRACE::2026-01-31.17:36:54::SCWBDomain::arm-none-eabi-gcc -MMD -MP       -mcpu=cortex-a9 -mfpu=vfpv3 -mfloat-abi=hard   -O2 -c -c nand.c -o nand.o -Izynq_fsbl_bsp/ps7_
TRACE::2026-01-31.17:36:54::SCWBDomain::cortexa9_0/include -I.

TRACE::2026-01-31.17:36:54::SCWBDomain::arm-none-eabi-gcc -MMD -MP       -mcpu=cortex-a9 -mfpu=vfpv3 -mfloat-abi=hard   -O2 -c -c nor.c -o nor.o -Izynq_fsbl_bsp/ps7_co
TRACE::2026-01-31.17:36:54::SCWBDomain::rtexa9_0/include -I.

TRACE::2026-01-31.17:36:54::SCWBDomain::arm-none-eabi-gcc -MMD -MP       -mcpu=cortex-a9 -mfpu=vfpv3 -mfloat-abi=hard   -O2 -c -c image_mover.c -o image_mover.o -Izynq
TRACE::2026-01-31.17:36:54::SCWBDomain::_fsbl_bsp/ps7_cortexa9_0/include -I.

TRACE::2026-01-31.17:36:54::SCWBDomain::arm-none-eabi-gcc -MMD -MP       -mcpu=cortex-a9 -mfpu=vfpv3 -mfloat-abi=hard   -O2 -c -c md5.c -o md5.o -Izynq_fsbl_bsp/ps7_co
TRACE::2026-01-31.17:36:54::SCWBDomain::rtexa9_0/include -I.

TRACE::2026-01-31.17:36:54::SCWBDomain::arm-none-eabi-gcc -MMD -MP       -mcpu=cortex-a9 -mfpu=vfpv3 -mfloat-abi=hard   -O2 -c -c fsbl_hooks.c -o fsbl_hooks.o -Izynq_f
TRACE::2026-01-31.17:36:54::SCWBDomain::sbl_bsp/ps7_cortexa9_0/include -I.

TRACE::2026-01-31.17:36:54::SCWBDomain::arm-none-eabi-gcc -MMD -MP       -mcpu=cortex-a9 -mfpu=vfpv3 -mfloat-abi=hard   -O2 -c -c main.c -o main.o -Izynq_fsbl_bsp/ps7_
TRACE::2026-01-31.17:36:54::SCWBDomain::cortexa9_0/include -I.

TRACE::2026-01-31.17:36:54::SCWBDomain::arm-none-eabi-gcc -MMD -MP       -mcpu=cortex-a9 -mfpu=vfpv3 -mfloat-abi=hard   -O2 -c -c rsa.c -o rsa.o -Izynq_fsbl_bsp/ps7_co
TRACE::2026-01-31.17:36:54::SCWBDomain::rtexa9_0/include -I.

TRACE::2026-01-31.17:36:54::SCWBDomain::arm-none-eabi-gcc -MMD -MP       -mcpu=cortex-a9 -mfpu=vfpv3 -mfloat-abi=hard   -O2 -c -c qspi.c -o qspi.o -Izynq_fsbl_bsp/ps7_
TRACE::2026-01-31.17:36:54::SCWBDomain::cortexa9_0/include -I.

TRACE::2026-01-31.17:36:55::SCWBDomain::arm-none-eabi-gcc -MMD -MP       -mcpu=cortex-a9 -mfpu=vfpv3 -mfloat-abi=hard   -O2 -c -c ps7_init.c -o ps7_init.o -Izynq_fsbl_
TRACE::2026-01-31.17:36:55::SCWBDomain::bsp/ps7_cortexa9_0/include -I.

TRACE::2026-01-31.17:36:55::SCWBDomain::arm-none-eabi-gcc -MMD -MP       -mcpu=cortex-a9 -mfpu=vfpv3 -mfloat-abi=hard   -O2 -c -c pcap.c -o pcap.o -Izynq_fsbl_bsp/ps7_
TRACE::2026-01-31.17:36:55::SCWBDomain::cortexa9_0/include -I.

TRACE::2026-01-31.17:36:55::SCWBDomain::arm-none-eabi-gcc -MMD -MP       -mcpu=cortex-a9 -mfpu=vfpv3 -mfloat-abi=hard   -O2 -c -c fsbl_handoff.S -o fsbl_handoff.o -Izy
TRACE::2026-01-31.17:36:55::SCWBDomain::nq_fsbl_bsp/ps7_cortexa9_0/include -I.

TRACE::2026-01-31.17:36:55::SCWBDomain::arm-none-eabi-gcc -o executable.elf  sd.o  nand.o  nor.o  image_mover.o  md5.o  fsbl_hooks.o  main.o  rsa.o  qspi.o  ps7_init.o
TRACE::2026-01-31.17:36:55::SCWBDomain::  pcap.o  fsbl_handoff.o -MMD -MP       -mcpu=cortex-a9 -mfpu=vfpv3 -mfloat-abi=hard   -mcpu=cortex-a9 -mfpu=vfpv3 -mfloat-abi=
TRACE::2026-01-31.17:36:55::SCWBDomain::hard -Wl,-build-id=none -specs=Xilinx.spec  -lrsa -Wl,--start-group,-lxil,-lgcc,-lc,--end-group -Wl,--start-group,-lxilffs,-lxi
TRACE::2026-01-31.17:36:55::SCWBDomain::l,-lgcc,-lc,--end-group -Wl,--start-group,-lrsa,-lxil,-lgcc,-lc,--end-group                                         -Wl,--gc-se
TRACE::2026-01-31.17:36:55::SCWBDomain::ctions -Lzynq_fsbl_bsp/ps7_cortexa9_0/lib -L./ -Tlscript.ld

LOG::2026-01-31.17:36:55::SCWSystem::Checking the domain domain_ps7_cortexa9_0
LOG::2026-01-31.17:36:55::SCWSystem::Not a boot domain 
LOG::2026-01-31.17:36:55::SCWSystem::Started Processing the domain domain_ps7_cortexa9_0
TRACE::2026-01-31.17:36:55::SCWDomain::Generating domain artifcats
TRACE::2026-01-31.17:36:55::SCWMssOS::Generating standalone artifcats
TRACE::2026-01-31.17:36:55::SCWMssOS::Copying the qemu file from  C:/Xilinx/Vitis/2020.1/data/emulation/platforms/zynq/qemu/qemu_args.txt To X:/cpre488/Labs/MP-0/vitus/design_1_wrapper/export/design_1_wrapper/sw/design_1_wrapper/qemu/
TRACE::2026-01-31.17:36:55::SCWMssOS::Copying the qemu file from  C:/Xilinx/Vitis/2020.1/data/emulation/platforms/zynq/qemu/qemu_args.txt To X:/cpre488/Labs/MP-0/vitus/design_1_wrapper/export/design_1_wrapper/sw/design_1_wrapper/domain_ps7_cortexa9_0/qemu/
TRACE::2026-01-31.17:36:55::SCWMssOS:: Copying the user libraries. 
TRACE::2026-01-31.17:36:55::SCWPlatform::Trying to open the hw design at X:/cpre488/Labs/MP-0/vitus/design_1_wrapper/hw/design_1_wrapper.xsa
TRACE::2026-01-31.17:36:55::SCWPlatform::DSA given X:/cpre488/Labs/MP-0/vitus/design_1_wrapper/hw/design_1_wrapper.xsa
TRACE::2026-01-31.17:36:55::SCWPlatform::DSA absoulate path X:/cpre488/Labs/MP-0/vitus/design_1_wrapper/hw/design_1_wrapper.xsa
TRACE::2026-01-31.17:36:55::SCWPlatform::DSA directory X:/cpre488/Labs/MP-0/vitus/design_1_wrapper/hw
TRACE::2026-01-31.17:36:55::SCWPlatform:: Platform Path X:/cpre488/Labs/MP-0/vitus/design_1_wrapper/hw/design_1_wrapper.xsa
TRACE::2026-01-31.17:36:55::SCWPlatform:: Unique name xilinx:zed::0.0
TRACE::2026-01-31.17:36:55::SCWPlatform::Trying to set the existing hwdb with name design_1_wrapper_0
TRACE::2026-01-31.17:36:55::SCWPlatform::Opened existing hwdb design_1_wrapper_0
TRACE::2026-01-31.17:36:55::SCWPlatform::Found the Hw Db part of the input DSA
TRACE::2026-01-31.17:36:55::SCWMssOS::Checking the sw design at  X:/cpre488/Labs/MP-0/vitus/design_1_wrapper/ps7_cortexa9_0/domain_ps7_cortexa9_0/bsp/system.mss
TRACE::2026-01-31.17:36:55::SCWMssOS::DEBUG:  swdes dump  X:/cpre488/Labs/MP-0/vitus/design_1_wrapper/ps7_cortexa9_0/domain_ps7_cortexa9_0/bsp/system.mss|system_0||
X:/cpre488/Labs/MP-0/vitus/design_1_wrapper/zynq_fsbl/zynq_fsbl_bsp/system.mss|system||

TRACE::2026-01-31.17:36:55::SCWMssOS::Sw design exists and opened at  X:/cpre488/Labs/MP-0/vitus/design_1_wrapper/ps7_cortexa9_0/domain_ps7_cortexa9_0/bsp/system.mss
TRACE::2026-01-31.17:36:55::SCWMssOS::Completed writing the mss file at X:/cpre488/Labs/MP-0/vitus/design_1_wrapper/ps7_cortexa9_0/domain_ps7_cortexa9_0/bsp
TRACE::2026-01-31.17:36:55::SCWMssOS::Mss edits present, copying mssfile into export location X:/cpre488/Labs/MP-0/vitus/design_1_wrapper/ps7_cortexa9_0/domain_ps7_cortexa9_0/bsp/system.mss
TRACE::2026-01-31.17:36:55::SCWMssOS::bsp generated is upto date with the mss file. Skipping bsp generation.
TRACE::2026-01-31.17:36:55::SCWMssOS::BSP is already built. skipping the bsp build ... 
TRACE::2026-01-31.17:36:55::SCWDomain::Building the domain as part of full build :  domain_ps7_cortexa9_0
TRACE::2026-01-31.17:36:55::SCWMssOS::doing bsp build ... 
TRACE::2026-01-31.17:36:55::SCWMssOS::System Command Ran  X: & cd  X:/cpre488/Labs/MP-0/vitus/design_1_wrapper/ps7_cortexa9_0/domain_ps7_cortexa9_0/bsp & make 
TRACE::2026-01-31.17:36:55::SCWMssOS::"Running Make include in ps7_cortexa9_0/libsrc/axivdma_v6_7/src"

TRACE::2026-01-31.17:36:55::SCWMssOS::make -C ps7_cortexa9_0/libsrc/axivdma_v6_7/src -s include  "SHELL=CMD" "COMPILER=arm-none-eabi-gcc" "ASSEMBLER=arm-none-eabi-as
TRACE::2026-01-31.17:36:55::SCWMssOS::" "ARCHIVER=arm-none-eabi-ar" "COMPILER_FLAGS=  -O2 -c" "EXTRA_COMPILER_FLAGS=-mcpu=cortex-a9 -mfpu=vfpv3 -mfloat-abi=hard -nos
TRACE::2026-01-31.17:36:55::SCWMssOS::tartfiles -g -Wall -Wextra"

TRACE::2026-01-31.17:36:55::SCWMssOS::"Running Make include in ps7_cortexa9_0/libsrc/coresightps_dcc_v1_7/src"

TRACE::2026-01-31.17:36:55::SCWMssOS::make -C ps7_cortexa9_0/libsrc/coresightps_dcc_v1_7/src -s include  "SHELL=CMD" "COMPILER=arm-none-eabi-gcc" "ASSEMBLER=arm-none
TRACE::2026-01-31.17:36:55::SCWMssOS::-eabi-as" "ARCHIVER=arm-none-eabi-ar" "COMPILER_FLAGS=  -O2 -c" "EXTRA_COMPILER_FLAGS=-mcpu=cortex-a9 -mfpu=vfpv3 -mfloat-abi=h
TRACE::2026-01-31.17:36:55::SCWMssOS::ard -nostartfiles -g -Wall -Wextra"

TRACE::2026-01-31.17:36:56::SCWMssOS::"Running Make include in ps7_cortexa9_0/libsrc/cpu_cortexa9_v2_9/src"

TRACE::2026-01-31.17:36:56::SCWMssOS::make -C ps7_cortexa9_0/libsrc/cpu_cortexa9_v2_9/src -s include  "SHELL=CMD" "COMPILER=arm-none-eabi-gcc" "ASSEMBLER=arm-none-ea
TRACE::2026-01-31.17:36:56::SCWMssOS::bi-as" "ARCHIVER=arm-none-eabi-ar" "COMPILER_FLAGS=  -O2 -c" "EXTRA_COMPILER_FLAGS=-mcpu=cortex-a9 -mfpu=vfpv3 -mfloat-abi=hard
TRACE::2026-01-31.17:36:56::SCWMssOS:: -nostartfiles -g -Wall -Wextra"

TRACE::2026-01-31.17:36:56::SCWMssOS::"Running Make include in ps7_cortexa9_0/libsrc/ddrps_v1_1/src"

TRACE::2026-01-31.17:36:56::SCWMssOS::make -C ps7_cortexa9_0/libsrc/ddrps_v1_1/src -s include  "SHELL=CMD" "COMPILER=arm-none-eabi-gcc" "ASSEMBLER=arm-none-eabi-as" 
TRACE::2026-01-31.17:36:56::SCWMssOS::"ARCHIVER=arm-none-eabi-ar" "COMPILER_FLAGS=  -O2 -c" "EXTRA_COMPILER_FLAGS=-mcpu=cortex-a9 -mfpu=vfpv3 -mfloat-abi=hard -nosta
TRACE::2026-01-31.17:36:56::SCWMssOS::rtfiles -g -Wall -Wextra"

TRACE::2026-01-31.17:36:56::SCWMssOS::"Running Make include in ps7_cortexa9_0/libsrc/devcfg_v3_6/src"

TRACE::2026-01-31.17:36:56::SCWMssOS::make -C ps7_cortexa9_0/libsrc/devcfg_v3_6/src -s include  "SHELL=CMD" "COMPILER=arm-none-eabi-gcc" "ASSEMBLER=arm-none-eabi-as"
TRACE::2026-01-31.17:36:56::SCWMssOS:: "ARCHIVER=arm-none-eabi-ar" "COMPILER_FLAGS=  -O2 -c" "EXTRA_COMPILER_FLAGS=-mcpu=cortex-a9 -mfpu=vfpv3 -mfloat-abi=hard -nost
TRACE::2026-01-31.17:36:56::SCWMssOS::artfiles -g -Wall -Wextra"

TRACE::2026-01-31.17:36:56::SCWMssOS::"Running Make include in ps7_cortexa9_0/libsrc/dmaps_v2_6/src"

TRACE::2026-01-31.17:36:56::SCWMssOS::make -C ps7_cortexa9_0/libsrc/dmaps_v2_6/src -s include  "SHELL=CMD" "COMPILER=arm-none-eabi-gcc" "ASSEMBLER=arm-none-eabi-as" 
TRACE::2026-01-31.17:36:56::SCWMssOS::"ARCHIVER=arm-none-eabi-ar" "COMPILER_FLAGS=  -O2 -c" "EXTRA_COMPILER_FLAGS=-mcpu=cortex-a9 -mfpu=vfpv3 -mfloat-abi=hard -nosta
TRACE::2026-01-31.17:36:56::SCWMssOS::rtfiles -g -Wall -Wextra"

TRACE::2026-01-31.17:36:56::SCWMssOS::"Running Make include in ps7_cortexa9_0/libsrc/emacps_v3_11/src"

TRACE::2026-01-31.17:36:56::SCWMssOS::make -C ps7_cortexa9_0/libsrc/emacps_v3_11/src -s include  "SHELL=CMD" "COMPILER=arm-none-eabi-gcc" "ASSEMBLER=arm-none-eabi-as
TRACE::2026-01-31.17:36:56::SCWMssOS::" "ARCHIVER=arm-none-eabi-ar" "COMPILER_FLAGS=  -O2 -c" "EXTRA_COMPILER_FLAGS=-mcpu=cortex-a9 -mfpu=vfpv3 -mfloat-abi=hard -nos
TRACE::2026-01-31.17:36:56::SCWMssOS::tartfiles -g -Wall -Wextra"

TRACE::2026-01-31.17:36:56::SCWMssOS::"Running Make include in ps7_cortexa9_0/libsrc/gpiops_v3_7/src"

TRACE::2026-01-31.17:36:56::SCWMssOS::make -C ps7_cortexa9_0/libsrc/gpiops_v3_7/src -s include  "SHELL=CMD" "COMPILER=arm-none-eabi-gcc" "ASSEMBLER=arm-none-eabi-as"
TRACE::2026-01-31.17:36:56::SCWMssOS:: "ARCHIVER=arm-none-eabi-ar" "COMPILER_FLAGS=  -O2 -c" "EXTRA_COMPILER_FLAGS=-mcpu=cortex-a9 -mfpu=vfpv3 -mfloat-abi=hard -nost
TRACE::2026-01-31.17:36:56::SCWMssOS::artfiles -g -Wall -Wextra"

TRACE::2026-01-31.17:36:56::SCWMssOS::"Running Make include in ps7_cortexa9_0/libsrc/gpio_v4_6/src"

TRACE::2026-01-31.17:36:56::SCWMssOS::make -C ps7_cortexa9_0/libsrc/gpio_v4_6/src -s include  "SHELL=CMD" "COMPILER=arm-none-eabi-gcc" "ASSEMBLER=arm-none-eabi-as" "
TRACE::2026-01-31.17:36:56::SCWMssOS::ARCHIVER=arm-none-eabi-ar" "COMPILER_FLAGS=  -O2 -c" "EXTRA_COMPILER_FLAGS=-mcpu=cortex-a9 -mfpu=vfpv3 -mfloat-abi=hard -nostar
TRACE::2026-01-31.17:36:56::SCWMssOS::tfiles -g -Wall -Wextra"

TRACE::2026-01-31.17:36:56::SCWMssOS::"Running Make include in ps7_cortexa9_0/libsrc/qspips_v3_7/src"

TRACE::2026-01-31.17:36:56::SCWMssOS::make -C ps7_cortexa9_0/libsrc/qspips_v3_7/src -s include  "SHELL=CMD" "COMPILER=arm-none-eabi-gcc" "ASSEMBLER=arm-none-eabi-as"
TRACE::2026-01-31.17:36:56::SCWMssOS:: "ARCHIVER=arm-none-eabi-ar" "COMPILER_FLAGS=  -O2 -c" "EXTRA_COMPILER_FLAGS=-mcpu=cortex-a9 -mfpu=vfpv3 -mfloat-abi=hard -nost
TRACE::2026-01-31.17:36:56::SCWMssOS::artfiles -g -Wall -Wextra"

TRACE::2026-01-31.17:36:56::SCWMssOS::"Running Make include in ps7_cortexa9_0/libsrc/scugic_v4_2/src"

TRACE::2026-01-31.17:36:56::SCWMssOS::make -C ps7_cortexa9_0/libsrc/scugic_v4_2/src -s include  "SHELL=CMD" "COMPILER=arm-none-eabi-gcc" "ASSEMBLER=arm-none-eabi-as"
TRACE::2026-01-31.17:36:56::SCWMssOS:: "ARCHIVER=arm-none-eabi-ar" "COMPILER_FLAGS=  -O2 -c" "EXTRA_COMPILER_FLAGS=-mcpu=cortex-a9 -mfpu=vfpv3 -mfloat-abi=hard -nost
TRACE::2026-01-31.17:36:56::SCWMssOS::artfiles -g -Wall -Wextra"

TRACE::2026-01-31.17:36:56::SCWMssOS::"Running Make include in ps7_cortexa9_0/libsrc/scutimer_v2_2/src"

TRACE::2026-01-31.17:36:56::SCWMssOS::make -C ps7_cortexa9_0/libsrc/scutimer_v2_2/src -s include  "SHELL=CMD" "COMPILER=arm-none-eabi-gcc" "ASSEMBLER=arm-none-eabi-a
TRACE::2026-01-31.17:36:56::SCWMssOS::s" "ARCHIVER=arm-none-eabi-ar" "COMPILER_FLAGS=  -O2 -c" "EXTRA_COMPILER_FLAGS=-mcpu=cortex-a9 -mfpu=vfpv3 -mfloat-abi=hard -no
TRACE::2026-01-31.17:36:56::SCWMssOS::startfiles -g -Wall -Wextra"

TRACE::2026-01-31.17:36:57::SCWMssOS::"Running Make include in ps7_cortexa9_0/libsrc/scuwdt_v2_2/src"

TRACE::2026-01-31.17:36:57::SCWMssOS::make -C ps7_cortexa9_0/libsrc/scuwdt_v2_2/src -s include  "SHELL=CMD" "COMPILER=arm-none-eabi-gcc" "ASSEMBLER=arm-none-eabi-as"
TRACE::2026-01-31.17:36:57::SCWMssOS:: "ARCHIVER=arm-none-eabi-ar" "COMPILER_FLAGS=  -O2 -c" "EXTRA_COMPILER_FLAGS=-mcpu=cortex-a9 -mfpu=vfpv3 -mfloat-abi=hard -nost
TRACE::2026-01-31.17:36:57::SCWMssOS::artfiles -g -Wall -Wextra"

TRACE::2026-01-31.17:36:57::SCWMssOS::"Running Make include in ps7_cortexa9_0/libsrc/sdps_v3_9/src"

TRACE::2026-01-31.17:36:57::SCWMssOS::make -C ps7_cortexa9_0/libsrc/sdps_v3_9/src -s include  "SHELL=CMD" "COMPILER=arm-none-eabi-gcc" "ASSEMBLER=arm-none-eabi-as" "
TRACE::2026-01-31.17:36:57::SCWMssOS::ARCHIVER=arm-none-eabi-ar" "COMPILER_FLAGS=  -O2 -c" "EXTRA_COMPILER_FLAGS=-mcpu=cortex-a9 -mfpu=vfpv3 -mfloat-abi=hard -nostar
TRACE::2026-01-31.17:36:57::SCWMssOS::tfiles -g -Wall -Wextra"

TRACE::2026-01-31.17:36:57::SCWMssOS::"Running Make include in ps7_cortexa9_0/libsrc/standalone_v7_2/src"

TRACE::2026-01-31.17:36:57::SCWMssOS::make -C ps7_cortexa9_0/libsrc/standalone_v7_2/src -s include  "SHELL=CMD" "COMPILER=arm-none-eabi-gcc" "ASSEMBLER=arm-none-eabi
TRACE::2026-01-31.17:36:57::SCWMssOS::-as" "ARCHIVER=arm-none-eabi-ar" "COMPILER_FLAGS=  -O2 -c" "EXTRA_COMPILER_FLAGS=-mcpu=cortex-a9 -mfpu=vfpv3 -mfloat-abi=hard -
TRACE::2026-01-31.17:36:57::SCWMssOS::nostartfiles -g -Wall -Wextra"

TRACE::2026-01-31.17:36:58::SCWMssOS::"Running Make include in ps7_cortexa9_0/libsrc/ttcps_v3_11/src"

TRACE::2026-01-31.17:36:58::SCWMssOS::make -C ps7_cortexa9_0/libsrc/ttcps_v3_11/src -s include  "SHELL=CMD" "COMPILER=arm-none-eabi-gcc" "ASSEMBLER=arm-none-eabi-as"
TRACE::2026-01-31.17:36:58::SCWMssOS:: "ARCHIVER=arm-none-eabi-ar" "COMPILER_FLAGS=  -O2 -c" "EXTRA_COMPILER_FLAGS=-mcpu=cortex-a9 -mfpu=vfpv3 -mfloat-abi=hard -nost
TRACE::2026-01-31.17:36:58::SCWMssOS::artfiles -g -Wall -Wextra"

TRACE::2026-01-31.17:36:58::SCWMssOS::"Running Make include in ps7_cortexa9_0/libsrc/uartps_v3_9/src"

TRACE::2026-01-31.17:36:58::SCWMssOS::make -C ps7_cortexa9_0/libsrc/uartps_v3_9/src -s include  "SHELL=CMD" "COMPILER=arm-none-eabi-gcc" "ASSEMBLER=arm-none-eabi-as"
TRACE::2026-01-31.17:36:58::SCWMssOS:: "ARCHIVER=arm-none-eabi-ar" "COMPILER_FLAGS=  -O2 -c" "EXTRA_COMPILER_FLAGS=-mcpu=cortex-a9 -mfpu=vfpv3 -mfloat-abi=hard -nost
TRACE::2026-01-31.17:36:58::SCWMssOS::artfiles -g -Wall -Wextra"

TRACE::2026-01-31.17:36:58::SCWMssOS::"Running Make include in ps7_cortexa9_0/libsrc/usbps_v2_5/src"

TRACE::2026-01-31.17:36:58::SCWMssOS::make -C ps7_cortexa9_0/libsrc/usbps_v2_5/src -s include  "SHELL=CMD" "COMPILER=arm-none-eabi-gcc" "ASSEMBLER=arm-none-eabi-as" 
TRACE::2026-01-31.17:36:58::SCWMssOS::"ARCHIVER=arm-none-eabi-ar" "COMPILER_FLAGS=  -O2 -c" "EXTRA_COMPILER_FLAGS=-mcpu=cortex-a9 -mfpu=vfpv3 -mfloat-abi=hard -nosta
TRACE::2026-01-31.17:36:58::SCWMssOS::rtfiles -g -Wall -Wextra"

TRACE::2026-01-31.17:36:58::SCWMssOS::"Running Make include in ps7_cortexa9_0/libsrc/vtc_v8_2/src"

TRACE::2026-01-31.17:36:58::SCWMssOS::make -C ps7_cortexa9_0/libsrc/vtc_v8_2/src -s include  "SHELL=CMD" "COMPILER=arm-none-eabi-gcc" "ASSEMBLER=arm-none-eabi-as" "A
TRACE::2026-01-31.17:36:58::SCWMssOS::RCHIVER=arm-none-eabi-ar" "COMPILER_FLAGS=  -O2 -c" "EXTRA_COMPILER_FLAGS=-mcpu=cortex-a9 -mfpu=vfpv3 -mfloat-abi=hard -nostart
TRACE::2026-01-31.17:36:58::SCWMssOS::files -g -Wall -Wextra"

TRACE::2026-01-31.17:36:58::SCWMssOS::"Running Make include in ps7_cortexa9_0/libsrc/xadcps_v2_4/src"

TRACE::2026-01-31.17:36:58::SCWMssOS::make -C ps7_cortexa9_0/libsrc/xadcps_v2_4/src -s include  "SHELL=CMD" "COMPILER=arm-none-eabi-gcc" "ASSEMBLER=arm-none-eabi-as"
TRACE::2026-01-31.17:36:58::SCWMssOS:: "ARCHIVER=arm-none-eabi-ar" "COMPILER_FLAGS=  -O2 -c" "EXTRA_COMPILER_FLAGS=-mcpu=cortex-a9 -mfpu=vfpv3 -mfloat-abi=hard -nost
TRACE::2026-01-31.17:36:58::SCWMssOS::artfiles -g -Wall -Wextra"

TRACE::2026-01-31.17:36:58::SCWMssOS::"Running Make libs in ps7_cortexa9_0/libsrc/axivdma_v6_7/src"

TRACE::2026-01-31.17:36:58::SCWMssOS::make -C ps7_cortexa9_0/libsrc/axivdma_v6_7/src -s libs  "SHELL=CMD" "COMPILER=arm-none-eabi-gcc" "ASSEMBLER=arm-none-eabi-as" "
TRACE::2026-01-31.17:36:58::SCWMssOS::ARCHIVER=arm-none-eabi-ar" "COMPILER_FLAGS=  -O2 -c" "EXTRA_COMPILER_FLAGS=-mcpu=cortex-a9 -mfpu=vfpv3 -mfloat-abi=hard -nostar
TRACE::2026-01-31.17:36:58::SCWMssOS::tfiles -g -Wall -Wextra"

TRACE::2026-01-31.17:36:58::SCWMssOS::"Compiling axivdma"

TRACE::2026-01-31.17:36:59::SCWMssOS::"Running Make libs in ps7_cortexa9_0/libsrc/coresightps_dcc_v1_7/src"

TRACE::2026-01-31.17:36:59::SCWMssOS::make -C ps7_cortexa9_0/libsrc/coresightps_dcc_v1_7/src -s libs  "SHELL=CMD" "COMPILER=arm-none-eabi-gcc" "ASSEMBLER=arm-none-ea
TRACE::2026-01-31.17:36:59::SCWMssOS::bi-as" "ARCHIVER=arm-none-eabi-ar" "COMPILER_FLAGS=  -O2 -c" "EXTRA_COMPILER_FLAGS=-mcpu=cortex-a9 -mfpu=vfpv3 -mfloat-abi=hard
TRACE::2026-01-31.17:36:59::SCWMssOS:: -nostartfiles -g -Wall -Wextra"

TRACE::2026-01-31.17:36:59::SCWMssOS::"Compiling coresightps_dcc"

TRACE::2026-01-31.17:36:59::SCWMssOS::"Running Make libs in ps7_cortexa9_0/libsrc/cpu_cortexa9_v2_9/src"

TRACE::2026-01-31.17:36:59::SCWMssOS::make -C ps7_cortexa9_0/libsrc/cpu_cortexa9_v2_9/src -s libs  "SHELL=CMD" "COMPILER=arm-none-eabi-gcc" "ASSEMBLER=arm-none-eabi-
TRACE::2026-01-31.17:36:59::SCWMssOS::as" "ARCHIVER=arm-none-eabi-ar" "COMPILER_FLAGS=  -O2 -c" "EXTRA_COMPILER_FLAGS=-mcpu=cortex-a9 -mfpu=vfpv3 -mfloat-abi=hard -n
TRACE::2026-01-31.17:36:59::SCWMssOS::ostartfiles -g -Wall -Wextra"

TRACE::2026-01-31.17:36:59::SCWMssOS::"Compiling cpu_cortexa9"

TRACE::2026-01-31.17:36:59::SCWMssOS::"Running Make libs in ps7_cortexa9_0/libsrc/ddrps_v1_1/src"

TRACE::2026-01-31.17:36:59::SCWMssOS::make -C ps7_cortexa9_0/libsrc/ddrps_v1_1/src -s libs  "SHELL=CMD" "COMPILER=arm-none-eabi-gcc" "ASSEMBLER=arm-none-eabi-as" "AR
TRACE::2026-01-31.17:36:59::SCWMssOS::CHIVER=arm-none-eabi-ar" "COMPILER_FLAGS=  -O2 -c" "EXTRA_COMPILER_FLAGS=-mcpu=cortex-a9 -mfpu=vfpv3 -mfloat-abi=hard -nostartf
TRACE::2026-01-31.17:36:59::SCWMssOS::iles -g -Wall -Wextra"

TRACE::2026-01-31.17:36:59::SCWMssOS::"Compiling ddrps"

TRACE::2026-01-31.17:36:59::SCWMssOS::"Running Make libs in ps7_cortexa9_0/libsrc/devcfg_v3_6/src"

TRACE::2026-01-31.17:36:59::SCWMssOS::make -C ps7_cortexa9_0/libsrc/devcfg_v3_6/src -s libs  "SHELL=CMD" "COMPILER=arm-none-eabi-gcc" "ASSEMBLER=arm-none-eabi-as" "A
TRACE::2026-01-31.17:36:59::SCWMssOS::RCHIVER=arm-none-eabi-ar" "COMPILER_FLAGS=  -O2 -c" "EXTRA_COMPILER_FLAGS=-mcpu=cortex-a9 -mfpu=vfpv3 -mfloat-abi=hard -nostart
TRACE::2026-01-31.17:36:59::SCWMssOS::files -g -Wall -Wextra"

TRACE::2026-01-31.17:36:59::SCWMssOS::"Compiling devcfg"

TRACE::2026-01-31.17:37:00::SCWMssOS::"Running Make libs in ps7_cortexa9_0/libsrc/dmaps_v2_6/src"

TRACE::2026-01-31.17:37:00::SCWMssOS::make -C ps7_cortexa9_0/libsrc/dmaps_v2_6/src -s libs  "SHELL=CMD" "COMPILER=arm-none-eabi-gcc" "ASSEMBLER=arm-none-eabi-as" "AR
TRACE::2026-01-31.17:37:00::SCWMssOS::CHIVER=arm-none-eabi-ar" "COMPILER_FLAGS=  -O2 -c" "EXTRA_COMPILER_FLAGS=-mcpu=cortex-a9 -mfpu=vfpv3 -mfloat-abi=hard -nostartf
TRACE::2026-01-31.17:37:00::SCWMssOS::iles -g -Wall -Wextra"

TRACE::2026-01-31.17:37:00::SCWMssOS::"Compiling dmaps"

TRACE::2026-01-31.17:37:01::SCWMssOS::"Running Make libs in ps7_cortexa9_0/libsrc/emacps_v3_11/src"

TRACE::2026-01-31.17:37:01::SCWMssOS::make -C ps7_cortexa9_0/libsrc/emacps_v3_11/src -s libs  "SHELL=CMD" "COMPILER=arm-none-eabi-gcc" "ASSEMBLER=arm-none-eabi-as" "
TRACE::2026-01-31.17:37:01::SCWMssOS::ARCHIVER=arm-none-eabi-ar" "COMPILER_FLAGS=  -O2 -c" "EXTRA_COMPILER_FLAGS=-mcpu=cortex-a9 -mfpu=vfpv3 -mfloat-abi=hard -nostar
TRACE::2026-01-31.17:37:01::SCWMssOS::tfiles -g -Wall -Wextra"

TRACE::2026-01-31.17:37:01::SCWMssOS::"Compiling emacps"

TRACE::2026-01-31.17:37:01::SCWMssOS::"Running Make libs in ps7_cortexa9_0/libsrc/gpiops_v3_7/src"

TRACE::2026-01-31.17:37:01::SCWMssOS::make -C ps7_cortexa9_0/libsrc/gpiops_v3_7/src -s libs  "SHELL=CMD" "COMPILER=arm-none-eabi-gcc" "ASSEMBLER=arm-none-eabi-as" "A
TRACE::2026-01-31.17:37:01::SCWMssOS::RCHIVER=arm-none-eabi-ar" "COMPILER_FLAGS=  -O2 -c" "EXTRA_COMPILER_FLAGS=-mcpu=cortex-a9 -mfpu=vfpv3 -mfloat-abi=hard -nostart
TRACE::2026-01-31.17:37:01::SCWMssOS::files -g -Wall -Wextra"

TRACE::2026-01-31.17:37:01::SCWMssOS::"Compiling gpiops"

TRACE::2026-01-31.17:37:02::SCWMssOS::"Running Make libs in ps7_cortexa9_0/libsrc/gpio_v4_6/src"

TRACE::2026-01-31.17:37:02::SCWMssOS::make -C ps7_cortexa9_0/libsrc/gpio_v4_6/src -s libs  "SHELL=CMD" "COMPILER=arm-none-eabi-gcc" "ASSEMBLER=arm-none-eabi-as" "ARC
TRACE::2026-01-31.17:37:02::SCWMssOS::HIVER=arm-none-eabi-ar" "COMPILER_FLAGS=  -O2 -c" "EXTRA_COMPILER_FLAGS=-mcpu=cortex-a9 -mfpu=vfpv3 -mfloat-abi=hard -nostartfi
TRACE::2026-01-31.17:37:02::SCWMssOS::les -g -Wall -Wextra"

TRACE::2026-01-31.17:37:02::SCWMssOS::"Compiling gpio"

TRACE::2026-01-31.17:37:03::SCWMssOS::"Running Make libs in ps7_cortexa9_0/libsrc/qspips_v3_7/src"

TRACE::2026-01-31.17:37:03::SCWMssOS::make -C ps7_cortexa9_0/libsrc/qspips_v3_7/src -s libs  "SHELL=CMD" "COMPILER=arm-none-eabi-gcc" "ASSEMBLER=arm-none-eabi-as" "A
TRACE::2026-01-31.17:37:03::SCWMssOS::RCHIVER=arm-none-eabi-ar" "COMPILER_FLAGS=  -O2 -c" "EXTRA_COMPILER_FLAGS=-mcpu=cortex-a9 -mfpu=vfpv3 -mfloat-abi=hard -nostart
TRACE::2026-01-31.17:37:03::SCWMssOS::files -g -Wall -Wextra"

TRACE::2026-01-31.17:37:03::SCWMssOS::"Compiling qspips"

TRACE::2026-01-31.17:37:04::SCWMssOS::"Running Make libs in ps7_cortexa9_0/libsrc/scugic_v4_2/src"

TRACE::2026-01-31.17:37:04::SCWMssOS::make -C ps7_cortexa9_0/libsrc/scugic_v4_2/src -s libs  "SHELL=CMD" "COMPILER=arm-none-eabi-gcc" "ASSEMBLER=arm-none-eabi-as" "A
TRACE::2026-01-31.17:37:04::SCWMssOS::RCHIVER=arm-none-eabi-ar" "COMPILER_FLAGS=  -O2 -c" "EXTRA_COMPILER_FLAGS=-mcpu=cortex-a9 -mfpu=vfpv3 -mfloat-abi=hard -nostart
TRACE::2026-01-31.17:37:04::SCWMssOS::files -g -Wall -Wextra"

TRACE::2026-01-31.17:37:04::SCWMssOS::"Compiling scugic"

TRACE::2026-01-31.17:37:04::SCWMssOS::"Running Make libs in ps7_cortexa9_0/libsrc/scutimer_v2_2/src"

TRACE::2026-01-31.17:37:04::SCWMssOS::make -C ps7_cortexa9_0/libsrc/scutimer_v2_2/src -s libs  "SHELL=CMD" "COMPILER=arm-none-eabi-gcc" "ASSEMBLER=arm-none-eabi-as" 
TRACE::2026-01-31.17:37:04::SCWMssOS::"ARCHIVER=arm-none-eabi-ar" "COMPILER_FLAGS=  -O2 -c" "EXTRA_COMPILER_FLAGS=-mcpu=cortex-a9 -mfpu=vfpv3 -mfloat-abi=hard -nosta
TRACE::2026-01-31.17:37:04::SCWMssOS::rtfiles -g -Wall -Wextra"

TRACE::2026-01-31.17:37:04::SCWMssOS::"Compiling scutimer"

TRACE::2026-01-31.17:37:05::SCWMssOS::"Running Make libs in ps7_cortexa9_0/libsrc/scuwdt_v2_2/src"

TRACE::2026-01-31.17:37:05::SCWMssOS::make -C ps7_cortexa9_0/libsrc/scuwdt_v2_2/src -s libs  "SHELL=CMD" "COMPILER=arm-none-eabi-gcc" "ASSEMBLER=arm-none-eabi-as" "A
TRACE::2026-01-31.17:37:05::SCWMssOS::RCHIVER=arm-none-eabi-ar" "COMPILER_FLAGS=  -O2 -c" "EXTRA_COMPILER_FLAGS=-mcpu=cortex-a9 -mfpu=vfpv3 -mfloat-abi=hard -nostart
TRACE::2026-01-31.17:37:05::SCWMssOS::files -g -Wall -Wextra"

TRACE::2026-01-31.17:37:05::SCWMssOS::"Compiling scuwdt"

TRACE::2026-01-31.17:37:05::SCWMssOS::"Running Make libs in ps7_cortexa9_0/libsrc/sdps_v3_9/src"

TRACE::2026-01-31.17:37:05::SCWMssOS::make -C ps7_cortexa9_0/libsrc/sdps_v3_9/src -s libs  "SHELL=CMD" "COMPILER=arm-none-eabi-gcc" "ASSEMBLER=arm-none-eabi-as" "ARC
TRACE::2026-01-31.17:37:05::SCWMssOS::HIVER=arm-none-eabi-ar" "COMPILER_FLAGS=  -O2 -c" "EXTRA_COMPILER_FLAGS=-mcpu=cortex-a9 -mfpu=vfpv3 -mfloat-abi=hard -nostartfi
TRACE::2026-01-31.17:37:05::SCWMssOS::les -g -Wall -Wextra"

TRACE::2026-01-31.17:37:05::SCWMssOS::"Compiling sdps"

TRACE::2026-01-31.17:37:06::SCWMssOS::"Running Make libs in ps7_cortexa9_0/libsrc/standalone_v7_2/src"

TRACE::2026-01-31.17:37:06::SCWMssOS::make -C ps7_cortexa9_0/libsrc/standalone_v7_2/src -s libs  "SHELL=CMD" "COMPILER=arm-none-eabi-gcc" "ASSEMBLER=arm-none-eabi-as
TRACE::2026-01-31.17:37:06::SCWMssOS::" "ARCHIVER=arm-none-eabi-ar" "COMPILER_FLAGS=  -O2 -c" "EXTRA_COMPILER_FLAGS=-mcpu=cortex-a9 -mfpu=vfpv3 -mfloat-abi=hard -nos
TRACE::2026-01-31.17:37:06::SCWMssOS::tartfiles -g -Wall -Wextra"

TRACE::2026-01-31.17:37:06::SCWMssOS::"Compiling standalone"

TRACE::2026-01-31.17:37:10::SCWMssOS::"Running Make libs in ps7_cortexa9_0/libsrc/ttcps_v3_11/src"

TRACE::2026-01-31.17:37:10::SCWMssOS::make -C ps7_cortexa9_0/libsrc/ttcps_v3_11/src -s libs  "SHELL=CMD" "COMPILER=arm-none-eabi-gcc" "ASSEMBLER=arm-none-eabi-as" "A
TRACE::2026-01-31.17:37:10::SCWMssOS::RCHIVER=arm-none-eabi-ar" "COMPILER_FLAGS=  -O2 -c" "EXTRA_COMPILER_FLAGS=-mcpu=cortex-a9 -mfpu=vfpv3 -mfloat-abi=hard -nostart
TRACE::2026-01-31.17:37:10::SCWMssOS::files -g -Wall -Wextra"

TRACE::2026-01-31.17:37:10::SCWMssOS::"Compiling ttcps"

TRACE::2026-01-31.17:37:10::SCWMssOS::"Running Make libs in ps7_cortexa9_0/libsrc/uartps_v3_9/src"

TRACE::2026-01-31.17:37:10::SCWMssOS::make -C ps7_cortexa9_0/libsrc/uartps_v3_9/src -s libs  "SHELL=CMD" "COMPILER=arm-none-eabi-gcc" "ASSEMBLER=arm-none-eabi-as" "A
TRACE::2026-01-31.17:37:10::SCWMssOS::RCHIVER=arm-none-eabi-ar" "COMPILER_FLAGS=  -O2 -c" "EXTRA_COMPILER_FLAGS=-mcpu=cortex-a9 -mfpu=vfpv3 -mfloat-abi=hard -nostart
TRACE::2026-01-31.17:37:10::SCWMssOS::files -g -Wall -Wextra"

TRACE::2026-01-31.17:37:11::SCWMssOS::"Compiling uartps"

TRACE::2026-01-31.17:37:11::SCWMssOS::"Running Make libs in ps7_cortexa9_0/libsrc/usbps_v2_5/src"

TRACE::2026-01-31.17:37:11::SCWMssOS::make -C ps7_cortexa9_0/libsrc/usbps_v2_5/src -s libs  "SHELL=CMD" "COMPILER=arm-none-eabi-gcc" "ASSEMBLER=arm-none-eabi-as" "AR
TRACE::2026-01-31.17:37:11::SCWMssOS::CHIVER=arm-none-eabi-ar" "COMPILER_FLAGS=  -O2 -c" "EXTRA_COMPILER_FLAGS=-mcpu=cortex-a9 -mfpu=vfpv3 -mfloat-abi=hard -nostartf
TRACE::2026-01-31.17:37:11::SCWMssOS::iles -g -Wall -Wextra"

TRACE::2026-01-31.17:37:11::SCWMssOS::"Compiling usbps"

TRACE::2026-01-31.17:37:12::SCWMssOS::"Running Make libs in ps7_cortexa9_0/libsrc/vtc_v8_2/src"

TRACE::2026-01-31.17:37:12::SCWMssOS::make -C ps7_cortexa9_0/libsrc/vtc_v8_2/src -s libs  "SHELL=CMD" "COMPILER=arm-none-eabi-gcc" "ASSEMBLER=arm-none-eabi-as" "ARCH
TRACE::2026-01-31.17:37:12::SCWMssOS::IVER=arm-none-eabi-ar" "COMPILER_FLAGS=  -O2 -c" "EXTRA_COMPILER_FLAGS=-mcpu=cortex-a9 -mfpu=vfpv3 -mfloat-abi=hard -nostartfil
TRACE::2026-01-31.17:37:12::SCWMssOS::es -g -Wall -Wextra"

TRACE::2026-01-31.17:37:12::SCWMssOS::"Compiling video timing controller"

TRACE::2026-01-31.17:37:13::SCWMssOS::"Running Make libs in ps7_cortexa9_0/libsrc/xadcps_v2_4/src"

TRACE::2026-01-31.17:37:13::SCWMssOS::make -C ps7_cortexa9_0/libsrc/xadcps_v2_4/src -s libs  "SHELL=CMD" "COMPILER=arm-none-eabi-gcc" "ASSEMBLER=arm-none-eabi-as" "A
TRACE::2026-01-31.17:37:13::SCWMssOS::RCHIVER=arm-none-eabi-ar" "COMPILER_FLAGS=  -O2 -c" "EXTRA_COMPILER_FLAGS=-mcpu=cortex-a9 -mfpu=vfpv3 -mfloat-abi=hard -nostart
TRACE::2026-01-31.17:37:13::SCWMssOS::files -g -Wall -Wextra"

TRACE::2026-01-31.17:37:13::SCWMssOS::"Compiling xadcps"

TRACE::2026-01-31.17:37:14::SCWMssOS::'Finished building libraries'

TRACE::2026-01-31.17:37:14::SCWMssOS::Copying to export directory.
TRACE::2026-01-31.17:37:15::SCWMssOS:: Checking if to create the Supporting Applications
TRACE::2026-01-31.17:37:15::SCWMssOS:: No Linux domain exists, trying to generate FSBL 
LOG::2026-01-31.17:37:15::SCWSystem::Completed Processing the domain domain_ps7_cortexa9_0
LOG::2026-01-31.17:37:15::SCWSystem::Completed Processing the sysconfig design_1_wrapper
LOG::2026-01-31.17:37:15::SCWPlatform::Completed generating the artifacts for system configuration design_1_wrapper
TRACE::2026-01-31.17:37:15::SCWPlatform::Started preparing the platform 
TRACE::2026-01-31.17:37:15::SCWSystem::Writing the bif file for system config design_1_wrapper
TRACE::2026-01-31.17:37:15::SCWSystem::dir created 
TRACE::2026-01-31.17:37:15::SCWSystem::Writing the bif 
TRACE::2026-01-31.17:37:15::SCWPlatform::Started writing the spfm file 
TRACE::2026-01-31.17:37:15::SCWPlatform::Started writing the xpfm file 
TRACE::2026-01-31.17:37:15::SCWPlatform::Completed generating the platform
TRACE::2026-01-31.17:37:15::SCWMssOS::Saving the mss changes X:/cpre488/Labs/MP-0/vitus/design_1_wrapper/zynq_fsbl/zynq_fsbl_bsp/system.mss
TRACE::2026-01-31.17:37:15::SCWMssOS::Found a swdesign opened with the mssfile.
TRACE::2026-01-31.17:37:15::SCWMssOS::Completed writemss as part of save.
TRACE::2026-01-31.17:37:15::SCWMssOS::Commit changes completed.
TRACE::2026-01-31.17:37:15::SCWMssOS::Saving the mss changes X:/cpre488/Labs/MP-0/vitus/design_1_wrapper/ps7_cortexa9_0/domain_ps7_cortexa9_0/bsp/system.mss
TRACE::2026-01-31.17:37:15::SCWMssOS::Found a swdesign opened with the mssfile.
TRACE::2026-01-31.17:37:15::SCWMssOS::Completed writemss as part of save.
TRACE::2026-01-31.17:37:15::SCWMssOS::Commit changes completed.
TRACE::2026-01-31.17:37:15::SCWPlatform::Trying to open the hw design at X:/cpre488/Labs/MP-0/vitus/design_1_wrapper/hw/design_1_wrapper.xsa
TRACE::2026-01-31.17:37:15::SCWPlatform::DSA given X:/cpre488/Labs/MP-0/vitus/design_1_wrapper/hw/design_1_wrapper.xsa
TRACE::2026-01-31.17:37:15::SCWPlatform::DSA absoulate path X:/cpre488/Labs/MP-0/vitus/design_1_wrapper/hw/design_1_wrapper.xsa
TRACE::2026-01-31.17:37:15::SCWPlatform::DSA directory X:/cpre488/Labs/MP-0/vitus/design_1_wrapper/hw
TRACE::2026-01-31.17:37:15::SCWPlatform:: Platform Path X:/cpre488/Labs/MP-0/vitus/design_1_wrapper/hw/design_1_wrapper.xsa
TRACE::2026-01-31.17:37:15::SCWPlatform:: Unique name xilinx:zed::0.0
TRACE::2026-01-31.17:37:15::SCWPlatform::Trying to set the existing hwdb with name design_1_wrapper_0
TRACE::2026-01-31.17:37:15::SCWPlatform::Opened existing hwdb design_1_wrapper_0
TRACE::2026-01-31.17:37:15::SCWPlatform::Found the Hw Db part of the input DSA
TRACE::2026-01-31.17:37:15::SCWMssOS::Checking the sw design at  X:/cpre488/Labs/MP-0/vitus/design_1_wrapper/zynq_fsbl/zynq_fsbl_bsp/system.mss
TRACE::2026-01-31.17:37:15::SCWMssOS::DEBUG:  swdes dump  X:/cpre488/Labs/MP-0/vitus/design_1_wrapper/ps7_cortexa9_0/domain_ps7_cortexa9_0/bsp/system.mss|system_0||
X:/cpre488/Labs/MP-0/vitus/design_1_wrapper/zynq_fsbl/zynq_fsbl_bsp/system.mss|system||

TRACE::2026-01-31.17:37:15::SCWMssOS::Sw design exists and opened at  X:/cpre488/Labs/MP-0/vitus/design_1_wrapper/zynq_fsbl/zynq_fsbl_bsp/system.mss
TRACE::2026-01-31.17:37:15::SCWPlatform::Trying to open the hw design at X:/cpre488/Labs/MP-0/vitus/design_1_wrapper/hw/design_1_wrapper.xsa
TRACE::2026-01-31.17:37:15::SCWPlatform::DSA given X:/cpre488/Labs/MP-0/vitus/design_1_wrapper/hw/design_1_wrapper.xsa
TRACE::2026-01-31.17:37:15::SCWPlatform::DSA absoulate path X:/cpre488/Labs/MP-0/vitus/design_1_wrapper/hw/design_1_wrapper.xsa
TRACE::2026-01-31.17:37:15::SCWPlatform::DSA directory X:/cpre488/Labs/MP-0/vitus/design_1_wrapper/hw
TRACE::2026-01-31.17:37:15::SCWPlatform:: Platform Path X:/cpre488/Labs/MP-0/vitus/design_1_wrapper/hw/design_1_wrapper.xsa
TRACE::2026-01-31.17:37:15::SCWPlatform:: Unique name xilinx:zed::0.0
TRACE::2026-01-31.17:37:15::SCWPlatform::Trying to set the existing hwdb with name design_1_wrapper_0
TRACE::2026-01-31.17:37:15::SCWPlatform::Opened existing hwdb design_1_wrapper_0
TRACE::2026-01-31.17:37:15::SCWPlatform::Found the Hw Db part of the input DSA
TRACE::2026-01-31.17:37:15::SCWMssOS::Checking the sw design at  X:/cpre488/Labs/MP-0/vitus/design_1_wrapper/zynq_fsbl/zynq_fsbl_bsp/system.mss
TRACE::2026-01-31.17:37:15::SCWMssOS::DEBUG:  swdes dump  X:/cpre488/Labs/MP-0/vitus/design_1_wrapper/ps7_cortexa9_0/domain_ps7_cortexa9_0/bsp/system.mss|system_0||
X:/cpre488/Labs/MP-0/vitus/design_1_wrapper/zynq_fsbl/zynq_fsbl_bsp/system.mss|system||

TRACE::2026-01-31.17:37:15::SCWMssOS::Sw design exists and opened at  X:/cpre488/Labs/MP-0/vitus/design_1_wrapper/zynq_fsbl/zynq_fsbl_bsp/system.mss
TRACE::2026-01-31.17:37:15::SCWPlatform::Trying to open the hw design at X:/cpre488/Labs/MP-0/vitus/design_1_wrapper/hw/design_1_wrapper.xsa
TRACE::2026-01-31.17:37:15::SCWPlatform::DSA given X:/cpre488/Labs/MP-0/vitus/design_1_wrapper/hw/design_1_wrapper.xsa
TRACE::2026-01-31.17:37:15::SCWPlatform::DSA absoulate path X:/cpre488/Labs/MP-0/vitus/design_1_wrapper/hw/design_1_wrapper.xsa
TRACE::2026-01-31.17:37:15::SCWPlatform::DSA directory X:/cpre488/Labs/MP-0/vitus/design_1_wrapper/hw
TRACE::2026-01-31.17:37:15::SCWPlatform:: Platform Path X:/cpre488/Labs/MP-0/vitus/design_1_wrapper/hw/design_1_wrapper.xsa
TRACE::2026-01-31.17:37:15::SCWPlatform:: Unique name xilinx:zed::0.0
TRACE::2026-01-31.17:37:15::SCWPlatform::Trying to set the existing hwdb with name design_1_wrapper_0
TRACE::2026-01-31.17:37:15::SCWPlatform::Opened existing hwdb design_1_wrapper_0
TRACE::2026-01-31.17:37:15::SCWPlatform::Found the Hw Db part of the input DSA
TRACE::2026-01-31.17:37:15::SCWMssOS::Checking the sw design at  X:/cpre488/Labs/MP-0/vitus/design_1_wrapper/zynq_fsbl/zynq_fsbl_bsp/system.mss
TRACE::2026-01-31.17:37:15::SCWMssOS::DEBUG:  swdes dump  X:/cpre488/Labs/MP-0/vitus/design_1_wrapper/ps7_cortexa9_0/domain_ps7_cortexa9_0/bsp/system.mss|system_0||
X:/cpre488/Labs/MP-0/vitus/design_1_wrapper/zynq_fsbl/zynq_fsbl_bsp/system.mss|system||

TRACE::2026-01-31.17:37:15::SCWMssOS::Sw design exists and opened at  X:/cpre488/Labs/MP-0/vitus/design_1_wrapper/zynq_fsbl/zynq_fsbl_bsp/system.mss
TRACE::2026-01-31.17:37:15::SCWPlatform::Trying to open the hw design at X:/cpre488/Labs/MP-0/vitus/design_1_wrapper/hw/design_1_wrapper.xsa
TRACE::2026-01-31.17:37:15::SCWPlatform::DSA given X:/cpre488/Labs/MP-0/vitus/design_1_wrapper/hw/design_1_wrapper.xsa
TRACE::2026-01-31.17:37:15::SCWPlatform::DSA absoulate path X:/cpre488/Labs/MP-0/vitus/design_1_wrapper/hw/design_1_wrapper.xsa
TRACE::2026-01-31.17:37:15::SCWPlatform::DSA directory X:/cpre488/Labs/MP-0/vitus/design_1_wrapper/hw
TRACE::2026-01-31.17:37:15::SCWPlatform:: Platform Path X:/cpre488/Labs/MP-0/vitus/design_1_wrapper/hw/design_1_wrapper.xsa
TRACE::2026-01-31.17:37:15::SCWPlatform:: Unique name xilinx:zed::0.0
TRACE::2026-01-31.17:37:15::SCWPlatform::Trying to set the existing hwdb with name design_1_wrapper_0
TRACE::2026-01-31.17:37:15::SCWPlatform::Opened existing hwdb design_1_wrapper_0
TRACE::2026-01-31.17:37:15::SCWPlatform::Found the Hw Db part of the input DSA
TRACE::2026-01-31.17:37:15::SCWMssOS::Checking the sw design at  X:/cpre488/Labs/MP-0/vitus/design_1_wrapper/ps7_cortexa9_0/domain_ps7_cortexa9_0/bsp/system.mss
TRACE::2026-01-31.17:37:15::SCWMssOS::DEBUG:  swdes dump  X:/cpre488/Labs/MP-0/vitus/design_1_wrapper/ps7_cortexa9_0/domain_ps7_cortexa9_0/bsp/system.mss|system_0||
X:/cpre488/Labs/MP-0/vitus/design_1_wrapper/zynq_fsbl/zynq_fsbl_bsp/system.mss|system||

TRACE::2026-01-31.17:37:15::SCWMssOS::Sw design exists and opened at  X:/cpre488/Labs/MP-0/vitus/design_1_wrapper/ps7_cortexa9_0/domain_ps7_cortexa9_0/bsp/system.mss
TRACE::2026-01-31.17:37:15::SCWPlatform::Trying to open the hw design at X:/cpre488/Labs/MP-0/vitus/design_1_wrapper/hw/design_1_wrapper.xsa
TRACE::2026-01-31.17:37:15::SCWPlatform::DSA given X:/cpre488/Labs/MP-0/vitus/design_1_wrapper/hw/design_1_wrapper.xsa
TRACE::2026-01-31.17:37:15::SCWPlatform::DSA absoulate path X:/cpre488/Labs/MP-0/vitus/design_1_wrapper/hw/design_1_wrapper.xsa
TRACE::2026-01-31.17:37:15::SCWPlatform::DSA directory X:/cpre488/Labs/MP-0/vitus/design_1_wrapper/hw
TRACE::2026-01-31.17:37:15::SCWPlatform:: Platform Path X:/cpre488/Labs/MP-0/vitus/design_1_wrapper/hw/design_1_wrapper.xsa
TRACE::2026-01-31.17:37:15::SCWPlatform:: Unique name xilinx:zed::0.0
TRACE::2026-01-31.17:37:15::SCWPlatform::Trying to set the existing hwdb with name design_1_wrapper_0
TRACE::2026-01-31.17:37:15::SCWPlatform::Opened existing hwdb design_1_wrapper_0
TRACE::2026-01-31.17:37:15::SCWPlatform::Found the Hw Db part of the input DSA
TRACE::2026-01-31.17:37:15::SCWMssOS::Checking the sw design at  X:/cpre488/Labs/MP-0/vitus/design_1_wrapper/ps7_cortexa9_0/domain_ps7_cortexa9_0/bsp/system.mss
TRACE::2026-01-31.17:37:15::SCWMssOS::DEBUG:  swdes dump  X:/cpre488/Labs/MP-0/vitus/design_1_wrapper/ps7_cortexa9_0/domain_ps7_cortexa9_0/bsp/system.mss|system_0||
X:/cpre488/Labs/MP-0/vitus/design_1_wrapper/zynq_fsbl/zynq_fsbl_bsp/system.mss|system||

TRACE::2026-01-31.17:37:15::SCWMssOS::Sw design exists and opened at  X:/cpre488/Labs/MP-0/vitus/design_1_wrapper/ps7_cortexa9_0/domain_ps7_cortexa9_0/bsp/system.mss
TRACE::2026-01-31.17:37:15::SCWPlatform::Trying to open the hw design at X:/cpre488/Labs/MP-0/vitus/design_1_wrapper/hw/design_1_wrapper.xsa
TRACE::2026-01-31.17:37:15::SCWPlatform::DSA given X:/cpre488/Labs/MP-0/vitus/design_1_wrapper/hw/design_1_wrapper.xsa
TRACE::2026-01-31.17:37:15::SCWPlatform::DSA absoulate path X:/cpre488/Labs/MP-0/vitus/design_1_wrapper/hw/design_1_wrapper.xsa
TRACE::2026-01-31.17:37:15::SCWPlatform::DSA directory X:/cpre488/Labs/MP-0/vitus/design_1_wrapper/hw
TRACE::2026-01-31.17:37:15::SCWPlatform:: Platform Path X:/cpre488/Labs/MP-0/vitus/design_1_wrapper/hw/design_1_wrapper.xsa
TRACE::2026-01-31.17:37:15::SCWPlatform:: Unique name xilinx:zed::0.0
TRACE::2026-01-31.17:37:15::SCWPlatform::Trying to set the existing hwdb with name design_1_wrapper_0
TRACE::2026-01-31.17:37:15::SCWPlatform::Opened existing hwdb design_1_wrapper_0
TRACE::2026-01-31.17:37:15::SCWPlatform::Found the Hw Db part of the input DSA
TRACE::2026-01-31.17:37:15::SCWMssOS::Checking the sw design at  X:/cpre488/Labs/MP-0/vitus/design_1_wrapper/ps7_cortexa9_0/domain_ps7_cortexa9_0/bsp/system.mss
TRACE::2026-01-31.17:37:15::SCWMssOS::DEBUG:  swdes dump  X:/cpre488/Labs/MP-0/vitus/design_1_wrapper/ps7_cortexa9_0/domain_ps7_cortexa9_0/bsp/system.mss|system_0||
X:/cpre488/Labs/MP-0/vitus/design_1_wrapper/zynq_fsbl/zynq_fsbl_bsp/system.mss|system||

TRACE::2026-01-31.17:37:15::SCWMssOS::Sw design exists and opened at  X:/cpre488/Labs/MP-0/vitus/design_1_wrapper/ps7_cortexa9_0/domain_ps7_cortexa9_0/bsp/system.mss
TRACE::2026-01-31.17:37:15::SCWWriter::formatted JSON is {
	"platformName":	"design_1_wrapper",
	"sprVersion":	"2.0",
	"mode":	"gui",
	"dsaType":	"Fixed",
	"platformDesc":	"design_1_wrapper",
	"platHandOff":	"X:/cpre488/Labs/MP-0/MP0_round2/design_1_wrapper.xsa",
	"platIntHandOff":	"<platformDir>/hw/design_1_wrapper.xsa",
	"deviceType":	"zynq",
	"platIsPrebuiltAutogen":	"false",
	"platIsNoBootBsp":	"false",
	"platFsblTarget":	"ps7_cortexa9_0",
	"hasFsblMakeHasChanges":	"false",
	"hasPmufwMakeHasChanges":	"false",
	"fsblExtraCompilerFlags":	"-MMD -MP       -mcpu=cortex-a9 -mfpu=vfpv3 -mfloat-abi=hard ",
	"platPreBuiltFlag":	false,
	"platformSamplesDir":	"",
	"platActiveSys":	"design_1_wrapper",
	"systems":	[{
			"systemName":	"design_1_wrapper",
			"systemDesc":	"design_1_wrapper",
			"sysIsBootAutoGen":	"true",
			"systemDispName":	"design_1_wrapper",
			"sysActiveDom":	"domain_ps7_cortexa9_0",
			"sysDefaultDom":	"domain_ps7_cortexa9_0",
			"domains":	[{
					"domainName":	"zynq_fsbl",
					"domainDispName":	"zynq_fsbl",
					"domainDesc":	"FSBL Application BSP - Auto Generated.",
					"processors":	"ps7_cortexa9_0",
					"os":	"standalone",
					"sdxOs":	"standalone",
					"debugEnable":	"",
					"domRuntimes":	["cpp"],
					"swRepo":	"",
					"mssOsVer":	"7.2",
					"mssFile":	"",
					"md5Digest":	"d2d420d87bcfafaa761d1aba64f21ae8",
					"compatibleApp":	"zynq_fsbl",
					"domType":	"bootDomain",
					"arch":	"32-bit",
					"appSettings":	{
						"appCompilerFlags":	"",
						"appLinkerFlags":	""
					},
					"addedLibs":	["xilffs:4.3", "xilrsa:1.6"],
					"libOptions":	{
						"libsContainingOptions":	[]
					},
					"prebuiltLibs":	{
						"prebuiltIncPath":	[],
						"prebuiltLibPath":	[]
					},
					"isolation":	{
					}
				}, {
					"domainName":	"domain_ps7_cortexa9_0",
					"domainDispName":	"domain_ps7_cortexa9_0",
					"domainDesc":	"domain_ps7_cortexa9_0",
					"processors":	"ps7_cortexa9_0",
					"os":	"standalone",
					"sdxOs":	"standalone",
					"qemuArgs":	"C:/Xilinx/Vitis/2020.1/data/emulation/platforms/zynq/qemu/qemu_args.txt",
					"qemuData":	"C:/Xilinx/Vitis/2020.1/data/emulation/platforms/zynq/qemu/",
					"debugEnable":	"False",
					"domRuntimes":	["cpp"],
					"swRepo":	"",
					"mssOsVer":	"7.2",
					"mssFile":	"",
					"md5Digest":	"0103012646b99f26b289ff154d95cad8",
					"compatibleApp":	"hello_world",
					"domType":	"mssDomain",
					"arch":	"32-bit",
					"appSettings":	{
						"appCompilerFlags":	"",
						"appLinkerFlags":	""
					},
					"addedLibs":	[],
					"libOptions":	{
						"libsContainingOptions":	[]
					},
					"prebuiltLibs":	{
						"prebuiltIncPath":	[],
						"prebuiltLibPath":	[]
					},
					"isolation":	{
					}
				}]
		}]
}
KEYINFO::2026-01-31.17:37:15::SCWPlatform::updated the xpfm file.
TRACE::2026-01-31.17:37:15::SCWPlatform::Trying to open the hw design at X:/cpre488/Labs/MP-0/vitus/design_1_wrapper/hw/design_1_wrapper.xsa
TRACE::2026-01-31.17:37:15::SCWPlatform::DSA given X:/cpre488/Labs/MP-0/vitus/design_1_wrapper/hw/design_1_wrapper.xsa
TRACE::2026-01-31.17:37:15::SCWPlatform::DSA absoulate path X:/cpre488/Labs/MP-0/vitus/design_1_wrapper/hw/design_1_wrapper.xsa
TRACE::2026-01-31.17:37:15::SCWPlatform::DSA directory X:/cpre488/Labs/MP-0/vitus/design_1_wrapper/hw
TRACE::2026-01-31.17:37:15::SCWPlatform:: Platform Path X:/cpre488/Labs/MP-0/vitus/design_1_wrapper/hw/design_1_wrapper.xsa
TRACE::2026-01-31.17:37:15::SCWPlatform:: Unique name xilinx:zed::0.0
TRACE::2026-01-31.17:37:15::SCWPlatform::Trying to set the existing hwdb with name design_1_wrapper_0
TRACE::2026-01-31.17:37:15::SCWPlatform::Opened existing hwdb design_1_wrapper_0
TRACE::2026-01-31.17:37:15::SCWPlatform::Found the Hw Db part of the input DSA
TRACE::2026-01-31.17:37:15::SCWMssOS::Checking the sw design at  X:/cpre488/Labs/MP-0/vitus/design_1_wrapper/ps7_cortexa9_0/domain_ps7_cortexa9_0/bsp/system.mss
TRACE::2026-01-31.17:37:15::SCWMssOS::DEBUG:  swdes dump  X:/cpre488/Labs/MP-0/vitus/design_1_wrapper/ps7_cortexa9_0/domain_ps7_cortexa9_0/bsp/system.mss|system_0||
X:/cpre488/Labs/MP-0/vitus/design_1_wrapper/zynq_fsbl/zynq_fsbl_bsp/system.mss|system||

TRACE::2026-01-31.17:37:15::SCWMssOS::Sw design exists and opened at  X:/cpre488/Labs/MP-0/vitus/design_1_wrapper/ps7_cortexa9_0/domain_ps7_cortexa9_0/bsp/system.mss
TRACE::2026-02-03.17:47:24::SCWPlatform::Trying to open the hw design at X:/cpre488/Labs/MP-0/vitus/design_1_wrapper/hw/design_1_wrapper.xsa
TRACE::2026-02-03.17:47:24::SCWPlatform::DSA given X:/cpre488/Labs/MP-0/vitus/design_1_wrapper/hw/design_1_wrapper.xsa
TRACE::2026-02-03.17:47:24::SCWPlatform::DSA absoulate path X:/cpre488/Labs/MP-0/vitus/design_1_wrapper/hw/design_1_wrapper.xsa
TRACE::2026-02-03.17:47:24::SCWPlatform::DSA directory X:/cpre488/Labs/MP-0/vitus/design_1_wrapper/hw
TRACE::2026-02-03.17:47:24::SCWPlatform:: Platform Path X:/cpre488/Labs/MP-0/vitus/design_1_wrapper/hw/design_1_wrapper.xsa
TRACE::2026-02-03.17:47:24::SCWPlatform:: Unique name xilinx:zed::0.0
TRACE::2026-02-03.17:47:24::SCWPlatform::Do not have an existing db opened. 
TRACE::2026-02-03.17:47:27::SCWPlatform::Opened new HwDB with name design_1_wrapper_0
TRACE::2026-02-03.17:47:27::SCWReader::Active system found as  design_1_wrapper
TRACE::2026-02-03.17:47:27::SCWReader::Handling sysconfig design_1_wrapper
TRACE::2026-02-03.17:47:27::SCWDomain::checking for install qemu data   : 
TRACE::2026-02-03.17:47:27::SCWDomain:: Using the QEMU Data from install at  : C:/Xilinx/Vitis/2020.1/data/emulation/platforms/zynq/qemu/
TRACE::2026-02-03.17:47:27::SCWDomain:: Using the QEMU args  from install at  : C:/Xilinx/Vitis/2020.1/data/emulation/platforms/zynq/qemu/qemu_args.txt
TRACE::2026-02-03.17:47:27::SCWPlatform::Trying to open the hw design at X:/cpre488/Labs/MP-0/vitus/design_1_wrapper/hw/design_1_wrapper.xsa
TRACE::2026-02-03.17:47:27::SCWPlatform::DSA given X:/cpre488/Labs/MP-0/vitus/design_1_wrapper/hw/design_1_wrapper.xsa
TRACE::2026-02-03.17:47:27::SCWPlatform::DSA absoulate path X:/cpre488/Labs/MP-0/vitus/design_1_wrapper/hw/design_1_wrapper.xsa
TRACE::2026-02-03.17:47:27::SCWPlatform::DSA directory X:/cpre488/Labs/MP-0/vitus/design_1_wrapper/hw
TRACE::2026-02-03.17:47:27::SCWPlatform:: Platform Path X:/cpre488/Labs/MP-0/vitus/design_1_wrapper/hw/design_1_wrapper.xsa
TRACE::2026-02-03.17:47:27::SCWPlatform:: Unique name xilinx:zed::0.0
TRACE::2026-02-03.17:47:27::SCWPlatform::Trying to set the existing hwdb with name design_1_wrapper_0
TRACE::2026-02-03.17:47:27::SCWPlatform::Opened existing hwdb design_1_wrapper_0
TRACE::2026-02-03.17:47:27::SCWPlatform::Found the Hw Db part of the input DSA
TRACE::2026-02-03.17:47:27::SCWPlatform::Trying to open the hw design at X:/cpre488/Labs/MP-0/vitus/design_1_wrapper/hw/design_1_wrapper.xsa
TRACE::2026-02-03.17:47:27::SCWPlatform::DSA given X:/cpre488/Labs/MP-0/vitus/design_1_wrapper/hw/design_1_wrapper.xsa
TRACE::2026-02-03.17:47:27::SCWPlatform::DSA absoulate path X:/cpre488/Labs/MP-0/vitus/design_1_wrapper/hw/design_1_wrapper.xsa
TRACE::2026-02-03.17:47:27::SCWPlatform::DSA directory X:/cpre488/Labs/MP-0/vitus/design_1_wrapper/hw
TRACE::2026-02-03.17:47:27::SCWPlatform:: Platform Path X:/cpre488/Labs/MP-0/vitus/design_1_wrapper/hw/design_1_wrapper.xsa
TRACE::2026-02-03.17:47:27::SCWPlatform:: Unique name xilinx:zed::0.0
TRACE::2026-02-03.17:47:27::SCWPlatform::Trying to set the existing hwdb with name design_1_wrapper_0
TRACE::2026-02-03.17:47:27::SCWPlatform::Opened existing hwdb design_1_wrapper_0
TRACE::2026-02-03.17:47:27::SCWPlatform::Found the Hw Db part of the input DSA
TRACE::2026-02-03.17:47:27::SCWPlatform::Trying to open the hw design at X:/cpre488/Labs/MP-0/vitus/design_1_wrapper/hw/design_1_wrapper.xsa
TRACE::2026-02-03.17:47:27::SCWPlatform::DSA given X:/cpre488/Labs/MP-0/vitus/design_1_wrapper/hw/design_1_wrapper.xsa
TRACE::2026-02-03.17:47:27::SCWPlatform::DSA absoulate path X:/cpre488/Labs/MP-0/vitus/design_1_wrapper/hw/design_1_wrapper.xsa
TRACE::2026-02-03.17:47:27::SCWPlatform::DSA directory X:/cpre488/Labs/MP-0/vitus/design_1_wrapper/hw
TRACE::2026-02-03.17:47:27::SCWPlatform:: Platform Path X:/cpre488/Labs/MP-0/vitus/design_1_wrapper/hw/design_1_wrapper.xsa
TRACE::2026-02-03.17:47:27::SCWPlatform:: Unique name xilinx:zed::0.0
TRACE::2026-02-03.17:47:27::SCWPlatform::Trying to set the existing hwdb with name design_1_wrapper_0
TRACE::2026-02-03.17:47:27::SCWPlatform::Opened existing hwdb design_1_wrapper_0
TRACE::2026-02-03.17:47:27::SCWPlatform::Found the Hw Db part of the input DSA
TRACE::2026-02-03.17:47:27::SCWReader::Boot application domain added for zynq_fsbl
TRACE::2026-02-03.17:47:27::SCWPlatform::Trying to open the hw design at X:/cpre488/Labs/MP-0/vitus/design_1_wrapper/hw/design_1_wrapper.xsa
TRACE::2026-02-03.17:47:27::SCWPlatform::DSA given X:/cpre488/Labs/MP-0/vitus/design_1_wrapper/hw/design_1_wrapper.xsa
TRACE::2026-02-03.17:47:27::SCWPlatform::DSA absoulate path X:/cpre488/Labs/MP-0/vitus/design_1_wrapper/hw/design_1_wrapper.xsa
TRACE::2026-02-03.17:47:27::SCWPlatform::DSA directory X:/cpre488/Labs/MP-0/vitus/design_1_wrapper/hw
TRACE::2026-02-03.17:47:27::SCWPlatform:: Platform Path X:/cpre488/Labs/MP-0/vitus/design_1_wrapper/hw/design_1_wrapper.xsa
TRACE::2026-02-03.17:47:27::SCWPlatform:: Unique name xilinx:zed::0.0
TRACE::2026-02-03.17:47:27::SCWPlatform::Trying to set the existing hwdb with name design_1_wrapper_0
TRACE::2026-02-03.17:47:27::SCWPlatform::Opened existing hwdb design_1_wrapper_0
TRACE::2026-02-03.17:47:27::SCWPlatform::Found the Hw Db part of the input DSA
TRACE::2026-02-03.17:47:27::SCWMssOS::Checking the sw design at  X:/cpre488/Labs/MP-0/vitus/design_1_wrapper/zynq_fsbl/zynq_fsbl_bsp/system.mss
TRACE::2026-02-03.17:47:27::SCWMssOS::DEBUG:  swdes dump  X:/cpre488/Labs/MP-0/vitus/MP0_wrapper/ps7_cortexa9_0/domain_ps7_cortexa9_0/bsp/system.mss|system_0||
X:/cpre488/Labs/MP-0/vitus/MP0_wrapper/zynq_fsbl/zynq_fsbl_bsp/system.mss|system||

TRACE::2026-02-03.17:47:27::SCWMssOS::No sw design opened at  X:/cpre488/Labs/MP-0/vitus/design_1_wrapper/zynq_fsbl/zynq_fsbl_bsp/system.mss
TRACE::2026-02-03.17:47:27::SCWMssOS::mss exists loading the mss file  X:/cpre488/Labs/MP-0/vitus/design_1_wrapper/zynq_fsbl/zynq_fsbl_bsp/system.mss
TRACE::2026-02-03.17:47:27::SCWMssOS::Opened the sw design from mss  X:/cpre488/Labs/MP-0/vitus/design_1_wrapper/zynq_fsbl/zynq_fsbl_bsp/system.mss
TRACE::2026-02-03.17:47:27::SCWMssOS::Adding the swdes entry X:/cpre488/Labs/MP-0/vitus/design_1_wrapper/zynq_fsbl/zynq_fsbl_bsp/system.mss with des name system_1
TRACE::2026-02-03.17:47:27::SCWMssOS::updating the scw layer about changes
TRACE::2026-02-03.17:47:27::SCWMssOS::Opened the sw design.  X:/cpre488/Labs/MP-0/vitus/design_1_wrapper/zynq_fsbl/zynq_fsbl_bsp/system.mss
TRACE::2026-02-03.17:47:27::SCWPlatform::Trying to open the hw design at X:/cpre488/Labs/MP-0/vitus/design_1_wrapper/hw/design_1_wrapper.xsa
TRACE::2026-02-03.17:47:27::SCWPlatform::DSA given X:/cpre488/Labs/MP-0/vitus/design_1_wrapper/hw/design_1_wrapper.xsa
TRACE::2026-02-03.17:47:27::SCWPlatform::DSA absoulate path X:/cpre488/Labs/MP-0/vitus/design_1_wrapper/hw/design_1_wrapper.xsa
TRACE::2026-02-03.17:47:27::SCWPlatform::DSA directory X:/cpre488/Labs/MP-0/vitus/design_1_wrapper/hw
TRACE::2026-02-03.17:47:27::SCWPlatform:: Platform Path X:/cpre488/Labs/MP-0/vitus/design_1_wrapper/hw/design_1_wrapper.xsa
TRACE::2026-02-03.17:47:27::SCWPlatform:: Unique name xilinx:zed::0.0
TRACE::2026-02-03.17:47:27::SCWPlatform::Trying to set the existing hwdb with name design_1_wrapper_0
TRACE::2026-02-03.17:47:27::SCWPlatform::Opened existing hwdb design_1_wrapper_0
TRACE::2026-02-03.17:47:27::SCWPlatform::Found the Hw Db part of the input DSA
TRACE::2026-02-03.17:47:27::SCWMssOS::Checking the sw design at  X:/cpre488/Labs/MP-0/vitus/design_1_wrapper/zynq_fsbl/zynq_fsbl_bsp/system.mss
TRACE::2026-02-03.17:47:27::SCWMssOS::DEBUG:  swdes dump  X:/cpre488/Labs/MP-0/vitus/MP0_wrapper/ps7_cortexa9_0/domain_ps7_cortexa9_0/bsp/system.mss|system_0||
X:/cpre488/Labs/MP-0/vitus/MP0_wrapper/zynq_fsbl/zynq_fsbl_bsp/system.mss|system||
X:/cpre488/Labs/MP-0/vitus/design_1_wrapper/zynq_fsbl/zynq_fsbl_bsp/system.mss|system_1||

TRACE::2026-02-03.17:47:27::SCWMssOS::Sw design exists and opened at  X:/cpre488/Labs/MP-0/vitus/design_1_wrapper/zynq_fsbl/zynq_fsbl_bsp/system.mss
TRACE::2026-02-03.17:47:27::SCWMssOS:: library already available in sw design:  xilffs:4.3
TRACE::2026-02-03.17:47:27::SCWPlatform::Trying to open the hw design at X:/cpre488/Labs/MP-0/vitus/design_1_wrapper/hw/design_1_wrapper.xsa
TRACE::2026-02-03.17:47:27::SCWPlatform::DSA given X:/cpre488/Labs/MP-0/vitus/design_1_wrapper/hw/design_1_wrapper.xsa
TRACE::2026-02-03.17:47:27::SCWPlatform::DSA absoulate path X:/cpre488/Labs/MP-0/vitus/design_1_wrapper/hw/design_1_wrapper.xsa
TRACE::2026-02-03.17:47:27::SCWPlatform::DSA directory X:/cpre488/Labs/MP-0/vitus/design_1_wrapper/hw
TRACE::2026-02-03.17:47:27::SCWPlatform:: Platform Path X:/cpre488/Labs/MP-0/vitus/design_1_wrapper/hw/design_1_wrapper.xsa
TRACE::2026-02-03.17:47:27::SCWPlatform:: Unique name xilinx:zed::0.0
TRACE::2026-02-03.17:47:27::SCWPlatform::Trying to set the existing hwdb with name design_1_wrapper_0
TRACE::2026-02-03.17:47:27::SCWPlatform::Opened existing hwdb design_1_wrapper_0
TRACE::2026-02-03.17:47:27::SCWPlatform::Found the Hw Db part of the input DSA
TRACE::2026-02-03.17:47:27::SCWMssOS::Checking the sw design at  X:/cpre488/Labs/MP-0/vitus/design_1_wrapper/zynq_fsbl/zynq_fsbl_bsp/system.mss
TRACE::2026-02-03.17:47:27::SCWMssOS::DEBUG:  swdes dump  X:/cpre488/Labs/MP-0/vitus/MP0_wrapper/ps7_cortexa9_0/domain_ps7_cortexa9_0/bsp/system.mss|system_0||
X:/cpre488/Labs/MP-0/vitus/MP0_wrapper/zynq_fsbl/zynq_fsbl_bsp/system.mss|system||
X:/cpre488/Labs/MP-0/vitus/design_1_wrapper/zynq_fsbl/zynq_fsbl_bsp/system.mss|system_1||

TRACE::2026-02-03.17:47:27::SCWMssOS::Sw design exists and opened at  X:/cpre488/Labs/MP-0/vitus/design_1_wrapper/zynq_fsbl/zynq_fsbl_bsp/system.mss
TRACE::2026-02-03.17:47:27::SCWMssOS:: library already available in sw design:  xilrsa:1.6
TRACE::2026-02-03.17:47:27::SCWMssOS::Saving the mss changes X:/cpre488/Labs/MP-0/vitus/design_1_wrapper/zynq_fsbl/zynq_fsbl_bsp/system.mss
TRACE::2026-02-03.17:47:27::SCWMssOS::Found a swdesign opened with the mssfile.
TRACE::2026-02-03.17:47:27::SCWMssOS::Completed writemss as part of save.
TRACE::2026-02-03.17:47:27::SCWMssOS::Commit changes completed.
TRACE::2026-02-03.17:47:27::SCWReader::Adding prebuilt librarypaths as   
TRACE::2026-02-03.17:47:27::SCWReader::Adding prebuilt incpaths  as   
TRACE::2026-02-03.17:47:27::SCWPlatform::Trying to open the hw design at X:/cpre488/Labs/MP-0/vitus/design_1_wrapper/hw/design_1_wrapper.xsa
TRACE::2026-02-03.17:47:27::SCWPlatform::DSA given X:/cpre488/Labs/MP-0/vitus/design_1_wrapper/hw/design_1_wrapper.xsa
TRACE::2026-02-03.17:47:27::SCWPlatform::DSA absoulate path X:/cpre488/Labs/MP-0/vitus/design_1_wrapper/hw/design_1_wrapper.xsa
TRACE::2026-02-03.17:47:27::SCWPlatform::DSA directory X:/cpre488/Labs/MP-0/vitus/design_1_wrapper/hw
TRACE::2026-02-03.17:47:27::SCWPlatform:: Platform Path X:/cpre488/Labs/MP-0/vitus/design_1_wrapper/hw/design_1_wrapper.xsa
TRACE::2026-02-03.17:47:27::SCWPlatform:: Unique name xilinx:zed::0.0
TRACE::2026-02-03.17:47:27::SCWPlatform::Trying to set the existing hwdb with name design_1_wrapper_0
TRACE::2026-02-03.17:47:27::SCWPlatform::Opened existing hwdb design_1_wrapper_0
TRACE::2026-02-03.17:47:27::SCWPlatform::Found the Hw Db part of the input DSA
TRACE::2026-02-03.17:47:27::SCWMssOS::Checking the sw design at  X:/cpre488/Labs/MP-0/vitus/design_1_wrapper/zynq_fsbl/zynq_fsbl_bsp/system.mss
TRACE::2026-02-03.17:47:27::SCWMssOS::DEBUG:  swdes dump  X:/cpre488/Labs/MP-0/vitus/MP0_wrapper/ps7_cortexa9_0/domain_ps7_cortexa9_0/bsp/system.mss|system_0||
X:/cpre488/Labs/MP-0/vitus/MP0_wrapper/zynq_fsbl/zynq_fsbl_bsp/system.mss|system||
X:/cpre488/Labs/MP-0/vitus/design_1_wrapper/zynq_fsbl/zynq_fsbl_bsp/system.mss|system_1||

TRACE::2026-02-03.17:47:27::SCWMssOS::Sw design exists and opened at  X:/cpre488/Labs/MP-0/vitus/design_1_wrapper/zynq_fsbl/zynq_fsbl_bsp/system.mss
TRACE::2026-02-03.17:47:27::SCWReader::No isolation master present  
TRACE::2026-02-03.17:47:27::SCWDomain::checking for install qemu data   : 
TRACE::2026-02-03.17:47:27::SCWDomain:: Using the QEMU Data from install at  : C:/Xilinx/Vitis/2020.1/data/emulation/platforms/zynq/qemu/
TRACE::2026-02-03.17:47:27::SCWDomain:: Using the QEMU args  from install at  : C:/Xilinx/Vitis/2020.1/data/emulation/platforms/zynq/qemu/qemu_args.txt
TRACE::2026-02-03.17:47:27::SCWPlatform::Trying to open the hw design at X:/cpre488/Labs/MP-0/vitus/design_1_wrapper/hw/design_1_wrapper.xsa
TRACE::2026-02-03.17:47:27::SCWPlatform::DSA given X:/cpre488/Labs/MP-0/vitus/design_1_wrapper/hw/design_1_wrapper.xsa
TRACE::2026-02-03.17:47:27::SCWPlatform::DSA absoulate path X:/cpre488/Labs/MP-0/vitus/design_1_wrapper/hw/design_1_wrapper.xsa
TRACE::2026-02-03.17:47:27::SCWPlatform::DSA directory X:/cpre488/Labs/MP-0/vitus/design_1_wrapper/hw
TRACE::2026-02-03.17:47:27::SCWPlatform:: Platform Path X:/cpre488/Labs/MP-0/vitus/design_1_wrapper/hw/design_1_wrapper.xsa
TRACE::2026-02-03.17:47:27::SCWPlatform:: Unique name xilinx:zed::0.0
TRACE::2026-02-03.17:47:27::SCWPlatform::Trying to set the existing hwdb with name design_1_wrapper_0
TRACE::2026-02-03.17:47:27::SCWPlatform::Opened existing hwdb design_1_wrapper_0
TRACE::2026-02-03.17:47:27::SCWPlatform::Found the Hw Db part of the input DSA
TRACE::2026-02-03.17:47:27::SCWPlatform::Trying to open the hw design at X:/cpre488/Labs/MP-0/vitus/design_1_wrapper/hw/design_1_wrapper.xsa
TRACE::2026-02-03.17:47:27::SCWPlatform::DSA given X:/cpre488/Labs/MP-0/vitus/design_1_wrapper/hw/design_1_wrapper.xsa
TRACE::2026-02-03.17:47:27::SCWPlatform::DSA absoulate path X:/cpre488/Labs/MP-0/vitus/design_1_wrapper/hw/design_1_wrapper.xsa
TRACE::2026-02-03.17:47:27::SCWPlatform::DSA directory X:/cpre488/Labs/MP-0/vitus/design_1_wrapper/hw
TRACE::2026-02-03.17:47:27::SCWPlatform:: Platform Path X:/cpre488/Labs/MP-0/vitus/design_1_wrapper/hw/design_1_wrapper.xsa
TRACE::2026-02-03.17:47:27::SCWPlatform:: Unique name xilinx:zed::0.0
TRACE::2026-02-03.17:47:27::SCWPlatform::Trying to set the existing hwdb with name design_1_wrapper_0
TRACE::2026-02-03.17:47:27::SCWPlatform::Opened existing hwdb design_1_wrapper_0
TRACE::2026-02-03.17:47:27::SCWPlatform::Found the Hw Db part of the input DSA
TRACE::2026-02-03.17:47:27::SCWPlatform::Trying to open the hw design at X:/cpre488/Labs/MP-0/vitus/design_1_wrapper/hw/design_1_wrapper.xsa
TRACE::2026-02-03.17:47:27::SCWPlatform::DSA given X:/cpre488/Labs/MP-0/vitus/design_1_wrapper/hw/design_1_wrapper.xsa
TRACE::2026-02-03.17:47:27::SCWPlatform::DSA absoulate path X:/cpre488/Labs/MP-0/vitus/design_1_wrapper/hw/design_1_wrapper.xsa
TRACE::2026-02-03.17:47:27::SCWPlatform::DSA directory X:/cpre488/Labs/MP-0/vitus/design_1_wrapper/hw
TRACE::2026-02-03.17:47:27::SCWPlatform:: Platform Path X:/cpre488/Labs/MP-0/vitus/design_1_wrapper/hw/design_1_wrapper.xsa
TRACE::2026-02-03.17:47:27::SCWPlatform:: Unique name xilinx:zed::0.0
TRACE::2026-02-03.17:47:27::SCWPlatform::Trying to set the existing hwdb with name design_1_wrapper_0
TRACE::2026-02-03.17:47:27::SCWPlatform::Opened existing hwdb design_1_wrapper_0
TRACE::2026-02-03.17:47:27::SCWPlatform::Found the Hw Db part of the input DSA
TRACE::2026-02-03.17:47:27::SCWMssOS::Checking the sw design at  X:/cpre488/Labs/MP-0/vitus/design_1_wrapper/ps7_cortexa9_0/domain_ps7_cortexa9_0/bsp/system.mss
TRACE::2026-02-03.17:47:27::SCWMssOS::DEBUG:  swdes dump  X:/cpre488/Labs/MP-0/vitus/MP0_wrapper/ps7_cortexa9_0/domain_ps7_cortexa9_0/bsp/system.mss|system_0||
X:/cpre488/Labs/MP-0/vitus/MP0_wrapper/zynq_fsbl/zynq_fsbl_bsp/system.mss|system||
X:/cpre488/Labs/MP-0/vitus/design_1_wrapper/zynq_fsbl/zynq_fsbl_bsp/system.mss|system_1||

TRACE::2026-02-03.17:47:27::SCWMssOS::No sw design opened at  X:/cpre488/Labs/MP-0/vitus/design_1_wrapper/ps7_cortexa9_0/domain_ps7_cortexa9_0/bsp/system.mss
TRACE::2026-02-03.17:47:27::SCWMssOS::mss exists loading the mss file  X:/cpre488/Labs/MP-0/vitus/design_1_wrapper/ps7_cortexa9_0/domain_ps7_cortexa9_0/bsp/system.mss
TRACE::2026-02-03.17:47:27::SCWMssOS::Opened the sw design from mss  X:/cpre488/Labs/MP-0/vitus/design_1_wrapper/ps7_cortexa9_0/domain_ps7_cortexa9_0/bsp/system.mss
TRACE::2026-02-03.17:47:27::SCWMssOS::Adding the swdes entry X:/cpre488/Labs/MP-0/vitus/design_1_wrapper/ps7_cortexa9_0/domain_ps7_cortexa9_0/bsp/system.mss with des name system_2
TRACE::2026-02-03.17:47:27::SCWMssOS::updating the scw layer about changes
TRACE::2026-02-03.17:47:27::SCWMssOS::Opened the sw design.  X:/cpre488/Labs/MP-0/vitus/design_1_wrapper/ps7_cortexa9_0/domain_ps7_cortexa9_0/bsp/system.mss
TRACE::2026-02-03.17:47:27::SCWMssOS::Saving the mss changes X:/cpre488/Labs/MP-0/vitus/design_1_wrapper/ps7_cortexa9_0/domain_ps7_cortexa9_0/bsp/system.mss
TRACE::2026-02-03.17:47:27::SCWMssOS::Found a swdesign opened with the mssfile.
TRACE::2026-02-03.17:47:27::SCWMssOS::Completed writemss as part of save.
TRACE::2026-02-03.17:47:27::SCWMssOS::Commit changes completed.
TRACE::2026-02-03.17:47:27::SCWReader::Adding prebuilt librarypaths as   
TRACE::2026-02-03.17:47:27::SCWReader::Adding prebuilt incpaths  as   
TRACE::2026-02-03.17:47:27::SCWPlatform::Trying to open the hw design at X:/cpre488/Labs/MP-0/vitus/design_1_wrapper/hw/design_1_wrapper.xsa
TRACE::2026-02-03.17:47:27::SCWPlatform::DSA given X:/cpre488/Labs/MP-0/vitus/design_1_wrapper/hw/design_1_wrapper.xsa
TRACE::2026-02-03.17:47:27::SCWPlatform::DSA absoulate path X:/cpre488/Labs/MP-0/vitus/design_1_wrapper/hw/design_1_wrapper.xsa
TRACE::2026-02-03.17:47:27::SCWPlatform::DSA directory X:/cpre488/Labs/MP-0/vitus/design_1_wrapper/hw
TRACE::2026-02-03.17:47:27::SCWPlatform:: Platform Path X:/cpre488/Labs/MP-0/vitus/design_1_wrapper/hw/design_1_wrapper.xsa
TRACE::2026-02-03.17:47:27::SCWPlatform:: Unique name xilinx:zed::0.0
TRACE::2026-02-03.17:47:27::SCWPlatform::Trying to set the existing hwdb with name design_1_wrapper_0
TRACE::2026-02-03.17:47:27::SCWPlatform::Opened existing hwdb design_1_wrapper_0
TRACE::2026-02-03.17:47:27::SCWPlatform::Found the Hw Db part of the input DSA
TRACE::2026-02-03.17:47:27::SCWMssOS::Checking the sw design at  X:/cpre488/Labs/MP-0/vitus/design_1_wrapper/ps7_cortexa9_0/domain_ps7_cortexa9_0/bsp/system.mss
TRACE::2026-02-03.17:47:27::SCWMssOS::DEBUG:  swdes dump  X:/cpre488/Labs/MP-0/vitus/MP0_wrapper/ps7_cortexa9_0/domain_ps7_cortexa9_0/bsp/system.mss|system_0||
X:/cpre488/Labs/MP-0/vitus/MP0_wrapper/zynq_fsbl/zynq_fsbl_bsp/system.mss|system||
X:/cpre488/Labs/MP-0/vitus/design_1_wrapper/ps7_cortexa9_0/domain_ps7_cortexa9_0/bsp/system.mss|system_2||
X:/cpre488/Labs/MP-0/vitus/design_1_wrapper/zynq_fsbl/zynq_fsbl_bsp/system.mss|system_1||

TRACE::2026-02-03.17:47:27::SCWMssOS::Sw design exists and opened at  X:/cpre488/Labs/MP-0/vitus/design_1_wrapper/ps7_cortexa9_0/domain_ps7_cortexa9_0/bsp/system.mss
TRACE::2026-02-03.17:47:27::SCWReader::No isolation master present  
TRACE::2026-02-03.17:47:32::SCWPlatform::Trying to open the hw design at X:/cpre488/Labs/MP-0/vitus/design_1_wrapper/hw/design_1_wrapper.xsa
TRACE::2026-02-03.17:47:32::SCWPlatform::DSA given X:/cpre488/Labs/MP-0/vitus/design_1_wrapper/hw/design_1_wrapper.xsa
TRACE::2026-02-03.17:47:32::SCWPlatform::DSA absoulate path X:/cpre488/Labs/MP-0/vitus/design_1_wrapper/hw/design_1_wrapper.xsa
TRACE::2026-02-03.17:47:32::SCWPlatform::DSA directory X:/cpre488/Labs/MP-0/vitus/design_1_wrapper/hw
TRACE::2026-02-03.17:47:32::SCWPlatform:: Platform Path X:/cpre488/Labs/MP-0/vitus/design_1_wrapper/hw/design_1_wrapper.xsa
TRACE::2026-02-03.17:47:32::SCWPlatform:: Unique name xilinx:zed::0.0
TRACE::2026-02-03.17:47:32::SCWPlatform::Trying to set the existing hwdb with name design_1_wrapper_0
TRACE::2026-02-03.17:47:32::SCWPlatform::Opened existing hwdb design_1_wrapper_0
TRACE::2026-02-03.17:47:32::SCWPlatform::Found the Hw Db part of the input DSA
TRACE::2026-02-03.17:47:32::SCWPlatform::DSA given X:/cpre488/Labs/MP-0/vitus/design_1_wrapper/tempdsa/design_1_wrapper.xsa
TRACE::2026-02-03.17:47:32::SCWPlatform::DSA absoulate path X:/cpre488/Labs/MP-0/vitus/design_1_wrapper/tempdsa/design_1_wrapper.xsa
TRACE::2026-02-03.17:47:32::SCWPlatform:: Platform location is X:/cpre488/Labs/MP-0/vitus/design_1_wrapper/tempdsa
TRACE::2026-02-03.17:47:32::SCWPlatform:: Platform Path X:/cpre488/Labs/MP-0/vitus/design_1_wrapper/tempdsa/design_1_wrapper.xsa
TRACE::2026-02-03.17:47:32::SCWPlatform:: Unique name xilinx:zed::0.0
TRACE::2026-02-03.17:47:34::SCWPlatform::Found the Hw Db part of the input DSA
TRACE::2026-02-03.17:47:34::SCWMssOS::Doing hw sync for the mss in domain: zynq_fsbl
TRACE::2026-02-03.17:47:34::SCWPlatform::Trying to open the hw design at X:/cpre488/Labs/MP-0/vitus/design_1_wrapper/hw/design_1_wrapper.xsa
TRACE::2026-02-03.17:47:34::SCWPlatform::DSA given X:/cpre488/Labs/MP-0/vitus/design_1_wrapper/hw/design_1_wrapper.xsa
TRACE::2026-02-03.17:47:34::SCWPlatform::DSA absoulate path X:/cpre488/Labs/MP-0/vitus/design_1_wrapper/hw/design_1_wrapper.xsa
TRACE::2026-02-03.17:47:34::SCWPlatform::DSA directory X:/cpre488/Labs/MP-0/vitus/design_1_wrapper/hw
TRACE::2026-02-03.17:47:34::SCWPlatform:: Platform Path X:/cpre488/Labs/MP-0/vitus/design_1_wrapper/hw/design_1_wrapper.xsa
TRACE::2026-02-03.17:47:34::SCWPlatform:: Unique name xilinx:zed::0.0
TRACE::2026-02-03.17:47:34::SCWPlatform::Trying to set the existing hwdb with name design_1_wrapper_0
TRACE::2026-02-03.17:47:34::SCWPlatform::Opened existing hwdb design_1_wrapper_0
TRACE::2026-02-03.17:47:34::SCWPlatform::Found the Hw Db part of the input DSA
TRACE::2026-02-03.17:47:34::SCWPlatform::Trying to open the hw design at X:/cpre488/Labs/MP-0/vitus/design_1_wrapper/hw/design_1_wrapper.xsa
TRACE::2026-02-03.17:47:34::SCWPlatform::DSA given X:/cpre488/Labs/MP-0/vitus/design_1_wrapper/hw/design_1_wrapper.xsa
TRACE::2026-02-03.17:47:34::SCWPlatform::DSA absoulate path X:/cpre488/Labs/MP-0/vitus/design_1_wrapper/hw/design_1_wrapper.xsa
TRACE::2026-02-03.17:47:34::SCWPlatform::DSA directory X:/cpre488/Labs/MP-0/vitus/design_1_wrapper/hw
TRACE::2026-02-03.17:47:34::SCWPlatform:: Platform Path X:/cpre488/Labs/MP-0/vitus/design_1_wrapper/hw/design_1_wrapper.xsa
TRACE::2026-02-03.17:47:34::SCWPlatform:: Unique name xilinx:zed::0.0
TRACE::2026-02-03.17:47:34::SCWPlatform::Trying to set the existing hwdb with name design_1_wrapper_0
TRACE::2026-02-03.17:47:34::SCWPlatform::Opened existing hwdb design_1_wrapper_0
TRACE::2026-02-03.17:47:34::SCWPlatform::Found the Hw Db part of the input DSA
TRACE::2026-02-03.17:47:34::SCWMssOS::Checking the sw design at  X:/cpre488/Labs/MP-0/vitus/design_1_wrapper/zynq_fsbl/zynq_fsbl_bsp/system.mss
TRACE::2026-02-03.17:47:34::SCWMssOS::DEBUG:  swdes dump  X:/cpre488/Labs/MP-0/vitus/MP0_wrapper/ps7_cortexa9_0/domain_ps7_cortexa9_0/bsp/system.mss|system_0||
X:/cpre488/Labs/MP-0/vitus/MP0_wrapper/zynq_fsbl/zynq_fsbl_bsp/system.mss|system||
X:/cpre488/Labs/MP-0/vitus/design_1_wrapper/ps7_cortexa9_0/domain_ps7_cortexa9_0/bsp/system.mss|system_2||
X:/cpre488/Labs/MP-0/vitus/design_1_wrapper/zynq_fsbl/zynq_fsbl_bsp/system.mss|system_1||

TRACE::2026-02-03.17:47:34::SCWMssOS::Sw design exists and opened at  X:/cpre488/Labs/MP-0/vitus/design_1_wrapper/zynq_fsbl/zynq_fsbl_bsp/system.mss
TRACE::2026-02-03.17:47:34::SCWPlatform::Trying to open the hw design at X:/cpre488/Labs/MP-0/vitus/design_1_wrapper/tempdsa/design_1_wrapper.xsa
TRACE::2026-02-03.17:47:34::SCWPlatform::DSA given X:/cpre488/Labs/MP-0/vitus/design_1_wrapper/tempdsa/design_1_wrapper.xsa
TRACE::2026-02-03.17:47:34::SCWPlatform::DSA absoulate path X:/cpre488/Labs/MP-0/vitus/design_1_wrapper/tempdsa/design_1_wrapper.xsa
TRACE::2026-02-03.17:47:34::SCWPlatform::DSA directory X:/cpre488/Labs/MP-0/vitus/design_1_wrapper/tempdsa
TRACE::2026-02-03.17:47:34::SCWPlatform:: Platform Path X:/cpre488/Labs/MP-0/vitus/design_1_wrapper/tempdsa/design_1_wrapper.xsa
TRACE::2026-02-03.17:47:34::SCWPlatform:: Unique name xilinx:zed::0.0
TRACE::2026-02-03.17:47:34::SCWPlatform::update - Opened existing hwdb design_1_wrapper_1
TRACE::2026-02-03.17:47:34::SCWPlatform::Found the Hw Db part of the input DSA
TRACE::2026-02-03.17:47:34::SCWMssOS::Doing hw sync for the mss in domain: domain_ps7_cortexa9_0
TRACE::2026-02-03.17:47:34::SCWPlatform::Trying to open the hw design at X:/cpre488/Labs/MP-0/vitus/design_1_wrapper/hw/design_1_wrapper.xsa
TRACE::2026-02-03.17:47:34::SCWPlatform::DSA given X:/cpre488/Labs/MP-0/vitus/design_1_wrapper/hw/design_1_wrapper.xsa
TRACE::2026-02-03.17:47:34::SCWPlatform::DSA absoulate path X:/cpre488/Labs/MP-0/vitus/design_1_wrapper/hw/design_1_wrapper.xsa
TRACE::2026-02-03.17:47:34::SCWPlatform::DSA directory X:/cpre488/Labs/MP-0/vitus/design_1_wrapper/hw
TRACE::2026-02-03.17:47:34::SCWPlatform:: Platform Path X:/cpre488/Labs/MP-0/vitus/design_1_wrapper/hw/design_1_wrapper.xsa
TRACE::2026-02-03.17:47:34::SCWPlatform:: Unique name xilinx:zed::0.0
TRACE::2026-02-03.17:47:34::SCWPlatform::Trying to set the existing hwdb with name design_1_wrapper_0
TRACE::2026-02-03.17:47:34::SCWPlatform::Opened existing hwdb design_1_wrapper_0
TRACE::2026-02-03.17:47:34::SCWPlatform::Found the Hw Db part of the input DSA
TRACE::2026-02-03.17:47:34::SCWPlatform::Trying to open the hw design at X:/cpre488/Labs/MP-0/vitus/design_1_wrapper/hw/design_1_wrapper.xsa
TRACE::2026-02-03.17:47:34::SCWPlatform::DSA given X:/cpre488/Labs/MP-0/vitus/design_1_wrapper/hw/design_1_wrapper.xsa
TRACE::2026-02-03.17:47:34::SCWPlatform::DSA absoulate path X:/cpre488/Labs/MP-0/vitus/design_1_wrapper/hw/design_1_wrapper.xsa
TRACE::2026-02-03.17:47:34::SCWPlatform::DSA directory X:/cpre488/Labs/MP-0/vitus/design_1_wrapper/hw
TRACE::2026-02-03.17:47:34::SCWPlatform:: Platform Path X:/cpre488/Labs/MP-0/vitus/design_1_wrapper/hw/design_1_wrapper.xsa
TRACE::2026-02-03.17:47:34::SCWPlatform:: Unique name xilinx:zed::0.0
TRACE::2026-02-03.17:47:34::SCWPlatform::Trying to set the existing hwdb with name design_1_wrapper_0
TRACE::2026-02-03.17:47:34::SCWPlatform::Opened existing hwdb design_1_wrapper_0
TRACE::2026-02-03.17:47:34::SCWPlatform::Found the Hw Db part of the input DSA
TRACE::2026-02-03.17:47:34::SCWMssOS::Checking the sw design at  X:/cpre488/Labs/MP-0/vitus/design_1_wrapper/ps7_cortexa9_0/domain_ps7_cortexa9_0/bsp/system.mss
TRACE::2026-02-03.17:47:34::SCWMssOS::DEBUG:  swdes dump  X:/cpre488/Labs/MP-0/vitus/MP0_wrapper/ps7_cortexa9_0/domain_ps7_cortexa9_0/bsp/system.mss|system_0||
X:/cpre488/Labs/MP-0/vitus/MP0_wrapper/zynq_fsbl/zynq_fsbl_bsp/system.mss|system||
X:/cpre488/Labs/MP-0/vitus/design_1_wrapper/ps7_cortexa9_0/domain_ps7_cortexa9_0/bsp/system.mss|system_2||
X:/cpre488/Labs/MP-0/vitus/design_1_wrapper/zynq_fsbl/zynq_fsbl_bsp/system.mss|system_1||

TRACE::2026-02-03.17:47:34::SCWMssOS::Sw design exists and opened at  X:/cpre488/Labs/MP-0/vitus/design_1_wrapper/ps7_cortexa9_0/domain_ps7_cortexa9_0/bsp/system.mss
TRACE::2026-02-03.17:47:34::SCWPlatform::Trying to open the hw design at X:/cpre488/Labs/MP-0/vitus/design_1_wrapper/tempdsa/design_1_wrapper.xsa
TRACE::2026-02-03.17:47:34::SCWPlatform::DSA given X:/cpre488/Labs/MP-0/vitus/design_1_wrapper/tempdsa/design_1_wrapper.xsa
TRACE::2026-02-03.17:47:34::SCWPlatform::DSA absoulate path X:/cpre488/Labs/MP-0/vitus/design_1_wrapper/tempdsa/design_1_wrapper.xsa
TRACE::2026-02-03.17:47:34::SCWPlatform::DSA directory X:/cpre488/Labs/MP-0/vitus/design_1_wrapper/tempdsa
TRACE::2026-02-03.17:47:34::SCWPlatform:: Platform Path X:/cpre488/Labs/MP-0/vitus/design_1_wrapper/tempdsa/design_1_wrapper.xsa
TRACE::2026-02-03.17:47:34::SCWPlatform:: Unique name xilinx:zed::0.0
TRACE::2026-02-03.17:47:34::SCWPlatform::update - Opened existing hwdb design_1_wrapper_1
TRACE::2026-02-03.17:47:34::SCWPlatform::Found the Hw Db part of the input DSA
TRACE::2026-02-03.17:47:34::SCWMssOS::Saving the mss changes X:/cpre488/Labs/MP-0/vitus/design_1_wrapper/zynq_fsbl/zynq_fsbl_bsp/system.mss
TRACE::2026-02-03.17:47:34::SCWMssOS::Found a swdesign opened with the mssfile.
TRACE::2026-02-03.17:47:34::SCWMssOS::Completed writemss as part of save.
TRACE::2026-02-03.17:47:34::SCWMssOS::Commit changes completed.
TRACE::2026-02-03.17:47:34::SCWMssOS::Completed hw sync for the mss in domain: zynq_fsbl
TRACE::2026-02-03.17:47:34::SCWMssOS::Removing the swdes entry for  X:/cpre488/Labs/MP-0/vitus/design_1_wrapper/zynq_fsbl/zynq_fsbl_bsp/system.mss
TRACE::2026-02-03.17:47:34::SCWMssOS::Saving the mss changes X:/cpre488/Labs/MP-0/vitus/design_1_wrapper/ps7_cortexa9_0/domain_ps7_cortexa9_0/bsp/system.mss
TRACE::2026-02-03.17:47:34::SCWMssOS::Found a swdesign opened with the mssfile.
TRACE::2026-02-03.17:47:34::SCWMssOS::Completed writemss as part of save.
TRACE::2026-02-03.17:47:34::SCWMssOS::Commit changes completed.
TRACE::2026-02-03.17:47:34::SCWMssOS::Completed hw sync for the mss in domain: domain_ps7_cortexa9_0
TRACE::2026-02-03.17:47:34::SCWMssOS::Removing the swdes entry for  X:/cpre488/Labs/MP-0/vitus/design_1_wrapper/ps7_cortexa9_0/domain_ps7_cortexa9_0/bsp/system.mss
TRACE::2026-02-03.17:47:34::SCWPlatform::Trying to open the hw design at X:/cpre488/Labs/MP-0/vitus/design_1_wrapper/hw/design_1_wrapper.xsa
TRACE::2026-02-03.17:47:34::SCWPlatform::DSA given X:/cpre488/Labs/MP-0/vitus/design_1_wrapper/hw/design_1_wrapper.xsa
TRACE::2026-02-03.17:47:34::SCWPlatform::DSA absoulate path X:/cpre488/Labs/MP-0/vitus/design_1_wrapper/hw/design_1_wrapper.xsa
TRACE::2026-02-03.17:47:34::SCWPlatform::DSA directory X:/cpre488/Labs/MP-0/vitus/design_1_wrapper/hw
TRACE::2026-02-03.17:47:34::SCWPlatform:: Platform Path X:/cpre488/Labs/MP-0/vitus/design_1_wrapper/hw/design_1_wrapper.xsa
TRACE::2026-02-03.17:47:34::SCWPlatform:: Unique name xilinx:zed::0.0
TRACE::2026-02-03.17:47:34::SCWPlatform::Do not have an existing db opened. 
TRACE::2026-02-03.17:47:36::SCWPlatform::Opened new HwDB with name design_1_wrapper_2
TRACE::2026-02-03.17:47:36::SCWPlatform::Trying to open the hw design at X:/cpre488/Labs/MP-0/vitus/design_1_wrapper/hw/design_1_wrapper.xsa
TRACE::2026-02-03.17:47:36::SCWPlatform::DSA given X:/cpre488/Labs/MP-0/vitus/design_1_wrapper/hw/design_1_wrapper.xsa
TRACE::2026-02-03.17:47:36::SCWPlatform::DSA absoulate path X:/cpre488/Labs/MP-0/vitus/design_1_wrapper/hw/design_1_wrapper.xsa
TRACE::2026-02-03.17:47:36::SCWPlatform::DSA directory X:/cpre488/Labs/MP-0/vitus/design_1_wrapper/hw
TRACE::2026-02-03.17:47:36::SCWPlatform:: Platform Path X:/cpre488/Labs/MP-0/vitus/design_1_wrapper/hw/design_1_wrapper.xsa
TRACE::2026-02-03.17:47:36::SCWPlatform:: Unique name xilinx:zed::0.0
TRACE::2026-02-03.17:47:36::SCWPlatform::Trying to set the existing hwdb with name design_1_wrapper_2
TRACE::2026-02-03.17:47:36::SCWPlatform::Opened existing hwdb design_1_wrapper_2
TRACE::2026-02-03.17:47:36::SCWPlatform::Found the Hw Db part of the input DSA
TRACE::2026-02-03.17:47:36::SCWMssOS::Checking the sw design at  X:/cpre488/Labs/MP-0/vitus/design_1_wrapper/zynq_fsbl/zynq_fsbl_bsp/system.mss
TRACE::2026-02-03.17:47:36::SCWMssOS::DEBUG:  swdes dump  X:/cpre488/Labs/MP-0/vitus/MP0_wrapper/ps7_cortexa9_0/domain_ps7_cortexa9_0/bsp/system.mss|system_0||
X:/cpre488/Labs/MP-0/vitus/MP0_wrapper/zynq_fsbl/zynq_fsbl_bsp/system.mss|system||

TRACE::2026-02-03.17:47:36::SCWMssOS::No sw design opened at  X:/cpre488/Labs/MP-0/vitus/design_1_wrapper/zynq_fsbl/zynq_fsbl_bsp/system.mss
TRACE::2026-02-03.17:47:36::SCWMssOS::mss exists loading the mss file  X:/cpre488/Labs/MP-0/vitus/design_1_wrapper/zynq_fsbl/zynq_fsbl_bsp/system.mss
TRACE::2026-02-03.17:47:36::SCWMssOS::Opened the sw design from mss  X:/cpre488/Labs/MP-0/vitus/design_1_wrapper/zynq_fsbl/zynq_fsbl_bsp/system.mss
TRACE::2026-02-03.17:47:36::SCWMssOS::Adding the swdes entry X:/cpre488/Labs/MP-0/vitus/design_1_wrapper/zynq_fsbl/zynq_fsbl_bsp/system.mss with des name system_1
TRACE::2026-02-03.17:47:36::SCWMssOS::updating the scw layer about changes
TRACE::2026-02-03.17:47:36::SCWMssOS::Opened the sw design.  X:/cpre488/Labs/MP-0/vitus/design_1_wrapper/zynq_fsbl/zynq_fsbl_bsp/system.mss
TRACE::2026-02-03.17:47:36::SCWMssOS::Saving the mss changes X:/cpre488/Labs/MP-0/vitus/design_1_wrapper/zynq_fsbl/zynq_fsbl_bsp/system.mss
TRACE::2026-02-03.17:47:36::SCWMssOS::Found a swdesign opened with the mssfile.
TRACE::2026-02-03.17:47:36::SCWMssOS::Completed writemss as part of save.
TRACE::2026-02-03.17:47:36::SCWMssOS::Commit changes completed.
TRACE::2026-02-03.17:47:36::SCWMssOS::Saving the mss changes X:/cpre488/Labs/MP-0/vitus/design_1_wrapper/ps7_cortexa9_0/domain_ps7_cortexa9_0/bsp/system.mss
TRACE::2026-02-03.17:47:36::SCWMssOS::Adding the swdes entry, mss present, able to open swdb X:/cpre488/Labs/MP-0/vitus/design_1_wrapper/ps7_cortexa9_0/domain_ps7_cortexa9_0/bsp/system.mss with des name system_2
TRACE::2026-02-03.17:47:36::SCWMssOS::Writing the mss file completed X:/cpre488/Labs/MP-0/vitus/design_1_wrapper/ps7_cortexa9_0/domain_ps7_cortexa9_0/bsp/system.mss
TRACE::2026-02-03.17:47:36::SCWMssOS::Commit changes completed.
TRACE::2026-02-03.17:47:36::SCWPlatform::Trying to open the hw design at X:/cpre488/Labs/MP-0/vitus/design_1_wrapper/hw/design_1_wrapper.xsa
TRACE::2026-02-03.17:47:36::SCWPlatform::DSA given X:/cpre488/Labs/MP-0/vitus/design_1_wrapper/hw/design_1_wrapper.xsa
TRACE::2026-02-03.17:47:36::SCWPlatform::DSA absoulate path X:/cpre488/Labs/MP-0/vitus/design_1_wrapper/hw/design_1_wrapper.xsa
TRACE::2026-02-03.17:47:36::SCWPlatform::DSA directory X:/cpre488/Labs/MP-0/vitus/design_1_wrapper/hw
TRACE::2026-02-03.17:47:36::SCWPlatform:: Platform Path X:/cpre488/Labs/MP-0/vitus/design_1_wrapper/hw/design_1_wrapper.xsa
TRACE::2026-02-03.17:47:36::SCWPlatform:: Unique name xilinx:zed::0.0
TRACE::2026-02-03.17:47:36::SCWPlatform::Trying to set the existing hwdb with name design_1_wrapper_2
TRACE::2026-02-03.17:47:36::SCWPlatform::Opened existing hwdb design_1_wrapper_2
TRACE::2026-02-03.17:47:36::SCWPlatform::Found the Hw Db part of the input DSA
TRACE::2026-02-03.17:47:36::SCWMssOS::Checking the sw design at  X:/cpre488/Labs/MP-0/vitus/design_1_wrapper/zynq_fsbl/zynq_fsbl_bsp/system.mss
TRACE::2026-02-03.17:47:36::SCWMssOS::DEBUG:  swdes dump  X:/cpre488/Labs/MP-0/vitus/MP0_wrapper/ps7_cortexa9_0/domain_ps7_cortexa9_0/bsp/system.mss|system_0||
X:/cpre488/Labs/MP-0/vitus/MP0_wrapper/zynq_fsbl/zynq_fsbl_bsp/system.mss|system||
X:/cpre488/Labs/MP-0/vitus/design_1_wrapper/ps7_cortexa9_0/domain_ps7_cortexa9_0/bsp/system.mss|system_2||
X:/cpre488/Labs/MP-0/vitus/design_1_wrapper/zynq_fsbl/zynq_fsbl_bsp/system.mss|system_1||

TRACE::2026-02-03.17:47:36::SCWMssOS::Sw design exists and opened at  X:/cpre488/Labs/MP-0/vitus/design_1_wrapper/zynq_fsbl/zynq_fsbl_bsp/system.mss
TRACE::2026-02-03.17:47:36::SCWPlatform::Trying to open the hw design at X:/cpre488/Labs/MP-0/vitus/design_1_wrapper/hw/design_1_wrapper.xsa
TRACE::2026-02-03.17:47:36::SCWPlatform::DSA given X:/cpre488/Labs/MP-0/vitus/design_1_wrapper/hw/design_1_wrapper.xsa
TRACE::2026-02-03.17:47:36::SCWPlatform::DSA absoulate path X:/cpre488/Labs/MP-0/vitus/design_1_wrapper/hw/design_1_wrapper.xsa
TRACE::2026-02-03.17:47:36::SCWPlatform::DSA directory X:/cpre488/Labs/MP-0/vitus/design_1_wrapper/hw
TRACE::2026-02-03.17:47:36::SCWPlatform:: Platform Path X:/cpre488/Labs/MP-0/vitus/design_1_wrapper/hw/design_1_wrapper.xsa
TRACE::2026-02-03.17:47:36::SCWPlatform:: Unique name xilinx:zed::0.0
TRACE::2026-02-03.17:47:36::SCWPlatform::Trying to set the existing hwdb with name design_1_wrapper_2
TRACE::2026-02-03.17:47:36::SCWPlatform::Opened existing hwdb design_1_wrapper_2
TRACE::2026-02-03.17:47:36::SCWPlatform::Found the Hw Db part of the input DSA
TRACE::2026-02-03.17:47:36::SCWMssOS::Checking the sw design at  X:/cpre488/Labs/MP-0/vitus/design_1_wrapper/ps7_cortexa9_0/domain_ps7_cortexa9_0/bsp/system.mss
TRACE::2026-02-03.17:47:36::SCWMssOS::DEBUG:  swdes dump  X:/cpre488/Labs/MP-0/vitus/MP0_wrapper/ps7_cortexa9_0/domain_ps7_cortexa9_0/bsp/system.mss|system_0||
X:/cpre488/Labs/MP-0/vitus/MP0_wrapper/zynq_fsbl/zynq_fsbl_bsp/system.mss|system||
X:/cpre488/Labs/MP-0/vitus/design_1_wrapper/ps7_cortexa9_0/domain_ps7_cortexa9_0/bsp/system.mss|system_2||
X:/cpre488/Labs/MP-0/vitus/design_1_wrapper/zynq_fsbl/zynq_fsbl_bsp/system.mss|system_1||

TRACE::2026-02-03.17:47:36::SCWMssOS::Sw design exists and opened at  X:/cpre488/Labs/MP-0/vitus/design_1_wrapper/ps7_cortexa9_0/domain_ps7_cortexa9_0/bsp/system.mss
TRACE::2026-02-03.17:47:36::SCWWriter::formatted JSON is {
	"platformName":	"design_1_wrapper",
	"sprVersion":	"2.0",
	"mode":	"gui",
	"dsaType":	"Fixed",
	"platformDesc":	"design_1_wrapper",
	"platHandOff":	"X:/cpre488/Labs/MP-0/MP0_round2/design_1_wrapper.xsa",
	"platIntHandOff":	"<platformDir>/hw/design_1_wrapper.xsa",
	"deviceType":	"zynq",
	"platIsPrebuiltAutogen":	"false",
	"platIsNoBootBsp":	"false",
	"hasFsblMakeHasChanges":	"false",
	"hasPmufwMakeHasChanges":	"false",
	"fsblExtraCompilerFlags":	"-MMD -MP       -mcpu=cortex-a9 -mfpu=vfpv3 -mfloat-abi=hard ",
	"platPreBuiltFlag":	false,
	"platformSamplesDir":	"",
	"platActiveSys":	"design_1_wrapper",
	"systems":	[{
			"systemName":	"design_1_wrapper",
			"systemDesc":	"design_1_wrapper",
			"sysIsBootAutoGen":	"true",
			"systemDispName":	"design_1_wrapper",
			"sysActiveDom":	"domain_ps7_cortexa9_0",
			"sysDefaultDom":	"domain_ps7_cortexa9_0",
			"domains":	[{
					"domainName":	"zynq_fsbl",
					"domainDispName":	"zynq_fsbl",
					"domainDesc":	"FSBL Application BSP - Auto Generated.",
					"processors":	"ps7_cortexa9_0",
					"os":	"standalone",
					"sdxOs":	"standalone",
					"debugEnable":	"",
					"domRuntimes":	["cpp"],
					"swRepo":	"",
					"mssOsVer":	"7.2",
					"mssFile":	"",
					"md5Digest":	"d2d420d87bcfafaa761d1aba64f21ae8",
					"compatibleApp":	"zynq_fsbl",
					"domType":	"bootDomain",
					"arch":	"32-bit",
					"appSettings":	{
						"appCompilerFlags":	"",
						"appLinkerFlags":	""
					},
					"addedLibs":	["xilffs:4.3", "xilrsa:1.6"],
					"libOptions":	{
						"libsContainingOptions":	[]
					},
					"prebuiltLibs":	{
						"prebuiltIncPath":	[],
						"prebuiltLibPath":	[]
					},
					"isolation":	{
					}
				}, {
					"domainName":	"domain_ps7_cortexa9_0",
					"domainDispName":	"domain_ps7_cortexa9_0",
					"domainDesc":	"domain_ps7_cortexa9_0",
					"processors":	"ps7_cortexa9_0",
					"os":	"standalone",
					"sdxOs":	"standalone",
					"qemuArgs":	"C:/Xilinx/Vitis/2020.1/data/emulation/platforms/zynq/qemu/qemu_args.txt",
					"qemuData":	"C:/Xilinx/Vitis/2020.1/data/emulation/platforms/zynq/qemu/",
					"debugEnable":	"False",
					"domRuntimes":	["cpp"],
					"swRepo":	"",
					"mssOsVer":	"7.2",
					"mssFile":	"",
					"md5Digest":	"0103012646b99f26b289ff154d95cad8",
					"compatibleApp":	"",
					"domType":	"mssDomain",
					"arch":	"32-bit",
					"appSettings":	{
						"appCompilerFlags":	"",
						"appLinkerFlags":	""
					},
					"addedLibs":	[],
					"libOptions":	{
						"libsContainingOptions":	[]
					},
					"prebuiltLibs":	{
						"prebuiltIncPath":	[],
						"prebuiltLibPath":	[]
					},
					"isolation":	{
					}
				}]
		}]
}
LOG::2026-02-03.17:48:13::SCWPlatform::Started generating the artifacts platform design_1_wrapper
TRACE::2026-02-03.17:48:13::SCWPlatform::Sanity checking of platform is completed
LOG::2026-02-03.17:48:13::SCWPlatform::Started generating the artifacts for system configuration design_1_wrapper
LOG::2026-02-03.17:48:13::SCWSystem::Checking the domain zynq_fsbl
LOG::2026-02-03.17:48:13::SCWSystem::Doing application build for :  zynq_fsbl
TRACE::2026-02-03.17:48:13::SCWBDomain::Not a forced makefile updation, No changes are present. 
TRACE::2026-02-03.17:48:13::SCWDomain::Skipping the build for domain :  zynq_fsbl
LOG::2026-02-03.17:48:13::SCWSystem::Checking the domain domain_ps7_cortexa9_0
LOG::2026-02-03.17:48:13::SCWSystem::Not a boot domain 
LOG::2026-02-03.17:48:13::SCWSystem::Started Processing the domain domain_ps7_cortexa9_0
TRACE::2026-02-03.17:48:13::SCWDomain::Generating domain artifcats
TRACE::2026-02-03.17:48:13::SCWMssOS::Generating standalone artifcats
TRACE::2026-02-03.17:48:13::SCWMssOS::Copying the qemu file from  C:/Xilinx/Vitis/2020.1/data/emulation/platforms/zynq/qemu/qemu_args.txt To X:/cpre488/Labs/MP-0/vitus/design_1_wrapper/export/design_1_wrapper/sw/design_1_wrapper/qemu/
TRACE::2026-02-03.17:48:13::SCWMssOS::Copying the qemu file from  C:/Xilinx/Vitis/2020.1/data/emulation/platforms/zynq/qemu/qemu_args.txt To X:/cpre488/Labs/MP-0/vitus/design_1_wrapper/export/design_1_wrapper/sw/design_1_wrapper/domain_ps7_cortexa9_0/qemu/
TRACE::2026-02-03.17:48:13::SCWMssOS:: Copying the user libraries. 
TRACE::2026-02-03.17:48:13::SCWPlatform::Trying to open the hw design at X:/cpre488/Labs/MP-0/vitus/design_1_wrapper/hw/design_1_wrapper.xsa
TRACE::2026-02-03.17:48:13::SCWPlatform::DSA given X:/cpre488/Labs/MP-0/vitus/design_1_wrapper/hw/design_1_wrapper.xsa
TRACE::2026-02-03.17:48:13::SCWPlatform::DSA absoulate path X:/cpre488/Labs/MP-0/vitus/design_1_wrapper/hw/design_1_wrapper.xsa
TRACE::2026-02-03.17:48:13::SCWPlatform::DSA directory X:/cpre488/Labs/MP-0/vitus/design_1_wrapper/hw
TRACE::2026-02-03.17:48:13::SCWPlatform:: Platform Path X:/cpre488/Labs/MP-0/vitus/design_1_wrapper/hw/design_1_wrapper.xsa
TRACE::2026-02-03.17:48:13::SCWPlatform:: Unique name xilinx:zed::0.0
TRACE::2026-02-03.17:48:13::SCWPlatform::Trying to set the existing hwdb with name design_1_wrapper_2
TRACE::2026-02-03.17:48:13::SCWPlatform::Opened existing hwdb design_1_wrapper_2
TRACE::2026-02-03.17:48:13::SCWPlatform::Found the Hw Db part of the input DSA
TRACE::2026-02-03.17:48:13::SCWMssOS::Checking the sw design at  X:/cpre488/Labs/MP-0/vitus/design_1_wrapper/ps7_cortexa9_0/domain_ps7_cortexa9_0/bsp/system.mss
TRACE::2026-02-03.17:48:13::SCWMssOS::DEBUG:  swdes dump  X:/cpre488/Labs/MP-0/vitus/MP0_wrapper/ps7_cortexa9_0/domain_ps7_cortexa9_0/bsp/system.mss|system_0||
X:/cpre488/Labs/MP-0/vitus/MP0_wrapper/zynq_fsbl/zynq_fsbl_bsp/system.mss|system||
X:/cpre488/Labs/MP-0/vitus/design_1_wrapper/ps7_cortexa9_0/domain_ps7_cortexa9_0/bsp/system.mss|system_2||
X:/cpre488/Labs/MP-0/vitus/design_1_wrapper/zynq_fsbl/zynq_fsbl_bsp/system.mss|system_1||

TRACE::2026-02-03.17:48:13::SCWMssOS::Sw design exists and opened at  X:/cpre488/Labs/MP-0/vitus/design_1_wrapper/ps7_cortexa9_0/domain_ps7_cortexa9_0/bsp/system.mss
TRACE::2026-02-03.17:48:13::SCWMssOS::Completed writing the mss file at X:/cpre488/Labs/MP-0/vitus/design_1_wrapper/ps7_cortexa9_0/domain_ps7_cortexa9_0/bsp
TRACE::2026-02-03.17:48:13::SCWMssOS::Mss edits present, copying mssfile into export location X:/cpre488/Labs/MP-0/vitus/design_1_wrapper/ps7_cortexa9_0/domain_ps7_cortexa9_0/bsp/system.mss
TRACE::2026-02-03.17:48:13::SCWMssOS::bsp generated is upto date with the mss file. Skipping bsp generation.
TRACE::2026-02-03.17:48:13::SCWMssOS::BSP is already built. skipping the bsp build ... 
TRACE::2026-02-03.17:48:13::SCWDomain::Skipping the build for domain :  domain_ps7_cortexa9_0
TRACE::2026-02-03.17:48:13::SCWMssOS::skipping the bsp build ... 
TRACE::2026-02-03.17:48:13::SCWMssOS::Copying to export directory.
TRACE::2026-02-03.17:48:13::SCWMssOS:: Checking if to create the Supporting Applications
TRACE::2026-02-03.17:48:13::SCWMssOS:: No Linux domain exists, trying to generate FSBL 
LOG::2026-02-03.17:48:13::SCWSystem::Completed Processing the domain domain_ps7_cortexa9_0
LOG::2026-02-03.17:48:13::SCWSystem::Completed Processing the sysconfig design_1_wrapper
LOG::2026-02-03.17:48:13::SCWPlatform::Completed generating the artifacts for system configuration design_1_wrapper
TRACE::2026-02-03.17:48:13::SCWPlatform::Started preparing the platform 
TRACE::2026-02-03.17:48:13::SCWSystem::Writing the bif file for system config design_1_wrapper
TRACE::2026-02-03.17:48:13::SCWSystem::dir created 
TRACE::2026-02-03.17:48:13::SCWSystem::Writing the bif 
TRACE::2026-02-03.17:48:13::SCWPlatform::Started writing the spfm file 
TRACE::2026-02-03.17:48:14::SCWPlatform::Started writing the xpfm file 
TRACE::2026-02-03.17:48:14::SCWPlatform::Completed generating the platform
TRACE::2026-02-03.17:48:14::SCWMssOS::Saving the mss changes X:/cpre488/Labs/MP-0/vitus/design_1_wrapper/zynq_fsbl/zynq_fsbl_bsp/system.mss
TRACE::2026-02-03.17:48:14::SCWMssOS::Found a swdesign opened with the mssfile.
TRACE::2026-02-03.17:48:14::SCWMssOS::Completed writemss as part of save.
TRACE::2026-02-03.17:48:14::SCWMssOS::Commit changes completed.
TRACE::2026-02-03.17:48:14::SCWMssOS::Saving the mss changes X:/cpre488/Labs/MP-0/vitus/design_1_wrapper/ps7_cortexa9_0/domain_ps7_cortexa9_0/bsp/system.mss
TRACE::2026-02-03.17:48:14::SCWMssOS::Found a swdesign opened with the mssfile.
TRACE::2026-02-03.17:48:14::SCWMssOS::Completed writemss as part of save.
TRACE::2026-02-03.17:48:14::SCWMssOS::Commit changes completed.
TRACE::2026-02-03.17:48:14::SCWPlatform::Trying to open the hw design at X:/cpre488/Labs/MP-0/vitus/design_1_wrapper/hw/design_1_wrapper.xsa
TRACE::2026-02-03.17:48:14::SCWPlatform::DSA given X:/cpre488/Labs/MP-0/vitus/design_1_wrapper/hw/design_1_wrapper.xsa
TRACE::2026-02-03.17:48:14::SCWPlatform::DSA absoulate path X:/cpre488/Labs/MP-0/vitus/design_1_wrapper/hw/design_1_wrapper.xsa
TRACE::2026-02-03.17:48:14::SCWPlatform::DSA directory X:/cpre488/Labs/MP-0/vitus/design_1_wrapper/hw
TRACE::2026-02-03.17:48:14::SCWPlatform:: Platform Path X:/cpre488/Labs/MP-0/vitus/design_1_wrapper/hw/design_1_wrapper.xsa
TRACE::2026-02-03.17:48:14::SCWPlatform:: Unique name xilinx:zed::0.0
TRACE::2026-02-03.17:48:14::SCWPlatform::Trying to set the existing hwdb with name design_1_wrapper_2
TRACE::2026-02-03.17:48:14::SCWPlatform::Opened existing hwdb design_1_wrapper_2
TRACE::2026-02-03.17:48:14::SCWPlatform::Found the Hw Db part of the input DSA
TRACE::2026-02-03.17:48:14::SCWMssOS::Checking the sw design at  X:/cpre488/Labs/MP-0/vitus/design_1_wrapper/zynq_fsbl/zynq_fsbl_bsp/system.mss
TRACE::2026-02-03.17:48:14::SCWMssOS::DEBUG:  swdes dump  X:/cpre488/Labs/MP-0/vitus/MP0_wrapper/ps7_cortexa9_0/domain_ps7_cortexa9_0/bsp/system.mss|system_0||
X:/cpre488/Labs/MP-0/vitus/MP0_wrapper/zynq_fsbl/zynq_fsbl_bsp/system.mss|system||
X:/cpre488/Labs/MP-0/vitus/design_1_wrapper/ps7_cortexa9_0/domain_ps7_cortexa9_0/bsp/system.mss|system_2||
X:/cpre488/Labs/MP-0/vitus/design_1_wrapper/zynq_fsbl/zynq_fsbl_bsp/system.mss|system_1||

TRACE::2026-02-03.17:48:14::SCWMssOS::Sw design exists and opened at  X:/cpre488/Labs/MP-0/vitus/design_1_wrapper/zynq_fsbl/zynq_fsbl_bsp/system.mss
TRACE::2026-02-03.17:48:14::SCWPlatform::Trying to open the hw design at X:/cpre488/Labs/MP-0/vitus/design_1_wrapper/hw/design_1_wrapper.xsa
TRACE::2026-02-03.17:48:14::SCWPlatform::DSA given X:/cpre488/Labs/MP-0/vitus/design_1_wrapper/hw/design_1_wrapper.xsa
TRACE::2026-02-03.17:48:14::SCWPlatform::DSA absoulate path X:/cpre488/Labs/MP-0/vitus/design_1_wrapper/hw/design_1_wrapper.xsa
TRACE::2026-02-03.17:48:14::SCWPlatform::DSA directory X:/cpre488/Labs/MP-0/vitus/design_1_wrapper/hw
TRACE::2026-02-03.17:48:14::SCWPlatform:: Platform Path X:/cpre488/Labs/MP-0/vitus/design_1_wrapper/hw/design_1_wrapper.xsa
TRACE::2026-02-03.17:48:14::SCWPlatform:: Unique name xilinx:zed::0.0
TRACE::2026-02-03.17:48:14::SCWPlatform::Trying to set the existing hwdb with name design_1_wrapper_2
TRACE::2026-02-03.17:48:14::SCWPlatform::Opened existing hwdb design_1_wrapper_2
TRACE::2026-02-03.17:48:14::SCWPlatform::Found the Hw Db part of the input DSA
TRACE::2026-02-03.17:48:14::SCWMssOS::Checking the sw design at  X:/cpre488/Labs/MP-0/vitus/design_1_wrapper/ps7_cortexa9_0/domain_ps7_cortexa9_0/bsp/system.mss
TRACE::2026-02-03.17:48:14::SCWMssOS::DEBUG:  swdes dump  X:/cpre488/Labs/MP-0/vitus/MP0_wrapper/ps7_cortexa9_0/domain_ps7_cortexa9_0/bsp/system.mss|system_0||
X:/cpre488/Labs/MP-0/vitus/MP0_wrapper/zynq_fsbl/zynq_fsbl_bsp/system.mss|system||
X:/cpre488/Labs/MP-0/vitus/design_1_wrapper/ps7_cortexa9_0/domain_ps7_cortexa9_0/bsp/system.mss|system_2||
X:/cpre488/Labs/MP-0/vitus/design_1_wrapper/zynq_fsbl/zynq_fsbl_bsp/system.mss|system_1||

TRACE::2026-02-03.17:48:14::SCWMssOS::Sw design exists and opened at  X:/cpre488/Labs/MP-0/vitus/design_1_wrapper/ps7_cortexa9_0/domain_ps7_cortexa9_0/bsp/system.mss
TRACE::2026-02-03.17:48:14::SCWWriter::formatted JSON is {
	"platformName":	"design_1_wrapper",
	"sprVersion":	"2.0",
	"mode":	"gui",
	"dsaType":	"Fixed",
	"platformDesc":	"design_1_wrapper",
	"platHandOff":	"X:/cpre488/Labs/MP-0/MP0_round2/design_1_wrapper.xsa",
	"platIntHandOff":	"<platformDir>/hw/design_1_wrapper.xsa",
	"deviceType":	"zynq",
	"platIsPrebuiltAutogen":	"false",
	"platIsNoBootBsp":	"false",
	"hasFsblMakeHasChanges":	"false",
	"hasPmufwMakeHasChanges":	"false",
	"fsblExtraCompilerFlags":	"-MMD -MP       -mcpu=cortex-a9 -mfpu=vfpv3 -mfloat-abi=hard ",
	"platPreBuiltFlag":	false,
	"platformSamplesDir":	"",
	"platActiveSys":	"design_1_wrapper",
	"systems":	[{
			"systemName":	"design_1_wrapper",
			"systemDesc":	"design_1_wrapper",
			"sysIsBootAutoGen":	"true",
			"systemDispName":	"design_1_wrapper",
			"sysActiveDom":	"domain_ps7_cortexa9_0",
			"sysDefaultDom":	"domain_ps7_cortexa9_0",
			"domains":	[{
					"domainName":	"zynq_fsbl",
					"domainDispName":	"zynq_fsbl",
					"domainDesc":	"FSBL Application BSP - Auto Generated.",
					"processors":	"ps7_cortexa9_0",
					"os":	"standalone",
					"sdxOs":	"standalone",
					"debugEnable":	"",
					"domRuntimes":	["cpp"],
					"swRepo":	"",
					"mssOsVer":	"7.2",
					"mssFile":	"",
					"md5Digest":	"d2d420d87bcfafaa761d1aba64f21ae8",
					"compatibleApp":	"zynq_fsbl",
					"domType":	"bootDomain",
					"arch":	"32-bit",
					"appSettings":	{
						"appCompilerFlags":	"",
						"appLinkerFlags":	""
					},
					"addedLibs":	["xilffs:4.3", "xilrsa:1.6"],
					"libOptions":	{
						"libsContainingOptions":	[]
					},
					"prebuiltLibs":	{
						"prebuiltIncPath":	[],
						"prebuiltLibPath":	[]
					},
					"isolation":	{
					}
				}, {
					"domainName":	"domain_ps7_cortexa9_0",
					"domainDispName":	"domain_ps7_cortexa9_0",
					"domainDesc":	"domain_ps7_cortexa9_0",
					"processors":	"ps7_cortexa9_0",
					"os":	"standalone",
					"sdxOs":	"standalone",
					"qemuArgs":	"C:/Xilinx/Vitis/2020.1/data/emulation/platforms/zynq/qemu/qemu_args.txt",
					"qemuData":	"C:/Xilinx/Vitis/2020.1/data/emulation/platforms/zynq/qemu/",
					"debugEnable":	"False",
					"domRuntimes":	["cpp"],
					"swRepo":	"",
					"mssOsVer":	"7.2",
					"mssFile":	"",
					"md5Digest":	"0103012646b99f26b289ff154d95cad8",
					"compatibleApp":	"",
					"domType":	"mssDomain",
					"arch":	"32-bit",
					"appSettings":	{
						"appCompilerFlags":	"",
						"appLinkerFlags":	""
					},
					"addedLibs":	[],
					"libOptions":	{
						"libsContainingOptions":	[]
					},
					"prebuiltLibs":	{
						"prebuiltIncPath":	[],
						"prebuiltLibPath":	[]
					},
					"isolation":	{
					}
				}]
		}]
}
KEYINFO::2026-02-03.17:48:14::SCWPlatform::updated the xpfm file.
TRACE::2026-02-03.17:48:14::SCWPlatform::Trying to open the hw design at X:/cpre488/Labs/MP-0/vitus/design_1_wrapper/hw/design_1_wrapper.xsa
TRACE::2026-02-03.17:48:14::SCWPlatform::DSA given X:/cpre488/Labs/MP-0/vitus/design_1_wrapper/hw/design_1_wrapper.xsa
TRACE::2026-02-03.17:48:14::SCWPlatform::DSA absoulate path X:/cpre488/Labs/MP-0/vitus/design_1_wrapper/hw/design_1_wrapper.xsa
TRACE::2026-02-03.17:48:14::SCWPlatform::DSA directory X:/cpre488/Labs/MP-0/vitus/design_1_wrapper/hw
TRACE::2026-02-03.17:48:14::SCWPlatform:: Platform Path X:/cpre488/Labs/MP-0/vitus/design_1_wrapper/hw/design_1_wrapper.xsa
TRACE::2026-02-03.17:48:14::SCWPlatform:: Unique name xilinx:zed::0.0
TRACE::2026-02-03.17:48:14::SCWPlatform::Trying to set the existing hwdb with name design_1_wrapper_2
TRACE::2026-02-03.17:48:14::SCWPlatform::Opened existing hwdb design_1_wrapper_2
TRACE::2026-02-03.17:48:14::SCWPlatform::Found the Hw Db part of the input DSA
TRACE::2026-02-03.17:48:14::SCWMssOS::Checking the sw design at  X:/cpre488/Labs/MP-0/vitus/design_1_wrapper/ps7_cortexa9_0/domain_ps7_cortexa9_0/bsp/system.mss
TRACE::2026-02-03.17:48:14::SCWMssOS::DEBUG:  swdes dump  X:/cpre488/Labs/MP-0/vitus/MP0_wrapper/ps7_cortexa9_0/domain_ps7_cortexa9_0/bsp/system.mss|system_0||
X:/cpre488/Labs/MP-0/vitus/MP0_wrapper/zynq_fsbl/zynq_fsbl_bsp/system.mss|system||
X:/cpre488/Labs/MP-0/vitus/design_1_wrapper/ps7_cortexa9_0/domain_ps7_cortexa9_0/bsp/system.mss|system_2||
X:/cpre488/Labs/MP-0/vitus/design_1_wrapper/zynq_fsbl/zynq_fsbl_bsp/system.mss|system_1||

TRACE::2026-02-03.17:48:14::SCWMssOS::Sw design exists and opened at  X:/cpre488/Labs/MP-0/vitus/design_1_wrapper/ps7_cortexa9_0/domain_ps7_cortexa9_0/bsp/system.mss
TRACE::2026-02-03.18:14:30::SCWPlatform::Clearing the existing platform
TRACE::2026-02-03.18:14:30::SCWSystem::Clearing the existing sysconfig
TRACE::2026-02-03.18:14:30::SCWBDomain::clearing the fsbl build
TRACE::2026-02-03.18:14:30::SCWMssOS::Removing the swdes entry for  X:/cpre488/Labs/MP-0/vitus/design_1_wrapper/zynq_fsbl/zynq_fsbl_bsp/system.mss
TRACE::2026-02-03.18:14:30::SCWMssOS::Removing the swdes entry for  X:/cpre488/Labs/MP-0/vitus/design_1_wrapper/ps7_cortexa9_0/domain_ps7_cortexa9_0/bsp/system.mss
TRACE::2026-02-03.18:14:30::SCWSystem::Clearing the domains completed.
TRACE::2026-02-03.18:14:30::SCWPlatform::Clearing the opened hw db.
TRACE::2026-02-03.18:14:30::SCWPlatform::DSA given X:/cpre488/Labs/MP-0/vitus/design_1_wrapper/hw/design_1_wrapper.xsa
TRACE::2026-02-03.18:14:30::SCWPlatform::DSA absoulate path X:/cpre488/Labs/MP-0/vitus/design_1_wrapper/hw/design_1_wrapper.xsa
TRACE::2026-02-03.18:14:30::SCWPlatform:: Platform location is X:/cpre488/Labs/MP-0/vitus/design_1_wrapper/hw
TRACE::2026-02-03.18:14:30::SCWPlatform:: Platform Path X:/cpre488/Labs/MP-0/vitus/design_1_wrapper/hw/design_1_wrapper.xsa
TRACE::2026-02-03.18:14:30::SCWPlatform:: Unique name xilinx:zed::0.0
TRACE::2026-02-03.18:14:30::SCWPlatform::Removing the HwDB with name X:/cpre488/Labs/MP-0/vitus/design_1_wrapper/hw/design_1_wrapper.xsa
TRACE::2026-02-03.18:14:30::SCWPlatform::Trying to open the hw design at X:/cpre488/Labs/MP-0/vitus/design_1_wrapper/hw/design_1_wrapper.xsa
TRACE::2026-02-03.18:14:30::SCWPlatform::DSA given X:/cpre488/Labs/MP-0/vitus/design_1_wrapper/hw/design_1_wrapper.xsa
TRACE::2026-02-03.18:14:30::SCWPlatform::DSA absoulate path X:/cpre488/Labs/MP-0/vitus/design_1_wrapper/hw/design_1_wrapper.xsa
TRACE::2026-02-03.18:14:30::SCWPlatform::DSA directory X:/cpre488/Labs/MP-0/vitus/design_1_wrapper/hw
TRACE::2026-02-03.18:14:30::SCWPlatform:: Platform Path X:/cpre488/Labs/MP-0/vitus/design_1_wrapper/hw/design_1_wrapper.xsa
TRACE::2026-02-03.18:14:30::SCWPlatform:: Unique name xilinx:zed::0.0
TRACE::2026-02-03.18:14:30::SCWPlatform::Do not have an existing db opened. 
TRACE::2026-02-03.18:14:32::SCWPlatform::Opened new HwDB with name design_1_wrapper_4
TRACE::2026-02-03.18:14:32::SCWReader::Active system found as  design_1_wrapper
TRACE::2026-02-03.18:14:32::SCWReader::Handling sysconfig design_1_wrapper
TRACE::2026-02-03.18:14:32::SCWDomain::checking for install qemu data   : 
TRACE::2026-02-03.18:14:32::SCWDomain:: Using the QEMU Data from install at  : C:/Xilinx/Vitis/2020.1/data/emulation/platforms/zynq/qemu/
TRACE::2026-02-03.18:14:32::SCWDomain:: Using the QEMU args  from install at  : C:/Xilinx/Vitis/2020.1/data/emulation/platforms/zynq/qemu/qemu_args.txt
TRACE::2026-02-03.18:14:32::SCWPlatform::Trying to open the hw design at X:/cpre488/Labs/MP-0/vitus/design_1_wrapper/hw/design_1_wrapper.xsa
TRACE::2026-02-03.18:14:32::SCWPlatform::DSA given X:/cpre488/Labs/MP-0/vitus/design_1_wrapper/hw/design_1_wrapper.xsa
TRACE::2026-02-03.18:14:32::SCWPlatform::DSA absoulate path X:/cpre488/Labs/MP-0/vitus/design_1_wrapper/hw/design_1_wrapper.xsa
TRACE::2026-02-03.18:14:32::SCWPlatform::DSA directory X:/cpre488/Labs/MP-0/vitus/design_1_wrapper/hw
TRACE::2026-02-03.18:14:32::SCWPlatform:: Platform Path X:/cpre488/Labs/MP-0/vitus/design_1_wrapper/hw/design_1_wrapper.xsa
TRACE::2026-02-03.18:14:32::SCWPlatform:: Unique name xilinx:zed::0.0
TRACE::2026-02-03.18:14:32::SCWPlatform::Trying to set the existing hwdb with name design_1_wrapper_4
TRACE::2026-02-03.18:14:32::SCWPlatform::Opened existing hwdb design_1_wrapper_4
TRACE::2026-02-03.18:14:32::SCWPlatform::Found the Hw Db part of the input DSA
TRACE::2026-02-03.18:14:32::SCWPlatform::Trying to open the hw design at X:/cpre488/Labs/MP-0/vitus/design_1_wrapper/hw/design_1_wrapper.xsa
TRACE::2026-02-03.18:14:32::SCWPlatform::DSA given X:/cpre488/Labs/MP-0/vitus/design_1_wrapper/hw/design_1_wrapper.xsa
TRACE::2026-02-03.18:14:32::SCWPlatform::DSA absoulate path X:/cpre488/Labs/MP-0/vitus/design_1_wrapper/hw/design_1_wrapper.xsa
TRACE::2026-02-03.18:14:32::SCWPlatform::DSA directory X:/cpre488/Labs/MP-0/vitus/design_1_wrapper/hw
TRACE::2026-02-03.18:14:32::SCWPlatform:: Platform Path X:/cpre488/Labs/MP-0/vitus/design_1_wrapper/hw/design_1_wrapper.xsa
TRACE::2026-02-03.18:14:32::SCWPlatform:: Unique name xilinx:zed::0.0
TRACE::2026-02-03.18:14:32::SCWPlatform::Trying to set the existing hwdb with name design_1_wrapper_4
TRACE::2026-02-03.18:14:32::SCWPlatform::Opened existing hwdb design_1_wrapper_4
TRACE::2026-02-03.18:14:32::SCWPlatform::Found the Hw Db part of the input DSA
TRACE::2026-02-03.18:14:32::SCWPlatform::Trying to open the hw design at X:/cpre488/Labs/MP-0/vitus/design_1_wrapper/hw/design_1_wrapper.xsa
TRACE::2026-02-03.18:14:32::SCWPlatform::DSA given X:/cpre488/Labs/MP-0/vitus/design_1_wrapper/hw/design_1_wrapper.xsa
TRACE::2026-02-03.18:14:32::SCWPlatform::DSA absoulate path X:/cpre488/Labs/MP-0/vitus/design_1_wrapper/hw/design_1_wrapper.xsa
TRACE::2026-02-03.18:14:32::SCWPlatform::DSA directory X:/cpre488/Labs/MP-0/vitus/design_1_wrapper/hw
TRACE::2026-02-03.18:14:32::SCWPlatform:: Platform Path X:/cpre488/Labs/MP-0/vitus/design_1_wrapper/hw/design_1_wrapper.xsa
TRACE::2026-02-03.18:14:32::SCWPlatform:: Unique name xilinx:zed::0.0
TRACE::2026-02-03.18:14:32::SCWPlatform::Trying to set the existing hwdb with name design_1_wrapper_4
TRACE::2026-02-03.18:14:32::SCWPlatform::Opened existing hwdb design_1_wrapper_4
TRACE::2026-02-03.18:14:32::SCWPlatform::Found the Hw Db part of the input DSA
TRACE::2026-02-03.18:14:32::SCWReader::Boot application domain added for zynq_fsbl
TRACE::2026-02-03.18:14:32::SCWPlatform::Trying to open the hw design at X:/cpre488/Labs/MP-0/vitus/design_1_wrapper/hw/design_1_wrapper.xsa
TRACE::2026-02-03.18:14:32::SCWPlatform::DSA given X:/cpre488/Labs/MP-0/vitus/design_1_wrapper/hw/design_1_wrapper.xsa
TRACE::2026-02-03.18:14:32::SCWPlatform::DSA absoulate path X:/cpre488/Labs/MP-0/vitus/design_1_wrapper/hw/design_1_wrapper.xsa
TRACE::2026-02-03.18:14:32::SCWPlatform::DSA directory X:/cpre488/Labs/MP-0/vitus/design_1_wrapper/hw
TRACE::2026-02-03.18:14:32::SCWPlatform:: Platform Path X:/cpre488/Labs/MP-0/vitus/design_1_wrapper/hw/design_1_wrapper.xsa
TRACE::2026-02-03.18:14:32::SCWPlatform:: Unique name xilinx:zed::0.0
TRACE::2026-02-03.18:14:32::SCWPlatform::Trying to set the existing hwdb with name design_1_wrapper_4
TRACE::2026-02-03.18:14:32::SCWPlatform::Opened existing hwdb design_1_wrapper_4
TRACE::2026-02-03.18:14:32::SCWPlatform::Found the Hw Db part of the input DSA
TRACE::2026-02-03.18:14:32::SCWMssOS::Checking the sw design at  X:/cpre488/Labs/MP-0/vitus/design_1_wrapper/zynq_fsbl/zynq_fsbl_bsp/system.mss
TRACE::2026-02-03.18:14:32::SCWMssOS::DEBUG:  swdes dump  X:/cpre488/Labs/MP-0/vitus/MP0_wrapper/ps7_cortexa9_0/domain_ps7_cortexa9_0/bsp/system.mss|system_0||
X:/cpre488/Labs/MP-0/vitus/MP0_wrapper/zynq_fsbl/zynq_fsbl_bsp/system.mss|system||

TRACE::2026-02-03.18:14:32::SCWMssOS::No sw design opened at  X:/cpre488/Labs/MP-0/vitus/design_1_wrapper/zynq_fsbl/zynq_fsbl_bsp/system.mss
TRACE::2026-02-03.18:14:32::SCWMssOS::mss exists loading the mss file  X:/cpre488/Labs/MP-0/vitus/design_1_wrapper/zynq_fsbl/zynq_fsbl_bsp/system.mss
TRACE::2026-02-03.18:14:32::SCWMssOS::Opened the sw design from mss  X:/cpre488/Labs/MP-0/vitus/design_1_wrapper/zynq_fsbl/zynq_fsbl_bsp/system.mss
TRACE::2026-02-03.18:14:32::SCWMssOS::Adding the swdes entry X:/cpre488/Labs/MP-0/vitus/design_1_wrapper/zynq_fsbl/zynq_fsbl_bsp/system.mss with des name system_1
TRACE::2026-02-03.18:14:32::SCWMssOS::updating the scw layer about changes
TRACE::2026-02-03.18:14:32::SCWMssOS::Opened the sw design.  X:/cpre488/Labs/MP-0/vitus/design_1_wrapper/zynq_fsbl/zynq_fsbl_bsp/system.mss
TRACE::2026-02-03.18:14:32::SCWPlatform::Trying to open the hw design at X:/cpre488/Labs/MP-0/vitus/design_1_wrapper/hw/design_1_wrapper.xsa
TRACE::2026-02-03.18:14:32::SCWPlatform::DSA given X:/cpre488/Labs/MP-0/vitus/design_1_wrapper/hw/design_1_wrapper.xsa
TRACE::2026-02-03.18:14:32::SCWPlatform::DSA absoulate path X:/cpre488/Labs/MP-0/vitus/design_1_wrapper/hw/design_1_wrapper.xsa
TRACE::2026-02-03.18:14:32::SCWPlatform::DSA directory X:/cpre488/Labs/MP-0/vitus/design_1_wrapper/hw
TRACE::2026-02-03.18:14:32::SCWPlatform:: Platform Path X:/cpre488/Labs/MP-0/vitus/design_1_wrapper/hw/design_1_wrapper.xsa
TRACE::2026-02-03.18:14:32::SCWPlatform:: Unique name xilinx:zed::0.0
TRACE::2026-02-03.18:14:32::SCWPlatform::Trying to set the existing hwdb with name design_1_wrapper_4
TRACE::2026-02-03.18:14:32::SCWPlatform::Opened existing hwdb design_1_wrapper_4
TRACE::2026-02-03.18:14:32::SCWPlatform::Found the Hw Db part of the input DSA
TRACE::2026-02-03.18:14:32::SCWMssOS::Checking the sw design at  X:/cpre488/Labs/MP-0/vitus/design_1_wrapper/zynq_fsbl/zynq_fsbl_bsp/system.mss
TRACE::2026-02-03.18:14:32::SCWMssOS::DEBUG:  swdes dump  X:/cpre488/Labs/MP-0/vitus/MP0_wrapper/ps7_cortexa9_0/domain_ps7_cortexa9_0/bsp/system.mss|system_0||
X:/cpre488/Labs/MP-0/vitus/MP0_wrapper/zynq_fsbl/zynq_fsbl_bsp/system.mss|system||
X:/cpre488/Labs/MP-0/vitus/design_1_wrapper/zynq_fsbl/zynq_fsbl_bsp/system.mss|system_1||

TRACE::2026-02-03.18:14:32::SCWMssOS::Sw design exists and opened at  X:/cpre488/Labs/MP-0/vitus/design_1_wrapper/zynq_fsbl/zynq_fsbl_bsp/system.mss
TRACE::2026-02-03.18:14:32::SCWMssOS:: library already available in sw design:  xilffs:4.3
TRACE::2026-02-03.18:14:32::SCWPlatform::Trying to open the hw design at X:/cpre488/Labs/MP-0/vitus/design_1_wrapper/hw/design_1_wrapper.xsa
TRACE::2026-02-03.18:14:32::SCWPlatform::DSA given X:/cpre488/Labs/MP-0/vitus/design_1_wrapper/hw/design_1_wrapper.xsa
TRACE::2026-02-03.18:14:32::SCWPlatform::DSA absoulate path X:/cpre488/Labs/MP-0/vitus/design_1_wrapper/hw/design_1_wrapper.xsa
TRACE::2026-02-03.18:14:32::SCWPlatform::DSA directory X:/cpre488/Labs/MP-0/vitus/design_1_wrapper/hw
TRACE::2026-02-03.18:14:32::SCWPlatform:: Platform Path X:/cpre488/Labs/MP-0/vitus/design_1_wrapper/hw/design_1_wrapper.xsa
TRACE::2026-02-03.18:14:32::SCWPlatform:: Unique name xilinx:zed::0.0
TRACE::2026-02-03.18:14:32::SCWPlatform::Trying to set the existing hwdb with name design_1_wrapper_4
TRACE::2026-02-03.18:14:32::SCWPlatform::Opened existing hwdb design_1_wrapper_4
TRACE::2026-02-03.18:14:32::SCWPlatform::Found the Hw Db part of the input DSA
TRACE::2026-02-03.18:14:32::SCWMssOS::Checking the sw design at  X:/cpre488/Labs/MP-0/vitus/design_1_wrapper/zynq_fsbl/zynq_fsbl_bsp/system.mss
TRACE::2026-02-03.18:14:32::SCWMssOS::DEBUG:  swdes dump  X:/cpre488/Labs/MP-0/vitus/MP0_wrapper/ps7_cortexa9_0/domain_ps7_cortexa9_0/bsp/system.mss|system_0||
X:/cpre488/Labs/MP-0/vitus/MP0_wrapper/zynq_fsbl/zynq_fsbl_bsp/system.mss|system||
X:/cpre488/Labs/MP-0/vitus/design_1_wrapper/zynq_fsbl/zynq_fsbl_bsp/system.mss|system_1||

TRACE::2026-02-03.18:14:32::SCWMssOS::Sw design exists and opened at  X:/cpre488/Labs/MP-0/vitus/design_1_wrapper/zynq_fsbl/zynq_fsbl_bsp/system.mss
TRACE::2026-02-03.18:14:32::SCWMssOS:: library already available in sw design:  xilrsa:1.6
TRACE::2026-02-03.18:14:32::SCWMssOS::Saving the mss changes X:/cpre488/Labs/MP-0/vitus/design_1_wrapper/zynq_fsbl/zynq_fsbl_bsp/system.mss
TRACE::2026-02-03.18:14:32::SCWMssOS::Found a swdesign opened with the mssfile.
TRACE::2026-02-03.18:14:32::SCWMssOS::Completed writemss as part of save.
TRACE::2026-02-03.18:14:32::SCWMssOS::Commit changes completed.
TRACE::2026-02-03.18:14:32::SCWReader::Adding prebuilt librarypaths as   
TRACE::2026-02-03.18:14:32::SCWReader::Adding prebuilt incpaths  as   
TRACE::2026-02-03.18:14:32::SCWPlatform::Trying to open the hw design at X:/cpre488/Labs/MP-0/vitus/design_1_wrapper/hw/design_1_wrapper.xsa
TRACE::2026-02-03.18:14:32::SCWPlatform::DSA given X:/cpre488/Labs/MP-0/vitus/design_1_wrapper/hw/design_1_wrapper.xsa
TRACE::2026-02-03.18:14:32::SCWPlatform::DSA absoulate path X:/cpre488/Labs/MP-0/vitus/design_1_wrapper/hw/design_1_wrapper.xsa
TRACE::2026-02-03.18:14:32::SCWPlatform::DSA directory X:/cpre488/Labs/MP-0/vitus/design_1_wrapper/hw
TRACE::2026-02-03.18:14:32::SCWPlatform:: Platform Path X:/cpre488/Labs/MP-0/vitus/design_1_wrapper/hw/design_1_wrapper.xsa
TRACE::2026-02-03.18:14:32::SCWPlatform:: Unique name xilinx:zed::0.0
TRACE::2026-02-03.18:14:32::SCWPlatform::Trying to set the existing hwdb with name design_1_wrapper_4
TRACE::2026-02-03.18:14:32::SCWPlatform::Opened existing hwdb design_1_wrapper_4
TRACE::2026-02-03.18:14:32::SCWPlatform::Found the Hw Db part of the input DSA
TRACE::2026-02-03.18:14:32::SCWMssOS::Checking the sw design at  X:/cpre488/Labs/MP-0/vitus/design_1_wrapper/zynq_fsbl/zynq_fsbl_bsp/system.mss
TRACE::2026-02-03.18:14:32::SCWMssOS::DEBUG:  swdes dump  X:/cpre488/Labs/MP-0/vitus/MP0_wrapper/ps7_cortexa9_0/domain_ps7_cortexa9_0/bsp/system.mss|system_0||
X:/cpre488/Labs/MP-0/vitus/MP0_wrapper/zynq_fsbl/zynq_fsbl_bsp/system.mss|system||
X:/cpre488/Labs/MP-0/vitus/design_1_wrapper/zynq_fsbl/zynq_fsbl_bsp/system.mss|system_1||

TRACE::2026-02-03.18:14:32::SCWMssOS::Sw design exists and opened at  X:/cpre488/Labs/MP-0/vitus/design_1_wrapper/zynq_fsbl/zynq_fsbl_bsp/system.mss
TRACE::2026-02-03.18:14:32::SCWReader::No isolation master present  
TRACE::2026-02-03.18:14:32::SCWDomain::checking for install qemu data   : 
TRACE::2026-02-03.18:14:32::SCWDomain:: Using the QEMU Data from install at  : C:/Xilinx/Vitis/2020.1/data/emulation/platforms/zynq/qemu/
TRACE::2026-02-03.18:14:32::SCWDomain:: Using the QEMU args  from install at  : C:/Xilinx/Vitis/2020.1/data/emulation/platforms/zynq/qemu/qemu_args.txt
TRACE::2026-02-03.18:14:32::SCWPlatform::Trying to open the hw design at X:/cpre488/Labs/MP-0/vitus/design_1_wrapper/hw/design_1_wrapper.xsa
TRACE::2026-02-03.18:14:32::SCWPlatform::DSA given X:/cpre488/Labs/MP-0/vitus/design_1_wrapper/hw/design_1_wrapper.xsa
TRACE::2026-02-03.18:14:32::SCWPlatform::DSA absoulate path X:/cpre488/Labs/MP-0/vitus/design_1_wrapper/hw/design_1_wrapper.xsa
TRACE::2026-02-03.18:14:32::SCWPlatform::DSA directory X:/cpre488/Labs/MP-0/vitus/design_1_wrapper/hw
TRACE::2026-02-03.18:14:32::SCWPlatform:: Platform Path X:/cpre488/Labs/MP-0/vitus/design_1_wrapper/hw/design_1_wrapper.xsa
TRACE::2026-02-03.18:14:32::SCWPlatform:: Unique name xilinx:zed::0.0
TRACE::2026-02-03.18:14:32::SCWPlatform::Trying to set the existing hwdb with name design_1_wrapper_4
TRACE::2026-02-03.18:14:32::SCWPlatform::Opened existing hwdb design_1_wrapper_4
TRACE::2026-02-03.18:14:32::SCWPlatform::Found the Hw Db part of the input DSA
TRACE::2026-02-03.18:14:32::SCWPlatform::Trying to open the hw design at X:/cpre488/Labs/MP-0/vitus/design_1_wrapper/hw/design_1_wrapper.xsa
TRACE::2026-02-03.18:14:32::SCWPlatform::DSA given X:/cpre488/Labs/MP-0/vitus/design_1_wrapper/hw/design_1_wrapper.xsa
TRACE::2026-02-03.18:14:32::SCWPlatform::DSA absoulate path X:/cpre488/Labs/MP-0/vitus/design_1_wrapper/hw/design_1_wrapper.xsa
TRACE::2026-02-03.18:14:32::SCWPlatform::DSA directory X:/cpre488/Labs/MP-0/vitus/design_1_wrapper/hw
TRACE::2026-02-03.18:14:32::SCWPlatform:: Platform Path X:/cpre488/Labs/MP-0/vitus/design_1_wrapper/hw/design_1_wrapper.xsa
TRACE::2026-02-03.18:14:32::SCWPlatform:: Unique name xilinx:zed::0.0
TRACE::2026-02-03.18:14:32::SCWPlatform::Trying to set the existing hwdb with name design_1_wrapper_4
TRACE::2026-02-03.18:14:32::SCWPlatform::Opened existing hwdb design_1_wrapper_4
TRACE::2026-02-03.18:14:32::SCWPlatform::Found the Hw Db part of the input DSA
TRACE::2026-02-03.18:14:32::SCWPlatform::Trying to open the hw design at X:/cpre488/Labs/MP-0/vitus/design_1_wrapper/hw/design_1_wrapper.xsa
TRACE::2026-02-03.18:14:32::SCWPlatform::DSA given X:/cpre488/Labs/MP-0/vitus/design_1_wrapper/hw/design_1_wrapper.xsa
TRACE::2026-02-03.18:14:32::SCWPlatform::DSA absoulate path X:/cpre488/Labs/MP-0/vitus/design_1_wrapper/hw/design_1_wrapper.xsa
TRACE::2026-02-03.18:14:32::SCWPlatform::DSA directory X:/cpre488/Labs/MP-0/vitus/design_1_wrapper/hw
TRACE::2026-02-03.18:14:32::SCWPlatform:: Platform Path X:/cpre488/Labs/MP-0/vitus/design_1_wrapper/hw/design_1_wrapper.xsa
TRACE::2026-02-03.18:14:32::SCWPlatform:: Unique name xilinx:zed::0.0
TRACE::2026-02-03.18:14:32::SCWPlatform::Trying to set the existing hwdb with name design_1_wrapper_4
TRACE::2026-02-03.18:14:32::SCWPlatform::Opened existing hwdb design_1_wrapper_4
TRACE::2026-02-03.18:14:32::SCWPlatform::Found the Hw Db part of the input DSA
TRACE::2026-02-03.18:14:32::SCWMssOS::Checking the sw design at  X:/cpre488/Labs/MP-0/vitus/design_1_wrapper/ps7_cortexa9_0/domain_ps7_cortexa9_0/bsp/system.mss
TRACE::2026-02-03.18:14:32::SCWMssOS::DEBUG:  swdes dump  X:/cpre488/Labs/MP-0/vitus/MP0_wrapper/ps7_cortexa9_0/domain_ps7_cortexa9_0/bsp/system.mss|system_0||
X:/cpre488/Labs/MP-0/vitus/MP0_wrapper/zynq_fsbl/zynq_fsbl_bsp/system.mss|system||
X:/cpre488/Labs/MP-0/vitus/design_1_wrapper/zynq_fsbl/zynq_fsbl_bsp/system.mss|system_1||

TRACE::2026-02-03.18:14:32::SCWMssOS::No sw design opened at  X:/cpre488/Labs/MP-0/vitus/design_1_wrapper/ps7_cortexa9_0/domain_ps7_cortexa9_0/bsp/system.mss
TRACE::2026-02-03.18:14:32::SCWMssOS::mss exists loading the mss file  X:/cpre488/Labs/MP-0/vitus/design_1_wrapper/ps7_cortexa9_0/domain_ps7_cortexa9_0/bsp/system.mss
TRACE::2026-02-03.18:14:32::SCWMssOS::Opened the sw design from mss  X:/cpre488/Labs/MP-0/vitus/design_1_wrapper/ps7_cortexa9_0/domain_ps7_cortexa9_0/bsp/system.mss
TRACE::2026-02-03.18:14:32::SCWMssOS::Adding the swdes entry X:/cpre488/Labs/MP-0/vitus/design_1_wrapper/ps7_cortexa9_0/domain_ps7_cortexa9_0/bsp/system.mss with des name system_2
TRACE::2026-02-03.18:14:32::SCWMssOS::updating the scw layer about changes
TRACE::2026-02-03.18:14:32::SCWMssOS::Opened the sw design.  X:/cpre488/Labs/MP-0/vitus/design_1_wrapper/ps7_cortexa9_0/domain_ps7_cortexa9_0/bsp/system.mss
TRACE::2026-02-03.18:14:32::SCWMssOS::Saving the mss changes X:/cpre488/Labs/MP-0/vitus/design_1_wrapper/ps7_cortexa9_0/domain_ps7_cortexa9_0/bsp/system.mss
TRACE::2026-02-03.18:14:32::SCWMssOS::Found a swdesign opened with the mssfile.
TRACE::2026-02-03.18:14:32::SCWMssOS::Completed writemss as part of save.
TRACE::2026-02-03.18:14:32::SCWMssOS::Commit changes completed.
TRACE::2026-02-03.18:14:32::SCWReader::Adding prebuilt librarypaths as   
TRACE::2026-02-03.18:14:32::SCWReader::Adding prebuilt incpaths  as   
TRACE::2026-02-03.18:14:32::SCWPlatform::Trying to open the hw design at X:/cpre488/Labs/MP-0/vitus/design_1_wrapper/hw/design_1_wrapper.xsa
TRACE::2026-02-03.18:14:32::SCWPlatform::DSA given X:/cpre488/Labs/MP-0/vitus/design_1_wrapper/hw/design_1_wrapper.xsa
TRACE::2026-02-03.18:14:33::SCWPlatform::DSA absoulate path X:/cpre488/Labs/MP-0/vitus/design_1_wrapper/hw/design_1_wrapper.xsa
TRACE::2026-02-03.18:14:33::SCWPlatform::DSA directory X:/cpre488/Labs/MP-0/vitus/design_1_wrapper/hw
TRACE::2026-02-03.18:14:33::SCWPlatform:: Platform Path X:/cpre488/Labs/MP-0/vitus/design_1_wrapper/hw/design_1_wrapper.xsa
TRACE::2026-02-03.18:14:33::SCWPlatform:: Unique name xilinx:zed::0.0
TRACE::2026-02-03.18:14:33::SCWPlatform::Trying to set the existing hwdb with name design_1_wrapper_4
TRACE::2026-02-03.18:14:33::SCWPlatform::Opened existing hwdb design_1_wrapper_4
TRACE::2026-02-03.18:14:33::SCWPlatform::Found the Hw Db part of the input DSA
TRACE::2026-02-03.18:14:33::SCWMssOS::Checking the sw design at  X:/cpre488/Labs/MP-0/vitus/design_1_wrapper/ps7_cortexa9_0/domain_ps7_cortexa9_0/bsp/system.mss
TRACE::2026-02-03.18:14:33::SCWMssOS::DEBUG:  swdes dump  X:/cpre488/Labs/MP-0/vitus/MP0_wrapper/ps7_cortexa9_0/domain_ps7_cortexa9_0/bsp/system.mss|system_0||
X:/cpre488/Labs/MP-0/vitus/MP0_wrapper/zynq_fsbl/zynq_fsbl_bsp/system.mss|system||
X:/cpre488/Labs/MP-0/vitus/design_1_wrapper/ps7_cortexa9_0/domain_ps7_cortexa9_0/bsp/system.mss|system_2||
X:/cpre488/Labs/MP-0/vitus/design_1_wrapper/zynq_fsbl/zynq_fsbl_bsp/system.mss|system_1||

TRACE::2026-02-03.18:14:33::SCWMssOS::Sw design exists and opened at  X:/cpre488/Labs/MP-0/vitus/design_1_wrapper/ps7_cortexa9_0/domain_ps7_cortexa9_0/bsp/system.mss
TRACE::2026-02-03.18:14:33::SCWReader::No isolation master present  
TRACE::2026-02-03.18:14:35::SCWPlatform::Trying to open the hw design at X:/cpre488/Labs/MP-0/vitus/design_1_wrapper/hw/design_1_wrapper.xsa
TRACE::2026-02-03.18:14:35::SCWPlatform::DSA given X:/cpre488/Labs/MP-0/vitus/design_1_wrapper/hw/design_1_wrapper.xsa
TRACE::2026-02-03.18:14:35::SCWPlatform::DSA absoulate path X:/cpre488/Labs/MP-0/vitus/design_1_wrapper/hw/design_1_wrapper.xsa
TRACE::2026-02-03.18:14:35::SCWPlatform::DSA directory X:/cpre488/Labs/MP-0/vitus/design_1_wrapper/hw
TRACE::2026-02-03.18:14:35::SCWPlatform:: Platform Path X:/cpre488/Labs/MP-0/vitus/design_1_wrapper/hw/design_1_wrapper.xsa
TRACE::2026-02-03.18:14:35::SCWPlatform:: Unique name xilinx:zed::0.0
TRACE::2026-02-03.18:14:35::SCWPlatform::Trying to set the existing hwdb with name design_1_wrapper_4
TRACE::2026-02-03.18:14:35::SCWPlatform::Opened existing hwdb design_1_wrapper_4
TRACE::2026-02-03.18:14:35::SCWPlatform::Found the Hw Db part of the input DSA
TRACE::2026-02-03.18:14:35::SCWPlatform::DSA given X:/cpre488/Labs/MP-0/vitus/design_1_wrapper/tempdsa/design_1_wrapper.xsa
TRACE::2026-02-03.18:14:35::SCWPlatform::DSA absoulate path X:/cpre488/Labs/MP-0/vitus/design_1_wrapper/tempdsa/design_1_wrapper.xsa
TRACE::2026-02-03.18:14:35::SCWPlatform:: Platform location is X:/cpre488/Labs/MP-0/vitus/design_1_wrapper/tempdsa
TRACE::2026-02-03.18:14:35::SCWPlatform:: Platform Path X:/cpre488/Labs/MP-0/vitus/design_1_wrapper/tempdsa/design_1_wrapper.xsa
TRACE::2026-02-03.18:14:35::SCWPlatform:: Unique name xilinx:zed::0.0
TRACE::2026-02-03.18:14:37::SCWPlatform::Found the Hw Db part of the input DSA
TRACE::2026-02-03.18:14:37::SCWMssOS::Doing hw sync for the mss in domain: zynq_fsbl
TRACE::2026-02-03.18:14:37::SCWPlatform::Trying to open the hw design at X:/cpre488/Labs/MP-0/vitus/design_1_wrapper/hw/design_1_wrapper.xsa
TRACE::2026-02-03.18:14:37::SCWPlatform::DSA given X:/cpre488/Labs/MP-0/vitus/design_1_wrapper/hw/design_1_wrapper.xsa
TRACE::2026-02-03.18:14:37::SCWPlatform::DSA absoulate path X:/cpre488/Labs/MP-0/vitus/design_1_wrapper/hw/design_1_wrapper.xsa
TRACE::2026-02-03.18:14:37::SCWPlatform::DSA directory X:/cpre488/Labs/MP-0/vitus/design_1_wrapper/hw
TRACE::2026-02-03.18:14:37::SCWPlatform:: Platform Path X:/cpre488/Labs/MP-0/vitus/design_1_wrapper/hw/design_1_wrapper.xsa
TRACE::2026-02-03.18:14:37::SCWPlatform:: Unique name xilinx:zed::0.0
TRACE::2026-02-03.18:14:37::SCWPlatform::Trying to set the existing hwdb with name design_1_wrapper_4
TRACE::2026-02-03.18:14:37::SCWPlatform::Opened existing hwdb design_1_wrapper_4
TRACE::2026-02-03.18:14:37::SCWPlatform::Found the Hw Db part of the input DSA
TRACE::2026-02-03.18:14:37::SCWPlatform::Trying to open the hw design at X:/cpre488/Labs/MP-0/vitus/design_1_wrapper/hw/design_1_wrapper.xsa
TRACE::2026-02-03.18:14:38::SCWPlatform::DSA given X:/cpre488/Labs/MP-0/vitus/design_1_wrapper/hw/design_1_wrapper.xsa
TRACE::2026-02-03.18:14:38::SCWPlatform::DSA absoulate path X:/cpre488/Labs/MP-0/vitus/design_1_wrapper/hw/design_1_wrapper.xsa
TRACE::2026-02-03.18:14:38::SCWPlatform::DSA directory X:/cpre488/Labs/MP-0/vitus/design_1_wrapper/hw
TRACE::2026-02-03.18:14:38::SCWPlatform:: Platform Path X:/cpre488/Labs/MP-0/vitus/design_1_wrapper/hw/design_1_wrapper.xsa
TRACE::2026-02-03.18:14:38::SCWPlatform:: Unique name xilinx:zed::0.0
TRACE::2026-02-03.18:14:38::SCWPlatform::Trying to set the existing hwdb with name design_1_wrapper_4
TRACE::2026-02-03.18:14:38::SCWPlatform::Opened existing hwdb design_1_wrapper_4
TRACE::2026-02-03.18:14:38::SCWPlatform::Found the Hw Db part of the input DSA
TRACE::2026-02-03.18:14:38::SCWMssOS::Checking the sw design at  X:/cpre488/Labs/MP-0/vitus/design_1_wrapper/zynq_fsbl/zynq_fsbl_bsp/system.mss
TRACE::2026-02-03.18:14:38::SCWMssOS::DEBUG:  swdes dump  X:/cpre488/Labs/MP-0/vitus/MP0_wrapper/ps7_cortexa9_0/domain_ps7_cortexa9_0/bsp/system.mss|system_0||
X:/cpre488/Labs/MP-0/vitus/MP0_wrapper/zynq_fsbl/zynq_fsbl_bsp/system.mss|system||
X:/cpre488/Labs/MP-0/vitus/design_1_wrapper/ps7_cortexa9_0/domain_ps7_cortexa9_0/bsp/system.mss|system_2||
X:/cpre488/Labs/MP-0/vitus/design_1_wrapper/zynq_fsbl/zynq_fsbl_bsp/system.mss|system_1||

TRACE::2026-02-03.18:14:38::SCWMssOS::Sw design exists and opened at  X:/cpre488/Labs/MP-0/vitus/design_1_wrapper/zynq_fsbl/zynq_fsbl_bsp/system.mss
TRACE::2026-02-03.18:14:38::SCWPlatform::Trying to open the hw design at X:/cpre488/Labs/MP-0/vitus/design_1_wrapper/tempdsa/design_1_wrapper.xsa
TRACE::2026-02-03.18:14:38::SCWPlatform::DSA given X:/cpre488/Labs/MP-0/vitus/design_1_wrapper/tempdsa/design_1_wrapper.xsa
TRACE::2026-02-03.18:14:38::SCWPlatform::DSA absoulate path X:/cpre488/Labs/MP-0/vitus/design_1_wrapper/tempdsa/design_1_wrapper.xsa
TRACE::2026-02-03.18:14:38::SCWPlatform::DSA directory X:/cpre488/Labs/MP-0/vitus/design_1_wrapper/tempdsa
TRACE::2026-02-03.18:14:38::SCWPlatform:: Platform Path X:/cpre488/Labs/MP-0/vitus/design_1_wrapper/tempdsa/design_1_wrapper.xsa
TRACE::2026-02-03.18:14:38::SCWPlatform:: Unique name xilinx:zed::0.0
TRACE::2026-02-03.18:14:38::SCWPlatform::update - Opened existing hwdb design_1_wrapper_5
TRACE::2026-02-03.18:14:38::SCWPlatform::Found the Hw Db part of the input DSA
TRACE::2026-02-03.18:14:38::SCWMssOS::Doing hw sync for the mss in domain: domain_ps7_cortexa9_0
TRACE::2026-02-03.18:14:38::SCWPlatform::Trying to open the hw design at X:/cpre488/Labs/MP-0/vitus/design_1_wrapper/hw/design_1_wrapper.xsa
TRACE::2026-02-03.18:14:38::SCWPlatform::DSA given X:/cpre488/Labs/MP-0/vitus/design_1_wrapper/hw/design_1_wrapper.xsa
TRACE::2026-02-03.18:14:38::SCWPlatform::DSA absoulate path X:/cpre488/Labs/MP-0/vitus/design_1_wrapper/hw/design_1_wrapper.xsa
TRACE::2026-02-03.18:14:38::SCWPlatform::DSA directory X:/cpre488/Labs/MP-0/vitus/design_1_wrapper/hw
TRACE::2026-02-03.18:14:38::SCWPlatform:: Platform Path X:/cpre488/Labs/MP-0/vitus/design_1_wrapper/hw/design_1_wrapper.xsa
TRACE::2026-02-03.18:14:38::SCWPlatform:: Unique name xilinx:zed::0.0
TRACE::2026-02-03.18:14:38::SCWPlatform::Trying to set the existing hwdb with name design_1_wrapper_4
TRACE::2026-02-03.18:14:38::SCWPlatform::Opened existing hwdb design_1_wrapper_4
TRACE::2026-02-03.18:14:38::SCWPlatform::Found the Hw Db part of the input DSA
TRACE::2026-02-03.18:14:38::SCWPlatform::Trying to open the hw design at X:/cpre488/Labs/MP-0/vitus/design_1_wrapper/hw/design_1_wrapper.xsa
TRACE::2026-02-03.18:14:38::SCWPlatform::DSA given X:/cpre488/Labs/MP-0/vitus/design_1_wrapper/hw/design_1_wrapper.xsa
TRACE::2026-02-03.18:14:38::SCWPlatform::DSA absoulate path X:/cpre488/Labs/MP-0/vitus/design_1_wrapper/hw/design_1_wrapper.xsa
TRACE::2026-02-03.18:14:38::SCWPlatform::DSA directory X:/cpre488/Labs/MP-0/vitus/design_1_wrapper/hw
TRACE::2026-02-03.18:14:38::SCWPlatform:: Platform Path X:/cpre488/Labs/MP-0/vitus/design_1_wrapper/hw/design_1_wrapper.xsa
TRACE::2026-02-03.18:14:38::SCWPlatform:: Unique name xilinx:zed::0.0
TRACE::2026-02-03.18:14:38::SCWPlatform::Trying to set the existing hwdb with name design_1_wrapper_4
TRACE::2026-02-03.18:14:38::SCWPlatform::Opened existing hwdb design_1_wrapper_4
TRACE::2026-02-03.18:14:38::SCWPlatform::Found the Hw Db part of the input DSA
TRACE::2026-02-03.18:14:38::SCWMssOS::Checking the sw design at  X:/cpre488/Labs/MP-0/vitus/design_1_wrapper/ps7_cortexa9_0/domain_ps7_cortexa9_0/bsp/system.mss
TRACE::2026-02-03.18:14:38::SCWMssOS::DEBUG:  swdes dump  X:/cpre488/Labs/MP-0/vitus/MP0_wrapper/ps7_cortexa9_0/domain_ps7_cortexa9_0/bsp/system.mss|system_0||
X:/cpre488/Labs/MP-0/vitus/MP0_wrapper/zynq_fsbl/zynq_fsbl_bsp/system.mss|system||
X:/cpre488/Labs/MP-0/vitus/design_1_wrapper/ps7_cortexa9_0/domain_ps7_cortexa9_0/bsp/system.mss|system_2||
X:/cpre488/Labs/MP-0/vitus/design_1_wrapper/zynq_fsbl/zynq_fsbl_bsp/system.mss|system_1||

TRACE::2026-02-03.18:14:38::SCWMssOS::Sw design exists and opened at  X:/cpre488/Labs/MP-0/vitus/design_1_wrapper/ps7_cortexa9_0/domain_ps7_cortexa9_0/bsp/system.mss
TRACE::2026-02-03.18:14:38::SCWPlatform::Trying to open the hw design at X:/cpre488/Labs/MP-0/vitus/design_1_wrapper/tempdsa/design_1_wrapper.xsa
TRACE::2026-02-03.18:14:38::SCWPlatform::DSA given X:/cpre488/Labs/MP-0/vitus/design_1_wrapper/tempdsa/design_1_wrapper.xsa
TRACE::2026-02-03.18:14:38::SCWPlatform::DSA absoulate path X:/cpre488/Labs/MP-0/vitus/design_1_wrapper/tempdsa/design_1_wrapper.xsa
TRACE::2026-02-03.18:14:38::SCWPlatform::DSA directory X:/cpre488/Labs/MP-0/vitus/design_1_wrapper/tempdsa
TRACE::2026-02-03.18:14:38::SCWPlatform:: Platform Path X:/cpre488/Labs/MP-0/vitus/design_1_wrapper/tempdsa/design_1_wrapper.xsa
TRACE::2026-02-03.18:14:38::SCWPlatform:: Unique name xilinx:zed::0.0
TRACE::2026-02-03.18:14:38::SCWPlatform::update - Opened existing hwdb design_1_wrapper_5
TRACE::2026-02-03.18:14:38::SCWPlatform::Found the Hw Db part of the input DSA
TRACE::2026-02-03.18:14:38::SCWMssOS::Saving the mss changes X:/cpre488/Labs/MP-0/vitus/design_1_wrapper/zynq_fsbl/zynq_fsbl_bsp/system.mss
TRACE::2026-02-03.18:14:38::SCWMssOS::Found a swdesign opened with the mssfile.
TRACE::2026-02-03.18:14:38::SCWMssOS::Completed writemss as part of save.
TRACE::2026-02-03.18:14:38::SCWMssOS::Commit changes completed.
TRACE::2026-02-03.18:14:38::SCWMssOS::Completed hw sync for the mss in domain: zynq_fsbl
TRACE::2026-02-03.18:14:38::SCWMssOS::Removing the swdes entry for  X:/cpre488/Labs/MP-0/vitus/design_1_wrapper/zynq_fsbl/zynq_fsbl_bsp/system.mss
TRACE::2026-02-03.18:14:38::SCWMssOS::Saving the mss changes X:/cpre488/Labs/MP-0/vitus/design_1_wrapper/ps7_cortexa9_0/domain_ps7_cortexa9_0/bsp/system.mss
TRACE::2026-02-03.18:14:38::SCWMssOS::Found a swdesign opened with the mssfile.
TRACE::2026-02-03.18:14:38::SCWMssOS::Completed writemss as part of save.
TRACE::2026-02-03.18:14:38::SCWMssOS::Commit changes completed.
TRACE::2026-02-03.18:14:38::SCWMssOS::Completed hw sync for the mss in domain: domain_ps7_cortexa9_0
TRACE::2026-02-03.18:14:38::SCWMssOS::Removing the swdes entry for  X:/cpre488/Labs/MP-0/vitus/design_1_wrapper/ps7_cortexa9_0/domain_ps7_cortexa9_0/bsp/system.mss
TRACE::2026-02-03.18:14:38::SCWPlatform::Trying to open the hw design at X:/cpre488/Labs/MP-0/vitus/design_1_wrapper/hw/design_1_wrapper.xsa
TRACE::2026-02-03.18:14:38::SCWPlatform::DSA given X:/cpre488/Labs/MP-0/vitus/design_1_wrapper/hw/design_1_wrapper.xsa
TRACE::2026-02-03.18:14:38::SCWPlatform::DSA absoulate path X:/cpre488/Labs/MP-0/vitus/design_1_wrapper/hw/design_1_wrapper.xsa
TRACE::2026-02-03.18:14:38::SCWPlatform::DSA directory X:/cpre488/Labs/MP-0/vitus/design_1_wrapper/hw
TRACE::2026-02-03.18:14:38::SCWPlatform:: Platform Path X:/cpre488/Labs/MP-0/vitus/design_1_wrapper/hw/design_1_wrapper.xsa
TRACE::2026-02-03.18:14:38::SCWPlatform:: Unique name xilinx:zed::0.0
TRACE::2026-02-03.18:14:38::SCWPlatform::Do not have an existing db opened. 
TRACE::2026-02-03.18:14:40::SCWPlatform::Opened new HwDB with name design_1_wrapper_6
TRACE::2026-02-03.18:14:40::SCWPlatform::Trying to open the hw design at X:/cpre488/Labs/MP-0/vitus/design_1_wrapper/hw/design_1_wrapper.xsa
TRACE::2026-02-03.18:14:40::SCWPlatform::DSA given X:/cpre488/Labs/MP-0/vitus/design_1_wrapper/hw/design_1_wrapper.xsa
TRACE::2026-02-03.18:14:40::SCWPlatform::DSA absoulate path X:/cpre488/Labs/MP-0/vitus/design_1_wrapper/hw/design_1_wrapper.xsa
TRACE::2026-02-03.18:14:40::SCWPlatform::DSA directory X:/cpre488/Labs/MP-0/vitus/design_1_wrapper/hw
TRACE::2026-02-03.18:14:40::SCWPlatform:: Platform Path X:/cpre488/Labs/MP-0/vitus/design_1_wrapper/hw/design_1_wrapper.xsa
TRACE::2026-02-03.18:14:40::SCWPlatform:: Unique name xilinx:zed::0.0
TRACE::2026-02-03.18:14:40::SCWPlatform::Trying to set the existing hwdb with name design_1_wrapper_6
TRACE::2026-02-03.18:14:40::SCWPlatform::Opened existing hwdb design_1_wrapper_6
TRACE::2026-02-03.18:14:40::SCWPlatform::Found the Hw Db part of the input DSA
TRACE::2026-02-03.18:14:40::SCWMssOS::Checking the sw design at  X:/cpre488/Labs/MP-0/vitus/design_1_wrapper/zynq_fsbl/zynq_fsbl_bsp/system.mss
TRACE::2026-02-03.18:14:40::SCWMssOS::DEBUG:  swdes dump  X:/cpre488/Labs/MP-0/vitus/MP0_wrapper/ps7_cortexa9_0/domain_ps7_cortexa9_0/bsp/system.mss|system_0||
X:/cpre488/Labs/MP-0/vitus/MP0_wrapper/zynq_fsbl/zynq_fsbl_bsp/system.mss|system||

TRACE::2026-02-03.18:14:40::SCWMssOS::No sw design opened at  X:/cpre488/Labs/MP-0/vitus/design_1_wrapper/zynq_fsbl/zynq_fsbl_bsp/system.mss
TRACE::2026-02-03.18:14:40::SCWMssOS::mss exists loading the mss file  X:/cpre488/Labs/MP-0/vitus/design_1_wrapper/zynq_fsbl/zynq_fsbl_bsp/system.mss
TRACE::2026-02-03.18:14:40::SCWMssOS::Opened the sw design from mss  X:/cpre488/Labs/MP-0/vitus/design_1_wrapper/zynq_fsbl/zynq_fsbl_bsp/system.mss
TRACE::2026-02-03.18:14:40::SCWMssOS::Adding the swdes entry X:/cpre488/Labs/MP-0/vitus/design_1_wrapper/zynq_fsbl/zynq_fsbl_bsp/system.mss with des name system_1
TRACE::2026-02-03.18:14:40::SCWMssOS::updating the scw layer about changes
TRACE::2026-02-03.18:14:40::SCWMssOS::Opened the sw design.  X:/cpre488/Labs/MP-0/vitus/design_1_wrapper/zynq_fsbl/zynq_fsbl_bsp/system.mss
TRACE::2026-02-03.18:14:40::SCWMssOS::Saving the mss changes X:/cpre488/Labs/MP-0/vitus/design_1_wrapper/zynq_fsbl/zynq_fsbl_bsp/system.mss
TRACE::2026-02-03.18:14:40::SCWMssOS::Found a swdesign opened with the mssfile.
TRACE::2026-02-03.18:14:40::SCWMssOS::Completed writemss as part of save.
TRACE::2026-02-03.18:14:40::SCWMssOS::Commit changes completed.
TRACE::2026-02-03.18:14:40::SCWMssOS::Saving the mss changes X:/cpre488/Labs/MP-0/vitus/design_1_wrapper/ps7_cortexa9_0/domain_ps7_cortexa9_0/bsp/system.mss
TRACE::2026-02-03.18:14:40::SCWMssOS::Adding the swdes entry, mss present, able to open swdb X:/cpre488/Labs/MP-0/vitus/design_1_wrapper/ps7_cortexa9_0/domain_ps7_cortexa9_0/bsp/system.mss with des name system_2
TRACE::2026-02-03.18:14:40::SCWMssOS::Writing the mss file completed X:/cpre488/Labs/MP-0/vitus/design_1_wrapper/ps7_cortexa9_0/domain_ps7_cortexa9_0/bsp/system.mss
TRACE::2026-02-03.18:14:40::SCWMssOS::Commit changes completed.
TRACE::2026-02-03.18:14:40::SCWPlatform::Trying to open the hw design at X:/cpre488/Labs/MP-0/vitus/design_1_wrapper/hw/design_1_wrapper.xsa
TRACE::2026-02-03.18:14:40::SCWPlatform::DSA given X:/cpre488/Labs/MP-0/vitus/design_1_wrapper/hw/design_1_wrapper.xsa
TRACE::2026-02-03.18:14:40::SCWPlatform::DSA absoulate path X:/cpre488/Labs/MP-0/vitus/design_1_wrapper/hw/design_1_wrapper.xsa
TRACE::2026-02-03.18:14:40::SCWPlatform::DSA directory X:/cpre488/Labs/MP-0/vitus/design_1_wrapper/hw
TRACE::2026-02-03.18:14:40::SCWPlatform:: Platform Path X:/cpre488/Labs/MP-0/vitus/design_1_wrapper/hw/design_1_wrapper.xsa
TRACE::2026-02-03.18:14:40::SCWPlatform:: Unique name xilinx:zed::0.0
TRACE::2026-02-03.18:14:40::SCWPlatform::Trying to set the existing hwdb with name design_1_wrapper_6
TRACE::2026-02-03.18:14:40::SCWPlatform::Opened existing hwdb design_1_wrapper_6
TRACE::2026-02-03.18:14:40::SCWPlatform::Found the Hw Db part of the input DSA
TRACE::2026-02-03.18:14:40::SCWMssOS::Checking the sw design at  X:/cpre488/Labs/MP-0/vitus/design_1_wrapper/zynq_fsbl/zynq_fsbl_bsp/system.mss
TRACE::2026-02-03.18:14:40::SCWMssOS::DEBUG:  swdes dump  X:/cpre488/Labs/MP-0/vitus/MP0_wrapper/ps7_cortexa9_0/domain_ps7_cortexa9_0/bsp/system.mss|system_0||
X:/cpre488/Labs/MP-0/vitus/MP0_wrapper/zynq_fsbl/zynq_fsbl_bsp/system.mss|system||
X:/cpre488/Labs/MP-0/vitus/design_1_wrapper/ps7_cortexa9_0/domain_ps7_cortexa9_0/bsp/system.mss|system_2||
X:/cpre488/Labs/MP-0/vitus/design_1_wrapper/zynq_fsbl/zynq_fsbl_bsp/system.mss|system_1||

TRACE::2026-02-03.18:14:40::SCWMssOS::Sw design exists and opened at  X:/cpre488/Labs/MP-0/vitus/design_1_wrapper/zynq_fsbl/zynq_fsbl_bsp/system.mss
TRACE::2026-02-03.18:14:40::SCWPlatform::Trying to open the hw design at X:/cpre488/Labs/MP-0/vitus/design_1_wrapper/hw/design_1_wrapper.xsa
TRACE::2026-02-03.18:14:40::SCWPlatform::DSA given X:/cpre488/Labs/MP-0/vitus/design_1_wrapper/hw/design_1_wrapper.xsa
TRACE::2026-02-03.18:14:40::SCWPlatform::DSA absoulate path X:/cpre488/Labs/MP-0/vitus/design_1_wrapper/hw/design_1_wrapper.xsa
TRACE::2026-02-03.18:14:40::SCWPlatform::DSA directory X:/cpre488/Labs/MP-0/vitus/design_1_wrapper/hw
TRACE::2026-02-03.18:14:40::SCWPlatform:: Platform Path X:/cpre488/Labs/MP-0/vitus/design_1_wrapper/hw/design_1_wrapper.xsa
TRACE::2026-02-03.18:14:40::SCWPlatform:: Unique name xilinx:zed::0.0
TRACE::2026-02-03.18:14:40::SCWPlatform::Trying to set the existing hwdb with name design_1_wrapper_6
TRACE::2026-02-03.18:14:40::SCWPlatform::Opened existing hwdb design_1_wrapper_6
TRACE::2026-02-03.18:14:40::SCWPlatform::Found the Hw Db part of the input DSA
TRACE::2026-02-03.18:14:40::SCWMssOS::Checking the sw design at  X:/cpre488/Labs/MP-0/vitus/design_1_wrapper/ps7_cortexa9_0/domain_ps7_cortexa9_0/bsp/system.mss
TRACE::2026-02-03.18:14:40::SCWMssOS::DEBUG:  swdes dump  X:/cpre488/Labs/MP-0/vitus/MP0_wrapper/ps7_cortexa9_0/domain_ps7_cortexa9_0/bsp/system.mss|system_0||
X:/cpre488/Labs/MP-0/vitus/MP0_wrapper/zynq_fsbl/zynq_fsbl_bsp/system.mss|system||
X:/cpre488/Labs/MP-0/vitus/design_1_wrapper/ps7_cortexa9_0/domain_ps7_cortexa9_0/bsp/system.mss|system_2||
X:/cpre488/Labs/MP-0/vitus/design_1_wrapper/zynq_fsbl/zynq_fsbl_bsp/system.mss|system_1||

TRACE::2026-02-03.18:14:40::SCWMssOS::Sw design exists and opened at  X:/cpre488/Labs/MP-0/vitus/design_1_wrapper/ps7_cortexa9_0/domain_ps7_cortexa9_0/bsp/system.mss
TRACE::2026-02-03.18:14:40::SCWWriter::formatted JSON is {
	"platformName":	"design_1_wrapper",
	"sprVersion":	"2.0",
	"mode":	"gui",
	"dsaType":	"Fixed",
	"platformDesc":	"design_1_wrapper",
	"platHandOff":	"X:/cpre488/Labs/MP-0/MP0_round2/design_1_wrapper.xsa",
	"platIntHandOff":	"<platformDir>/hw/design_1_wrapper.xsa",
	"deviceType":	"zynq",
	"platIsPrebuiltAutogen":	"false",
	"platIsNoBootBsp":	"false",
	"hasFsblMakeHasChanges":	"false",
	"hasPmufwMakeHasChanges":	"false",
	"fsblExtraCompilerFlags":	"-MMD -MP       -mcpu=cortex-a9 -mfpu=vfpv3 -mfloat-abi=hard ",
	"platPreBuiltFlag":	false,
	"platformSamplesDir":	"",
	"platActiveSys":	"design_1_wrapper",
	"systems":	[{
			"systemName":	"design_1_wrapper",
			"systemDesc":	"design_1_wrapper",
			"sysIsBootAutoGen":	"true",
			"systemDispName":	"design_1_wrapper",
			"sysActiveDom":	"domain_ps7_cortexa9_0",
			"sysDefaultDom":	"domain_ps7_cortexa9_0",
			"domains":	[{
					"domainName":	"zynq_fsbl",
					"domainDispName":	"zynq_fsbl",
					"domainDesc":	"FSBL Application BSP - Auto Generated.",
					"processors":	"ps7_cortexa9_0",
					"os":	"standalone",
					"sdxOs":	"standalone",
					"debugEnable":	"",
					"domRuntimes":	["cpp"],
					"swRepo":	"",
					"mssOsVer":	"7.2",
					"mssFile":	"",
					"md5Digest":	"d2d420d87bcfafaa761d1aba64f21ae8",
					"compatibleApp":	"zynq_fsbl",
					"domType":	"bootDomain",
					"arch":	"32-bit",
					"appSettings":	{
						"appCompilerFlags":	"",
						"appLinkerFlags":	""
					},
					"addedLibs":	["xilffs:4.3", "xilrsa:1.6"],
					"libOptions":	{
						"libsContainingOptions":	[]
					},
					"prebuiltLibs":	{
						"prebuiltIncPath":	[],
						"prebuiltLibPath":	[]
					},
					"isolation":	{
					}
				}, {
					"domainName":	"domain_ps7_cortexa9_0",
					"domainDispName":	"domain_ps7_cortexa9_0",
					"domainDesc":	"domain_ps7_cortexa9_0",
					"processors":	"ps7_cortexa9_0",
					"os":	"standalone",
					"sdxOs":	"standalone",
					"qemuArgs":	"C:/Xilinx/Vitis/2020.1/data/emulation/platforms/zynq/qemu/qemu_args.txt",
					"qemuData":	"C:/Xilinx/Vitis/2020.1/data/emulation/platforms/zynq/qemu/",
					"debugEnable":	"False",
					"domRuntimes":	["cpp"],
					"swRepo":	"",
					"mssOsVer":	"7.2",
					"mssFile":	"",
					"md5Digest":	"0103012646b99f26b289ff154d95cad8",
					"compatibleApp":	"",
					"domType":	"mssDomain",
					"arch":	"32-bit",
					"appSettings":	{
						"appCompilerFlags":	"",
						"appLinkerFlags":	""
					},
					"addedLibs":	[],
					"libOptions":	{
						"libsContainingOptions":	[]
					},
					"prebuiltLibs":	{
						"prebuiltIncPath":	[],
						"prebuiltLibPath":	[]
					},
					"isolation":	{
					}
				}]
		}]
}
LOG::2026-02-03.18:14:45::SCWPlatform::Started generating the artifacts platform design_1_wrapper
TRACE::2026-02-03.18:14:45::SCWPlatform::Sanity checking of platform is completed
LOG::2026-02-03.18:14:45::SCWPlatform::Started generating the artifacts for system configuration design_1_wrapper
LOG::2026-02-03.18:14:45::SCWSystem::Checking the domain zynq_fsbl
LOG::2026-02-03.18:14:45::SCWSystem::Doing application build for :  zynq_fsbl
TRACE::2026-02-03.18:14:45::SCWBDomain::Not a forced makefile updation, No changes are present. 
TRACE::2026-02-03.18:14:45::SCWDomain::Skipping the build for domain :  zynq_fsbl
LOG::2026-02-03.18:14:45::SCWSystem::Checking the domain domain_ps7_cortexa9_0
LOG::2026-02-03.18:14:45::SCWSystem::Not a boot domain 
LOG::2026-02-03.18:14:45::SCWSystem::Started Processing the domain domain_ps7_cortexa9_0
TRACE::2026-02-03.18:14:45::SCWDomain::Generating domain artifcats
TRACE::2026-02-03.18:14:45::SCWMssOS::Generating standalone artifcats
TRACE::2026-02-03.18:14:45::SCWMssOS::Copying the qemu file from  C:/Xilinx/Vitis/2020.1/data/emulation/platforms/zynq/qemu/qemu_args.txt To X:/cpre488/Labs/MP-0/vitus/design_1_wrapper/export/design_1_wrapper/sw/design_1_wrapper/qemu/
TRACE::2026-02-03.18:14:46::SCWMssOS::Copying the qemu file from  C:/Xilinx/Vitis/2020.1/data/emulation/platforms/zynq/qemu/qemu_args.txt To X:/cpre488/Labs/MP-0/vitus/design_1_wrapper/export/design_1_wrapper/sw/design_1_wrapper/domain_ps7_cortexa9_0/qemu/
TRACE::2026-02-03.18:14:46::SCWMssOS:: Copying the user libraries. 
TRACE::2026-02-03.18:14:46::SCWPlatform::Trying to open the hw design at X:/cpre488/Labs/MP-0/vitus/design_1_wrapper/hw/design_1_wrapper.xsa
TRACE::2026-02-03.18:14:46::SCWPlatform::DSA given X:/cpre488/Labs/MP-0/vitus/design_1_wrapper/hw/design_1_wrapper.xsa
TRACE::2026-02-03.18:14:46::SCWPlatform::DSA absoulate path X:/cpre488/Labs/MP-0/vitus/design_1_wrapper/hw/design_1_wrapper.xsa
TRACE::2026-02-03.18:14:46::SCWPlatform::DSA directory X:/cpre488/Labs/MP-0/vitus/design_1_wrapper/hw
TRACE::2026-02-03.18:14:46::SCWPlatform:: Platform Path X:/cpre488/Labs/MP-0/vitus/design_1_wrapper/hw/design_1_wrapper.xsa
TRACE::2026-02-03.18:14:46::SCWPlatform:: Unique name xilinx:zed::0.0
TRACE::2026-02-03.18:14:46::SCWPlatform::Trying to set the existing hwdb with name design_1_wrapper_6
TRACE::2026-02-03.18:14:46::SCWPlatform::Opened existing hwdb design_1_wrapper_6
TRACE::2026-02-03.18:14:46::SCWPlatform::Found the Hw Db part of the input DSA
TRACE::2026-02-03.18:14:46::SCWMssOS::Checking the sw design at  X:/cpre488/Labs/MP-0/vitus/design_1_wrapper/ps7_cortexa9_0/domain_ps7_cortexa9_0/bsp/system.mss
TRACE::2026-02-03.18:14:46::SCWMssOS::DEBUG:  swdes dump  X:/cpre488/Labs/MP-0/vitus/MP0_wrapper/ps7_cortexa9_0/domain_ps7_cortexa9_0/bsp/system.mss|system_0||
X:/cpre488/Labs/MP-0/vitus/MP0_wrapper/zynq_fsbl/zynq_fsbl_bsp/system.mss|system||
X:/cpre488/Labs/MP-0/vitus/design_1_wrapper/ps7_cortexa9_0/domain_ps7_cortexa9_0/bsp/system.mss|system_2||
X:/cpre488/Labs/MP-0/vitus/design_1_wrapper/zynq_fsbl/zynq_fsbl_bsp/system.mss|system_1||

TRACE::2026-02-03.18:14:46::SCWMssOS::Sw design exists and opened at  X:/cpre488/Labs/MP-0/vitus/design_1_wrapper/ps7_cortexa9_0/domain_ps7_cortexa9_0/bsp/system.mss
TRACE::2026-02-03.18:14:46::SCWMssOS::Completed writing the mss file at X:/cpre488/Labs/MP-0/vitus/design_1_wrapper/ps7_cortexa9_0/domain_ps7_cortexa9_0/bsp
TRACE::2026-02-03.18:14:46::SCWMssOS::Mss edits present, copying mssfile into export location X:/cpre488/Labs/MP-0/vitus/design_1_wrapper/ps7_cortexa9_0/domain_ps7_cortexa9_0/bsp/system.mss
TRACE::2026-02-03.18:14:46::SCWMssOS::bsp generated is upto date with the mss file. Skipping bsp generation.
TRACE::2026-02-03.18:14:46::SCWMssOS::BSP is already built. skipping the bsp build ... 
TRACE::2026-02-03.18:14:46::SCWDomain::Skipping the build for domain :  domain_ps7_cortexa9_0
TRACE::2026-02-03.18:14:46::SCWMssOS::skipping the bsp build ... 
TRACE::2026-02-03.18:14:46::SCWMssOS::Copying to export directory.
TRACE::2026-02-03.18:14:46::SCWMssOS:: Checking if to create the Supporting Applications
TRACE::2026-02-03.18:14:46::SCWMssOS:: No Linux domain exists, trying to generate FSBL 
LOG::2026-02-03.18:14:46::SCWSystem::Completed Processing the domain domain_ps7_cortexa9_0
LOG::2026-02-03.18:14:46::SCWSystem::Completed Processing the sysconfig design_1_wrapper
LOG::2026-02-03.18:14:46::SCWPlatform::Completed generating the artifacts for system configuration design_1_wrapper
TRACE::2026-02-03.18:14:46::SCWPlatform::Started preparing the platform 
TRACE::2026-02-03.18:14:46::SCWSystem::Writing the bif file for system config design_1_wrapper
TRACE::2026-02-03.18:14:46::SCWSystem::dir created 
TRACE::2026-02-03.18:14:46::SCWSystem::Writing the bif 
TRACE::2026-02-03.18:14:46::SCWPlatform::Started writing the spfm file 
TRACE::2026-02-03.18:14:46::SCWPlatform::Started writing the xpfm file 
TRACE::2026-02-03.18:14:46::SCWPlatform::Completed generating the platform
TRACE::2026-02-03.18:14:46::SCWMssOS::Saving the mss changes X:/cpre488/Labs/MP-0/vitus/design_1_wrapper/zynq_fsbl/zynq_fsbl_bsp/system.mss
TRACE::2026-02-03.18:14:46::SCWMssOS::Found a swdesign opened with the mssfile.
TRACE::2026-02-03.18:14:46::SCWMssOS::Completed writemss as part of save.
TRACE::2026-02-03.18:14:46::SCWMssOS::Commit changes completed.
TRACE::2026-02-03.18:14:46::SCWMssOS::Saving the mss changes X:/cpre488/Labs/MP-0/vitus/design_1_wrapper/ps7_cortexa9_0/domain_ps7_cortexa9_0/bsp/system.mss
TRACE::2026-02-03.18:14:46::SCWMssOS::Found a swdesign opened with the mssfile.
TRACE::2026-02-03.18:14:46::SCWMssOS::Completed writemss as part of save.
TRACE::2026-02-03.18:14:46::SCWMssOS::Commit changes completed.
TRACE::2026-02-03.18:14:46::SCWPlatform::Trying to open the hw design at X:/cpre488/Labs/MP-0/vitus/design_1_wrapper/hw/design_1_wrapper.xsa
TRACE::2026-02-03.18:14:46::SCWPlatform::DSA given X:/cpre488/Labs/MP-0/vitus/design_1_wrapper/hw/design_1_wrapper.xsa
TRACE::2026-02-03.18:14:46::SCWPlatform::DSA absoulate path X:/cpre488/Labs/MP-0/vitus/design_1_wrapper/hw/design_1_wrapper.xsa
TRACE::2026-02-03.18:14:46::SCWPlatform::DSA directory X:/cpre488/Labs/MP-0/vitus/design_1_wrapper/hw
TRACE::2026-02-03.18:14:46::SCWPlatform:: Platform Path X:/cpre488/Labs/MP-0/vitus/design_1_wrapper/hw/design_1_wrapper.xsa
TRACE::2026-02-03.18:14:46::SCWPlatform:: Unique name xilinx:zed::0.0
TRACE::2026-02-03.18:14:46::SCWPlatform::Trying to set the existing hwdb with name design_1_wrapper_6
TRACE::2026-02-03.18:14:46::SCWPlatform::Opened existing hwdb design_1_wrapper_6
TRACE::2026-02-03.18:14:46::SCWPlatform::Found the Hw Db part of the input DSA
TRACE::2026-02-03.18:14:46::SCWMssOS::Checking the sw design at  X:/cpre488/Labs/MP-0/vitus/design_1_wrapper/zynq_fsbl/zynq_fsbl_bsp/system.mss
TRACE::2026-02-03.18:14:46::SCWMssOS::DEBUG:  swdes dump  X:/cpre488/Labs/MP-0/vitus/MP0_wrapper/ps7_cortexa9_0/domain_ps7_cortexa9_0/bsp/system.mss|system_0||
X:/cpre488/Labs/MP-0/vitus/MP0_wrapper/zynq_fsbl/zynq_fsbl_bsp/system.mss|system||
X:/cpre488/Labs/MP-0/vitus/design_1_wrapper/ps7_cortexa9_0/domain_ps7_cortexa9_0/bsp/system.mss|system_2||
X:/cpre488/Labs/MP-0/vitus/design_1_wrapper/zynq_fsbl/zynq_fsbl_bsp/system.mss|system_1||

TRACE::2026-02-03.18:14:46::SCWMssOS::Sw design exists and opened at  X:/cpre488/Labs/MP-0/vitus/design_1_wrapper/zynq_fsbl/zynq_fsbl_bsp/system.mss
TRACE::2026-02-03.18:14:46::SCWPlatform::Trying to open the hw design at X:/cpre488/Labs/MP-0/vitus/design_1_wrapper/hw/design_1_wrapper.xsa
TRACE::2026-02-03.18:14:46::SCWPlatform::DSA given X:/cpre488/Labs/MP-0/vitus/design_1_wrapper/hw/design_1_wrapper.xsa
TRACE::2026-02-03.18:14:46::SCWPlatform::DSA absoulate path X:/cpre488/Labs/MP-0/vitus/design_1_wrapper/hw/design_1_wrapper.xsa
TRACE::2026-02-03.18:14:46::SCWPlatform::DSA directory X:/cpre488/Labs/MP-0/vitus/design_1_wrapper/hw
TRACE::2026-02-03.18:14:46::SCWPlatform:: Platform Path X:/cpre488/Labs/MP-0/vitus/design_1_wrapper/hw/design_1_wrapper.xsa
TRACE::2026-02-03.18:14:46::SCWPlatform:: Unique name xilinx:zed::0.0
TRACE::2026-02-03.18:14:46::SCWPlatform::Trying to set the existing hwdb with name design_1_wrapper_6
TRACE::2026-02-03.18:14:46::SCWPlatform::Opened existing hwdb design_1_wrapper_6
TRACE::2026-02-03.18:14:46::SCWPlatform::Found the Hw Db part of the input DSA
TRACE::2026-02-03.18:14:46::SCWMssOS::Checking the sw design at  X:/cpre488/Labs/MP-0/vitus/design_1_wrapper/ps7_cortexa9_0/domain_ps7_cortexa9_0/bsp/system.mss
TRACE::2026-02-03.18:14:46::SCWMssOS::DEBUG:  swdes dump  X:/cpre488/Labs/MP-0/vitus/MP0_wrapper/ps7_cortexa9_0/domain_ps7_cortexa9_0/bsp/system.mss|system_0||
X:/cpre488/Labs/MP-0/vitus/MP0_wrapper/zynq_fsbl/zynq_fsbl_bsp/system.mss|system||
X:/cpre488/Labs/MP-0/vitus/design_1_wrapper/ps7_cortexa9_0/domain_ps7_cortexa9_0/bsp/system.mss|system_2||
X:/cpre488/Labs/MP-0/vitus/design_1_wrapper/zynq_fsbl/zynq_fsbl_bsp/system.mss|system_1||

TRACE::2026-02-03.18:14:46::SCWMssOS::Sw design exists and opened at  X:/cpre488/Labs/MP-0/vitus/design_1_wrapper/ps7_cortexa9_0/domain_ps7_cortexa9_0/bsp/system.mss
TRACE::2026-02-03.18:14:46::SCWWriter::formatted JSON is {
	"platformName":	"design_1_wrapper",
	"sprVersion":	"2.0",
	"mode":	"gui",
	"dsaType":	"Fixed",
	"platformDesc":	"design_1_wrapper",
	"platHandOff":	"X:/cpre488/Labs/MP-0/MP0_round2/design_1_wrapper.xsa",
	"platIntHandOff":	"<platformDir>/hw/design_1_wrapper.xsa",
	"deviceType":	"zynq",
	"platIsPrebuiltAutogen":	"false",
	"platIsNoBootBsp":	"false",
	"hasFsblMakeHasChanges":	"false",
	"hasPmufwMakeHasChanges":	"false",
	"fsblExtraCompilerFlags":	"-MMD -MP       -mcpu=cortex-a9 -mfpu=vfpv3 -mfloat-abi=hard ",
	"platPreBuiltFlag":	false,
	"platformSamplesDir":	"",
	"platActiveSys":	"design_1_wrapper",
	"systems":	[{
			"systemName":	"design_1_wrapper",
			"systemDesc":	"design_1_wrapper",
			"sysIsBootAutoGen":	"true",
			"systemDispName":	"design_1_wrapper",
			"sysActiveDom":	"domain_ps7_cortexa9_0",
			"sysDefaultDom":	"domain_ps7_cortexa9_0",
			"domains":	[{
					"domainName":	"zynq_fsbl",
					"domainDispName":	"zynq_fsbl",
					"domainDesc":	"FSBL Application BSP - Auto Generated.",
					"processors":	"ps7_cortexa9_0",
					"os":	"standalone",
					"sdxOs":	"standalone",
					"debugEnable":	"",
					"domRuntimes":	["cpp"],
					"swRepo":	"",
					"mssOsVer":	"7.2",
					"mssFile":	"",
					"md5Digest":	"d2d420d87bcfafaa761d1aba64f21ae8",
					"compatibleApp":	"zynq_fsbl",
					"domType":	"bootDomain",
					"arch":	"32-bit",
					"appSettings":	{
						"appCompilerFlags":	"",
						"appLinkerFlags":	""
					},
					"addedLibs":	["xilffs:4.3", "xilrsa:1.6"],
					"libOptions":	{
						"libsContainingOptions":	[]
					},
					"prebuiltLibs":	{
						"prebuiltIncPath":	[],
						"prebuiltLibPath":	[]
					},
					"isolation":	{
					}
				}, {
					"domainName":	"domain_ps7_cortexa9_0",
					"domainDispName":	"domain_ps7_cortexa9_0",
					"domainDesc":	"domain_ps7_cortexa9_0",
					"processors":	"ps7_cortexa9_0",
					"os":	"standalone",
					"sdxOs":	"standalone",
					"qemuArgs":	"C:/Xilinx/Vitis/2020.1/data/emulation/platforms/zynq/qemu/qemu_args.txt",
					"qemuData":	"C:/Xilinx/Vitis/2020.1/data/emulation/platforms/zynq/qemu/",
					"debugEnable":	"False",
					"domRuntimes":	["cpp"],
					"swRepo":	"",
					"mssOsVer":	"7.2",
					"mssFile":	"",
					"md5Digest":	"0103012646b99f26b289ff154d95cad8",
					"compatibleApp":	"",
					"domType":	"mssDomain",
					"arch":	"32-bit",
					"appSettings":	{
						"appCompilerFlags":	"",
						"appLinkerFlags":	""
					},
					"addedLibs":	[],
					"libOptions":	{
						"libsContainingOptions":	[]
					},
					"prebuiltLibs":	{
						"prebuiltIncPath":	[],
						"prebuiltLibPath":	[]
					},
					"isolation":	{
					}
				}]
		}]
}
KEYINFO::2026-02-03.18:14:46::SCWPlatform::updated the xpfm file.
TRACE::2026-02-03.18:14:46::SCWPlatform::Trying to open the hw design at X:/cpre488/Labs/MP-0/vitus/design_1_wrapper/hw/design_1_wrapper.xsa
TRACE::2026-02-03.18:14:46::SCWPlatform::DSA given X:/cpre488/Labs/MP-0/vitus/design_1_wrapper/hw/design_1_wrapper.xsa
TRACE::2026-02-03.18:14:46::SCWPlatform::DSA absoulate path X:/cpre488/Labs/MP-0/vitus/design_1_wrapper/hw/design_1_wrapper.xsa
TRACE::2026-02-03.18:14:46::SCWPlatform::DSA directory X:/cpre488/Labs/MP-0/vitus/design_1_wrapper/hw
TRACE::2026-02-03.18:14:46::SCWPlatform:: Platform Path X:/cpre488/Labs/MP-0/vitus/design_1_wrapper/hw/design_1_wrapper.xsa
TRACE::2026-02-03.18:14:46::SCWPlatform:: Unique name xilinx:zed::0.0
TRACE::2026-02-03.18:14:46::SCWPlatform::Trying to set the existing hwdb with name design_1_wrapper_6
TRACE::2026-02-03.18:14:46::SCWPlatform::Opened existing hwdb design_1_wrapper_6
TRACE::2026-02-03.18:14:46::SCWPlatform::Found the Hw Db part of the input DSA
TRACE::2026-02-03.18:14:46::SCWMssOS::Checking the sw design at  X:/cpre488/Labs/MP-0/vitus/design_1_wrapper/ps7_cortexa9_0/domain_ps7_cortexa9_0/bsp/system.mss
TRACE::2026-02-03.18:14:46::SCWMssOS::DEBUG:  swdes dump  X:/cpre488/Labs/MP-0/vitus/MP0_wrapper/ps7_cortexa9_0/domain_ps7_cortexa9_0/bsp/system.mss|system_0||
X:/cpre488/Labs/MP-0/vitus/MP0_wrapper/zynq_fsbl/zynq_fsbl_bsp/system.mss|system||
X:/cpre488/Labs/MP-0/vitus/design_1_wrapper/ps7_cortexa9_0/domain_ps7_cortexa9_0/bsp/system.mss|system_2||
X:/cpre488/Labs/MP-0/vitus/design_1_wrapper/zynq_fsbl/zynq_fsbl_bsp/system.mss|system_1||

TRACE::2026-02-03.18:14:46::SCWMssOS::Sw design exists and opened at  X:/cpre488/Labs/MP-0/vitus/design_1_wrapper/ps7_cortexa9_0/domain_ps7_cortexa9_0/bsp/system.mss
TRACE::2026-02-03.18:22:16::SCWPlatform::Clearing the existing platform
TRACE::2026-02-03.18:22:16::SCWSystem::Clearing the existing sysconfig
TRACE::2026-02-03.18:22:16::SCWBDomain::clearing the fsbl build
TRACE::2026-02-03.18:22:16::SCWMssOS::Removing the swdes entry for  X:/cpre488/Labs/MP-0/vitus/design_1_wrapper/zynq_fsbl/zynq_fsbl_bsp/system.mss
TRACE::2026-02-03.18:22:16::SCWMssOS::Removing the swdes entry for  X:/cpre488/Labs/MP-0/vitus/design_1_wrapper/ps7_cortexa9_0/domain_ps7_cortexa9_0/bsp/system.mss
TRACE::2026-02-03.18:22:16::SCWSystem::Clearing the domains completed.
TRACE::2026-02-03.18:22:16::SCWPlatform::Clearing the opened hw db.
TRACE::2026-02-03.18:22:16::SCWPlatform::DSA given X:/cpre488/Labs/MP-0/vitus/design_1_wrapper/hw/design_1_wrapper.xsa
TRACE::2026-02-03.18:22:16::SCWPlatform::DSA absoulate path X:/cpre488/Labs/MP-0/vitus/design_1_wrapper/hw/design_1_wrapper.xsa
TRACE::2026-02-03.18:22:16::SCWPlatform:: Platform location is X:/cpre488/Labs/MP-0/vitus/design_1_wrapper/hw
TRACE::2026-02-03.18:22:16::SCWPlatform:: Platform Path X:/cpre488/Labs/MP-0/vitus/design_1_wrapper/hw/design_1_wrapper.xsa
TRACE::2026-02-03.18:22:16::SCWPlatform:: Unique name xilinx:zed::0.0
TRACE::2026-02-03.18:22:16::SCWPlatform::Removing the HwDB with name X:/cpre488/Labs/MP-0/vitus/design_1_wrapper/hw/design_1_wrapper.xsa
TRACE::2026-02-03.18:22:16::SCWPlatform::Trying to open the hw design at X:/cpre488/Labs/MP-0/vitus/design_1_wrapper/hw/design_1_wrapper.xsa
TRACE::2026-02-03.18:22:16::SCWPlatform::DSA given X:/cpre488/Labs/MP-0/vitus/design_1_wrapper/hw/design_1_wrapper.xsa
TRACE::2026-02-03.18:22:16::SCWPlatform::DSA absoulate path X:/cpre488/Labs/MP-0/vitus/design_1_wrapper/hw/design_1_wrapper.xsa
TRACE::2026-02-03.18:22:16::SCWPlatform::DSA directory X:/cpre488/Labs/MP-0/vitus/design_1_wrapper/hw
TRACE::2026-02-03.18:22:16::SCWPlatform:: Platform Path X:/cpre488/Labs/MP-0/vitus/design_1_wrapper/hw/design_1_wrapper.xsa
TRACE::2026-02-03.18:22:16::SCWPlatform:: Unique name xilinx:zed::0.0
TRACE::2026-02-03.18:22:16::SCWPlatform::Do not have an existing db opened. 
TRACE::2026-02-03.18:22:18::SCWPlatform::Opened new HwDB with name design_1_wrapper_8
TRACE::2026-02-03.18:22:18::SCWReader::Active system found as  design_1_wrapper
TRACE::2026-02-03.18:22:18::SCWReader::Handling sysconfig design_1_wrapper
TRACE::2026-02-03.18:22:18::SCWDomain::checking for install qemu data   : 
TRACE::2026-02-03.18:22:18::SCWDomain:: Using the QEMU Data from install at  : C:/Xilinx/Vitis/2020.1/data/emulation/platforms/zynq/qemu/
TRACE::2026-02-03.18:22:18::SCWDomain:: Using the QEMU args  from install at  : C:/Xilinx/Vitis/2020.1/data/emulation/platforms/zynq/qemu/qemu_args.txt
TRACE::2026-02-03.18:22:18::SCWPlatform::Trying to open the hw design at X:/cpre488/Labs/MP-0/vitus/design_1_wrapper/hw/design_1_wrapper.xsa
TRACE::2026-02-03.18:22:18::SCWPlatform::DSA given X:/cpre488/Labs/MP-0/vitus/design_1_wrapper/hw/design_1_wrapper.xsa
TRACE::2026-02-03.18:22:18::SCWPlatform::DSA absoulate path X:/cpre488/Labs/MP-0/vitus/design_1_wrapper/hw/design_1_wrapper.xsa
TRACE::2026-02-03.18:22:18::SCWPlatform::DSA directory X:/cpre488/Labs/MP-0/vitus/design_1_wrapper/hw
TRACE::2026-02-03.18:22:18::SCWPlatform:: Platform Path X:/cpre488/Labs/MP-0/vitus/design_1_wrapper/hw/design_1_wrapper.xsa
TRACE::2026-02-03.18:22:18::SCWPlatform:: Unique name xilinx:zed::0.0
TRACE::2026-02-03.18:22:18::SCWPlatform::Trying to set the existing hwdb with name design_1_wrapper_8
TRACE::2026-02-03.18:22:18::SCWPlatform::Opened existing hwdb design_1_wrapper_8
TRACE::2026-02-03.18:22:18::SCWPlatform::Found the Hw Db part of the input DSA
TRACE::2026-02-03.18:22:18::SCWPlatform::Trying to open the hw design at X:/cpre488/Labs/MP-0/vitus/design_1_wrapper/hw/design_1_wrapper.xsa
TRACE::2026-02-03.18:22:18::SCWPlatform::DSA given X:/cpre488/Labs/MP-0/vitus/design_1_wrapper/hw/design_1_wrapper.xsa
TRACE::2026-02-03.18:22:18::SCWPlatform::DSA absoulate path X:/cpre488/Labs/MP-0/vitus/design_1_wrapper/hw/design_1_wrapper.xsa
TRACE::2026-02-03.18:22:18::SCWPlatform::DSA directory X:/cpre488/Labs/MP-0/vitus/design_1_wrapper/hw
TRACE::2026-02-03.18:22:18::SCWPlatform:: Platform Path X:/cpre488/Labs/MP-0/vitus/design_1_wrapper/hw/design_1_wrapper.xsa
TRACE::2026-02-03.18:22:18::SCWPlatform:: Unique name xilinx:zed::0.0
TRACE::2026-02-03.18:22:18::SCWPlatform::Trying to set the existing hwdb with name design_1_wrapper_8
TRACE::2026-02-03.18:22:18::SCWPlatform::Opened existing hwdb design_1_wrapper_8
TRACE::2026-02-03.18:22:18::SCWPlatform::Found the Hw Db part of the input DSA
TRACE::2026-02-03.18:22:18::SCWPlatform::Trying to open the hw design at X:/cpre488/Labs/MP-0/vitus/design_1_wrapper/hw/design_1_wrapper.xsa
TRACE::2026-02-03.18:22:18::SCWPlatform::DSA given X:/cpre488/Labs/MP-0/vitus/design_1_wrapper/hw/design_1_wrapper.xsa
TRACE::2026-02-03.18:22:18::SCWPlatform::DSA absoulate path X:/cpre488/Labs/MP-0/vitus/design_1_wrapper/hw/design_1_wrapper.xsa
TRACE::2026-02-03.18:22:18::SCWPlatform::DSA directory X:/cpre488/Labs/MP-0/vitus/design_1_wrapper/hw
TRACE::2026-02-03.18:22:18::SCWPlatform:: Platform Path X:/cpre488/Labs/MP-0/vitus/design_1_wrapper/hw/design_1_wrapper.xsa
TRACE::2026-02-03.18:22:18::SCWPlatform:: Unique name xilinx:zed::0.0
TRACE::2026-02-03.18:22:18::SCWPlatform::Trying to set the existing hwdb with name design_1_wrapper_8
TRACE::2026-02-03.18:22:18::SCWPlatform::Opened existing hwdb design_1_wrapper_8
TRACE::2026-02-03.18:22:18::SCWPlatform::Found the Hw Db part of the input DSA
TRACE::2026-02-03.18:22:18::SCWReader::Boot application domain added for zynq_fsbl
TRACE::2026-02-03.18:22:18::SCWPlatform::Trying to open the hw design at X:/cpre488/Labs/MP-0/vitus/design_1_wrapper/hw/design_1_wrapper.xsa
TRACE::2026-02-03.18:22:18::SCWPlatform::DSA given X:/cpre488/Labs/MP-0/vitus/design_1_wrapper/hw/design_1_wrapper.xsa
TRACE::2026-02-03.18:22:18::SCWPlatform::DSA absoulate path X:/cpre488/Labs/MP-0/vitus/design_1_wrapper/hw/design_1_wrapper.xsa
TRACE::2026-02-03.18:22:18::SCWPlatform::DSA directory X:/cpre488/Labs/MP-0/vitus/design_1_wrapper/hw
TRACE::2026-02-03.18:22:18::SCWPlatform:: Platform Path X:/cpre488/Labs/MP-0/vitus/design_1_wrapper/hw/design_1_wrapper.xsa
TRACE::2026-02-03.18:22:18::SCWPlatform:: Unique name xilinx:zed::0.0
TRACE::2026-02-03.18:22:18::SCWPlatform::Trying to set the existing hwdb with name design_1_wrapper_8
TRACE::2026-02-03.18:22:18::SCWPlatform::Opened existing hwdb design_1_wrapper_8
TRACE::2026-02-03.18:22:18::SCWPlatform::Found the Hw Db part of the input DSA
TRACE::2026-02-03.18:22:18::SCWMssOS::Checking the sw design at  X:/cpre488/Labs/MP-0/vitus/design_1_wrapper/zynq_fsbl/zynq_fsbl_bsp/system.mss
TRACE::2026-02-03.18:22:18::SCWMssOS::DEBUG:  swdes dump  X:/cpre488/Labs/MP-0/vitus/MP0_wrapper/ps7_cortexa9_0/domain_ps7_cortexa9_0/bsp/system.mss|system_0||
X:/cpre488/Labs/MP-0/vitus/MP0_wrapper/zynq_fsbl/zynq_fsbl_bsp/system.mss|system||

TRACE::2026-02-03.18:22:18::SCWMssOS::No sw design opened at  X:/cpre488/Labs/MP-0/vitus/design_1_wrapper/zynq_fsbl/zynq_fsbl_bsp/system.mss
TRACE::2026-02-03.18:22:18::SCWMssOS::mss exists loading the mss file  X:/cpre488/Labs/MP-0/vitus/design_1_wrapper/zynq_fsbl/zynq_fsbl_bsp/system.mss
TRACE::2026-02-03.18:22:18::SCWMssOS::Opened the sw design from mss  X:/cpre488/Labs/MP-0/vitus/design_1_wrapper/zynq_fsbl/zynq_fsbl_bsp/system.mss
TRACE::2026-02-03.18:22:18::SCWMssOS::Adding the swdes entry X:/cpre488/Labs/MP-0/vitus/design_1_wrapper/zynq_fsbl/zynq_fsbl_bsp/system.mss with des name system_1
TRACE::2026-02-03.18:22:18::SCWMssOS::updating the scw layer about changes
TRACE::2026-02-03.18:22:18::SCWMssOS::Opened the sw design.  X:/cpre488/Labs/MP-0/vitus/design_1_wrapper/zynq_fsbl/zynq_fsbl_bsp/system.mss
TRACE::2026-02-03.18:22:18::SCWPlatform::Trying to open the hw design at X:/cpre488/Labs/MP-0/vitus/design_1_wrapper/hw/design_1_wrapper.xsa
TRACE::2026-02-03.18:22:18::SCWPlatform::DSA given X:/cpre488/Labs/MP-0/vitus/design_1_wrapper/hw/design_1_wrapper.xsa
TRACE::2026-02-03.18:22:18::SCWPlatform::DSA absoulate path X:/cpre488/Labs/MP-0/vitus/design_1_wrapper/hw/design_1_wrapper.xsa
TRACE::2026-02-03.18:22:18::SCWPlatform::DSA directory X:/cpre488/Labs/MP-0/vitus/design_1_wrapper/hw
TRACE::2026-02-03.18:22:18::SCWPlatform:: Platform Path X:/cpre488/Labs/MP-0/vitus/design_1_wrapper/hw/design_1_wrapper.xsa
TRACE::2026-02-03.18:22:18::SCWPlatform:: Unique name xilinx:zed::0.0
TRACE::2026-02-03.18:22:18::SCWPlatform::Trying to set the existing hwdb with name design_1_wrapper_8
TRACE::2026-02-03.18:22:18::SCWPlatform::Opened existing hwdb design_1_wrapper_8
TRACE::2026-02-03.18:22:18::SCWPlatform::Found the Hw Db part of the input DSA
TRACE::2026-02-03.18:22:18::SCWMssOS::Checking the sw design at  X:/cpre488/Labs/MP-0/vitus/design_1_wrapper/zynq_fsbl/zynq_fsbl_bsp/system.mss
TRACE::2026-02-03.18:22:18::SCWMssOS::DEBUG:  swdes dump  X:/cpre488/Labs/MP-0/vitus/MP0_wrapper/ps7_cortexa9_0/domain_ps7_cortexa9_0/bsp/system.mss|system_0||
X:/cpre488/Labs/MP-0/vitus/MP0_wrapper/zynq_fsbl/zynq_fsbl_bsp/system.mss|system||
X:/cpre488/Labs/MP-0/vitus/design_1_wrapper/zynq_fsbl/zynq_fsbl_bsp/system.mss|system_1||

TRACE::2026-02-03.18:22:18::SCWMssOS::Sw design exists and opened at  X:/cpre488/Labs/MP-0/vitus/design_1_wrapper/zynq_fsbl/zynq_fsbl_bsp/system.mss
TRACE::2026-02-03.18:22:18::SCWMssOS:: library already available in sw design:  xilffs:4.3
TRACE::2026-02-03.18:22:18::SCWPlatform::Trying to open the hw design at X:/cpre488/Labs/MP-0/vitus/design_1_wrapper/hw/design_1_wrapper.xsa
TRACE::2026-02-03.18:22:18::SCWPlatform::DSA given X:/cpre488/Labs/MP-0/vitus/design_1_wrapper/hw/design_1_wrapper.xsa
TRACE::2026-02-03.18:22:18::SCWPlatform::DSA absoulate path X:/cpre488/Labs/MP-0/vitus/design_1_wrapper/hw/design_1_wrapper.xsa
TRACE::2026-02-03.18:22:18::SCWPlatform::DSA directory X:/cpre488/Labs/MP-0/vitus/design_1_wrapper/hw
TRACE::2026-02-03.18:22:18::SCWPlatform:: Platform Path X:/cpre488/Labs/MP-0/vitus/design_1_wrapper/hw/design_1_wrapper.xsa
TRACE::2026-02-03.18:22:18::SCWPlatform:: Unique name xilinx:zed::0.0
TRACE::2026-02-03.18:22:18::SCWPlatform::Trying to set the existing hwdb with name design_1_wrapper_8
TRACE::2026-02-03.18:22:18::SCWPlatform::Opened existing hwdb design_1_wrapper_8
TRACE::2026-02-03.18:22:18::SCWPlatform::Found the Hw Db part of the input DSA
TRACE::2026-02-03.18:22:18::SCWMssOS::Checking the sw design at  X:/cpre488/Labs/MP-0/vitus/design_1_wrapper/zynq_fsbl/zynq_fsbl_bsp/system.mss
TRACE::2026-02-03.18:22:18::SCWMssOS::DEBUG:  swdes dump  X:/cpre488/Labs/MP-0/vitus/MP0_wrapper/ps7_cortexa9_0/domain_ps7_cortexa9_0/bsp/system.mss|system_0||
X:/cpre488/Labs/MP-0/vitus/MP0_wrapper/zynq_fsbl/zynq_fsbl_bsp/system.mss|system||
X:/cpre488/Labs/MP-0/vitus/design_1_wrapper/zynq_fsbl/zynq_fsbl_bsp/system.mss|system_1||

TRACE::2026-02-03.18:22:18::SCWMssOS::Sw design exists and opened at  X:/cpre488/Labs/MP-0/vitus/design_1_wrapper/zynq_fsbl/zynq_fsbl_bsp/system.mss
TRACE::2026-02-03.18:22:18::SCWMssOS:: library already available in sw design:  xilrsa:1.6
TRACE::2026-02-03.18:22:18::SCWMssOS::Saving the mss changes X:/cpre488/Labs/MP-0/vitus/design_1_wrapper/zynq_fsbl/zynq_fsbl_bsp/system.mss
TRACE::2026-02-03.18:22:18::SCWMssOS::Found a swdesign opened with the mssfile.
TRACE::2026-02-03.18:22:18::SCWMssOS::Completed writemss as part of save.
TRACE::2026-02-03.18:22:18::SCWMssOS::Commit changes completed.
TRACE::2026-02-03.18:22:18::SCWReader::Adding prebuilt librarypaths as   
TRACE::2026-02-03.18:22:18::SCWReader::Adding prebuilt incpaths  as   
TRACE::2026-02-03.18:22:18::SCWPlatform::Trying to open the hw design at X:/cpre488/Labs/MP-0/vitus/design_1_wrapper/hw/design_1_wrapper.xsa
TRACE::2026-02-03.18:22:18::SCWPlatform::DSA given X:/cpre488/Labs/MP-0/vitus/design_1_wrapper/hw/design_1_wrapper.xsa
TRACE::2026-02-03.18:22:18::SCWPlatform::DSA absoulate path X:/cpre488/Labs/MP-0/vitus/design_1_wrapper/hw/design_1_wrapper.xsa
TRACE::2026-02-03.18:22:18::SCWPlatform::DSA directory X:/cpre488/Labs/MP-0/vitus/design_1_wrapper/hw
TRACE::2026-02-03.18:22:18::SCWPlatform:: Platform Path X:/cpre488/Labs/MP-0/vitus/design_1_wrapper/hw/design_1_wrapper.xsa
TRACE::2026-02-03.18:22:18::SCWPlatform:: Unique name xilinx:zed::0.0
TRACE::2026-02-03.18:22:18::SCWPlatform::Trying to set the existing hwdb with name design_1_wrapper_8
TRACE::2026-02-03.18:22:18::SCWPlatform::Opened existing hwdb design_1_wrapper_8
TRACE::2026-02-03.18:22:18::SCWPlatform::Found the Hw Db part of the input DSA
TRACE::2026-02-03.18:22:18::SCWMssOS::Checking the sw design at  X:/cpre488/Labs/MP-0/vitus/design_1_wrapper/zynq_fsbl/zynq_fsbl_bsp/system.mss
TRACE::2026-02-03.18:22:18::SCWMssOS::DEBUG:  swdes dump  X:/cpre488/Labs/MP-0/vitus/MP0_wrapper/ps7_cortexa9_0/domain_ps7_cortexa9_0/bsp/system.mss|system_0||
X:/cpre488/Labs/MP-0/vitus/MP0_wrapper/zynq_fsbl/zynq_fsbl_bsp/system.mss|system||
X:/cpre488/Labs/MP-0/vitus/design_1_wrapper/zynq_fsbl/zynq_fsbl_bsp/system.mss|system_1||

TRACE::2026-02-03.18:22:18::SCWMssOS::Sw design exists and opened at  X:/cpre488/Labs/MP-0/vitus/design_1_wrapper/zynq_fsbl/zynq_fsbl_bsp/system.mss
TRACE::2026-02-03.18:22:18::SCWReader::No isolation master present  
TRACE::2026-02-03.18:22:18::SCWDomain::checking for install qemu data   : 
TRACE::2026-02-03.18:22:18::SCWDomain:: Using the QEMU Data from install at  : C:/Xilinx/Vitis/2020.1/data/emulation/platforms/zynq/qemu/
TRACE::2026-02-03.18:22:18::SCWDomain:: Using the QEMU args  from install at  : C:/Xilinx/Vitis/2020.1/data/emulation/platforms/zynq/qemu/qemu_args.txt
TRACE::2026-02-03.18:22:18::SCWPlatform::Trying to open the hw design at X:/cpre488/Labs/MP-0/vitus/design_1_wrapper/hw/design_1_wrapper.xsa
TRACE::2026-02-03.18:22:18::SCWPlatform::DSA given X:/cpre488/Labs/MP-0/vitus/design_1_wrapper/hw/design_1_wrapper.xsa
TRACE::2026-02-03.18:22:18::SCWPlatform::DSA absoulate path X:/cpre488/Labs/MP-0/vitus/design_1_wrapper/hw/design_1_wrapper.xsa
TRACE::2026-02-03.18:22:18::SCWPlatform::DSA directory X:/cpre488/Labs/MP-0/vitus/design_1_wrapper/hw
TRACE::2026-02-03.18:22:18::SCWPlatform:: Platform Path X:/cpre488/Labs/MP-0/vitus/design_1_wrapper/hw/design_1_wrapper.xsa
TRACE::2026-02-03.18:22:18::SCWPlatform:: Unique name xilinx:zed::0.0
TRACE::2026-02-03.18:22:18::SCWPlatform::Trying to set the existing hwdb with name design_1_wrapper_8
TRACE::2026-02-03.18:22:18::SCWPlatform::Opened existing hwdb design_1_wrapper_8
TRACE::2026-02-03.18:22:18::SCWPlatform::Found the Hw Db part of the input DSA
TRACE::2026-02-03.18:22:18::SCWPlatform::Trying to open the hw design at X:/cpre488/Labs/MP-0/vitus/design_1_wrapper/hw/design_1_wrapper.xsa
TRACE::2026-02-03.18:22:18::SCWPlatform::DSA given X:/cpre488/Labs/MP-0/vitus/design_1_wrapper/hw/design_1_wrapper.xsa
TRACE::2026-02-03.18:22:18::SCWPlatform::DSA absoulate path X:/cpre488/Labs/MP-0/vitus/design_1_wrapper/hw/design_1_wrapper.xsa
TRACE::2026-02-03.18:22:18::SCWPlatform::DSA directory X:/cpre488/Labs/MP-0/vitus/design_1_wrapper/hw
TRACE::2026-02-03.18:22:18::SCWPlatform:: Platform Path X:/cpre488/Labs/MP-0/vitus/design_1_wrapper/hw/design_1_wrapper.xsa
TRACE::2026-02-03.18:22:18::SCWPlatform:: Unique name xilinx:zed::0.0
TRACE::2026-02-03.18:22:18::SCWPlatform::Trying to set the existing hwdb with name design_1_wrapper_8
TRACE::2026-02-03.18:22:18::SCWPlatform::Opened existing hwdb design_1_wrapper_8
TRACE::2026-02-03.18:22:18::SCWPlatform::Found the Hw Db part of the input DSA
TRACE::2026-02-03.18:22:18::SCWPlatform::Trying to open the hw design at X:/cpre488/Labs/MP-0/vitus/design_1_wrapper/hw/design_1_wrapper.xsa
TRACE::2026-02-03.18:22:18::SCWPlatform::DSA given X:/cpre488/Labs/MP-0/vitus/design_1_wrapper/hw/design_1_wrapper.xsa
TRACE::2026-02-03.18:22:18::SCWPlatform::DSA absoulate path X:/cpre488/Labs/MP-0/vitus/design_1_wrapper/hw/design_1_wrapper.xsa
TRACE::2026-02-03.18:22:18::SCWPlatform::DSA directory X:/cpre488/Labs/MP-0/vitus/design_1_wrapper/hw
TRACE::2026-02-03.18:22:18::SCWPlatform:: Platform Path X:/cpre488/Labs/MP-0/vitus/design_1_wrapper/hw/design_1_wrapper.xsa
TRACE::2026-02-03.18:22:18::SCWPlatform:: Unique name xilinx:zed::0.0
TRACE::2026-02-03.18:22:18::SCWPlatform::Trying to set the existing hwdb with name design_1_wrapper_8
TRACE::2026-02-03.18:22:18::SCWPlatform::Opened existing hwdb design_1_wrapper_8
TRACE::2026-02-03.18:22:18::SCWPlatform::Found the Hw Db part of the input DSA
TRACE::2026-02-03.18:22:18::SCWMssOS::Checking the sw design at  X:/cpre488/Labs/MP-0/vitus/design_1_wrapper/ps7_cortexa9_0/domain_ps7_cortexa9_0/bsp/system.mss
TRACE::2026-02-03.18:22:18::SCWMssOS::DEBUG:  swdes dump  X:/cpre488/Labs/MP-0/vitus/MP0_wrapper/ps7_cortexa9_0/domain_ps7_cortexa9_0/bsp/system.mss|system_0||
X:/cpre488/Labs/MP-0/vitus/MP0_wrapper/zynq_fsbl/zynq_fsbl_bsp/system.mss|system||
X:/cpre488/Labs/MP-0/vitus/design_1_wrapper/zynq_fsbl/zynq_fsbl_bsp/system.mss|system_1||

TRACE::2026-02-03.18:22:18::SCWMssOS::No sw design opened at  X:/cpre488/Labs/MP-0/vitus/design_1_wrapper/ps7_cortexa9_0/domain_ps7_cortexa9_0/bsp/system.mss
TRACE::2026-02-03.18:22:18::SCWMssOS::mss exists loading the mss file  X:/cpre488/Labs/MP-0/vitus/design_1_wrapper/ps7_cortexa9_0/domain_ps7_cortexa9_0/bsp/system.mss
TRACE::2026-02-03.18:22:18::SCWMssOS::Opened the sw design from mss  X:/cpre488/Labs/MP-0/vitus/design_1_wrapper/ps7_cortexa9_0/domain_ps7_cortexa9_0/bsp/system.mss
TRACE::2026-02-03.18:22:18::SCWMssOS::Adding the swdes entry X:/cpre488/Labs/MP-0/vitus/design_1_wrapper/ps7_cortexa9_0/domain_ps7_cortexa9_0/bsp/system.mss with des name system_2
TRACE::2026-02-03.18:22:18::SCWMssOS::updating the scw layer about changes
TRACE::2026-02-03.18:22:18::SCWMssOS::Opened the sw design.  X:/cpre488/Labs/MP-0/vitus/design_1_wrapper/ps7_cortexa9_0/domain_ps7_cortexa9_0/bsp/system.mss
TRACE::2026-02-03.18:22:18::SCWMssOS::Saving the mss changes X:/cpre488/Labs/MP-0/vitus/design_1_wrapper/ps7_cortexa9_0/domain_ps7_cortexa9_0/bsp/system.mss
TRACE::2026-02-03.18:22:18::SCWMssOS::Found a swdesign opened with the mssfile.
TRACE::2026-02-03.18:22:18::SCWMssOS::Completed writemss as part of save.
TRACE::2026-02-03.18:22:18::SCWMssOS::Commit changes completed.
TRACE::2026-02-03.18:22:18::SCWReader::Adding prebuilt librarypaths as   
TRACE::2026-02-03.18:22:18::SCWReader::Adding prebuilt incpaths  as   
TRACE::2026-02-03.18:22:18::SCWPlatform::Trying to open the hw design at X:/cpre488/Labs/MP-0/vitus/design_1_wrapper/hw/design_1_wrapper.xsa
TRACE::2026-02-03.18:22:18::SCWPlatform::DSA given X:/cpre488/Labs/MP-0/vitus/design_1_wrapper/hw/design_1_wrapper.xsa
TRACE::2026-02-03.18:22:18::SCWPlatform::DSA absoulate path X:/cpre488/Labs/MP-0/vitus/design_1_wrapper/hw/design_1_wrapper.xsa
TRACE::2026-02-03.18:22:18::SCWPlatform::DSA directory X:/cpre488/Labs/MP-0/vitus/design_1_wrapper/hw
TRACE::2026-02-03.18:22:18::SCWPlatform:: Platform Path X:/cpre488/Labs/MP-0/vitus/design_1_wrapper/hw/design_1_wrapper.xsa
TRACE::2026-02-03.18:22:18::SCWPlatform:: Unique name xilinx:zed::0.0
TRACE::2026-02-03.18:22:18::SCWPlatform::Trying to set the existing hwdb with name design_1_wrapper_8
TRACE::2026-02-03.18:22:18::SCWPlatform::Opened existing hwdb design_1_wrapper_8
TRACE::2026-02-03.18:22:18::SCWPlatform::Found the Hw Db part of the input DSA
TRACE::2026-02-03.18:22:18::SCWMssOS::Checking the sw design at  X:/cpre488/Labs/MP-0/vitus/design_1_wrapper/ps7_cortexa9_0/domain_ps7_cortexa9_0/bsp/system.mss
TRACE::2026-02-03.18:22:18::SCWMssOS::DEBUG:  swdes dump  X:/cpre488/Labs/MP-0/vitus/MP0_wrapper/ps7_cortexa9_0/domain_ps7_cortexa9_0/bsp/system.mss|system_0||
X:/cpre488/Labs/MP-0/vitus/MP0_wrapper/zynq_fsbl/zynq_fsbl_bsp/system.mss|system||
X:/cpre488/Labs/MP-0/vitus/design_1_wrapper/ps7_cortexa9_0/domain_ps7_cortexa9_0/bsp/system.mss|system_2||
X:/cpre488/Labs/MP-0/vitus/design_1_wrapper/zynq_fsbl/zynq_fsbl_bsp/system.mss|system_1||

TRACE::2026-02-03.18:22:18::SCWMssOS::Sw design exists and opened at  X:/cpre488/Labs/MP-0/vitus/design_1_wrapper/ps7_cortexa9_0/domain_ps7_cortexa9_0/bsp/system.mss
TRACE::2026-02-03.18:22:18::SCWReader::No isolation master present  
TRACE::2026-02-03.18:22:21::SCWPlatform::Trying to open the hw design at X:/cpre488/Labs/MP-0/vitus/design_1_wrapper/hw/design_1_wrapper.xsa
TRACE::2026-02-03.18:22:21::SCWPlatform::DSA given X:/cpre488/Labs/MP-0/vitus/design_1_wrapper/hw/design_1_wrapper.xsa
TRACE::2026-02-03.18:22:21::SCWPlatform::DSA absoulate path X:/cpre488/Labs/MP-0/vitus/design_1_wrapper/hw/design_1_wrapper.xsa
TRACE::2026-02-03.18:22:21::SCWPlatform::DSA directory X:/cpre488/Labs/MP-0/vitus/design_1_wrapper/hw
TRACE::2026-02-03.18:22:21::SCWPlatform:: Platform Path X:/cpre488/Labs/MP-0/vitus/design_1_wrapper/hw/design_1_wrapper.xsa
TRACE::2026-02-03.18:22:21::SCWPlatform:: Unique name xilinx:zed::0.0
TRACE::2026-02-03.18:22:21::SCWPlatform::Trying to set the existing hwdb with name design_1_wrapper_8
TRACE::2026-02-03.18:22:21::SCWPlatform::Opened existing hwdb design_1_wrapper_8
TRACE::2026-02-03.18:22:21::SCWPlatform::Found the Hw Db part of the input DSA
TRACE::2026-02-03.18:22:21::SCWPlatform::DSA given X:/cpre488/Labs/MP-0/vitus/design_1_wrapper/tempdsa/design_1_wrapper.xsa
TRACE::2026-02-03.18:22:21::SCWPlatform::DSA absoulate path X:/cpre488/Labs/MP-0/vitus/design_1_wrapper/tempdsa/design_1_wrapper.xsa
TRACE::2026-02-03.18:22:21::SCWPlatform:: Platform location is X:/cpre488/Labs/MP-0/vitus/design_1_wrapper/tempdsa
TRACE::2026-02-03.18:22:21::SCWPlatform:: Platform Path X:/cpre488/Labs/MP-0/vitus/design_1_wrapper/tempdsa/design_1_wrapper.xsa
TRACE::2026-02-03.18:22:21::SCWPlatform:: Unique name xilinx:zed::0.0
TRACE::2026-02-03.18:22:23::SCWPlatform::Found the Hw Db part of the input DSA
TRACE::2026-02-03.18:22:23::SCWMssOS::Doing hw sync for the mss in domain: zynq_fsbl
TRACE::2026-02-03.18:22:23::SCWPlatform::Trying to open the hw design at X:/cpre488/Labs/MP-0/vitus/design_1_wrapper/hw/design_1_wrapper.xsa
TRACE::2026-02-03.18:22:23::SCWPlatform::DSA given X:/cpre488/Labs/MP-0/vitus/design_1_wrapper/hw/design_1_wrapper.xsa
TRACE::2026-02-03.18:22:23::SCWPlatform::DSA absoulate path X:/cpre488/Labs/MP-0/vitus/design_1_wrapper/hw/design_1_wrapper.xsa
TRACE::2026-02-03.18:22:23::SCWPlatform::DSA directory X:/cpre488/Labs/MP-0/vitus/design_1_wrapper/hw
TRACE::2026-02-03.18:22:23::SCWPlatform:: Platform Path X:/cpre488/Labs/MP-0/vitus/design_1_wrapper/hw/design_1_wrapper.xsa
TRACE::2026-02-03.18:22:23::SCWPlatform:: Unique name xilinx:zed::0.0
TRACE::2026-02-03.18:22:23::SCWPlatform::Trying to set the existing hwdb with name design_1_wrapper_8
TRACE::2026-02-03.18:22:23::SCWPlatform::Opened existing hwdb design_1_wrapper_8
TRACE::2026-02-03.18:22:23::SCWPlatform::Found the Hw Db part of the input DSA
TRACE::2026-02-03.18:22:23::SCWPlatform::Trying to open the hw design at X:/cpre488/Labs/MP-0/vitus/design_1_wrapper/hw/design_1_wrapper.xsa
TRACE::2026-02-03.18:22:23::SCWPlatform::DSA given X:/cpre488/Labs/MP-0/vitus/design_1_wrapper/hw/design_1_wrapper.xsa
TRACE::2026-02-03.18:22:23::SCWPlatform::DSA absoulate path X:/cpre488/Labs/MP-0/vitus/design_1_wrapper/hw/design_1_wrapper.xsa
TRACE::2026-02-03.18:22:23::SCWPlatform::DSA directory X:/cpre488/Labs/MP-0/vitus/design_1_wrapper/hw
TRACE::2026-02-03.18:22:23::SCWPlatform:: Platform Path X:/cpre488/Labs/MP-0/vitus/design_1_wrapper/hw/design_1_wrapper.xsa
TRACE::2026-02-03.18:22:23::SCWPlatform:: Unique name xilinx:zed::0.0
TRACE::2026-02-03.18:22:23::SCWPlatform::Trying to set the existing hwdb with name design_1_wrapper_8
TRACE::2026-02-03.18:22:23::SCWPlatform::Opened existing hwdb design_1_wrapper_8
TRACE::2026-02-03.18:22:23::SCWPlatform::Found the Hw Db part of the input DSA
TRACE::2026-02-03.18:22:23::SCWMssOS::Checking the sw design at  X:/cpre488/Labs/MP-0/vitus/design_1_wrapper/zynq_fsbl/zynq_fsbl_bsp/system.mss
TRACE::2026-02-03.18:22:23::SCWMssOS::DEBUG:  swdes dump  X:/cpre488/Labs/MP-0/vitus/MP0_wrapper/ps7_cortexa9_0/domain_ps7_cortexa9_0/bsp/system.mss|system_0||
X:/cpre488/Labs/MP-0/vitus/MP0_wrapper/zynq_fsbl/zynq_fsbl_bsp/system.mss|system||
X:/cpre488/Labs/MP-0/vitus/design_1_wrapper/ps7_cortexa9_0/domain_ps7_cortexa9_0/bsp/system.mss|system_2||
X:/cpre488/Labs/MP-0/vitus/design_1_wrapper/zynq_fsbl/zynq_fsbl_bsp/system.mss|system_1||

TRACE::2026-02-03.18:22:23::SCWMssOS::Sw design exists and opened at  X:/cpre488/Labs/MP-0/vitus/design_1_wrapper/zynq_fsbl/zynq_fsbl_bsp/system.mss
TRACE::2026-02-03.18:22:23::SCWPlatform::Trying to open the hw design at X:/cpre488/Labs/MP-0/vitus/design_1_wrapper/tempdsa/design_1_wrapper.xsa
TRACE::2026-02-03.18:22:23::SCWPlatform::DSA given X:/cpre488/Labs/MP-0/vitus/design_1_wrapper/tempdsa/design_1_wrapper.xsa
TRACE::2026-02-03.18:22:23::SCWPlatform::DSA absoulate path X:/cpre488/Labs/MP-0/vitus/design_1_wrapper/tempdsa/design_1_wrapper.xsa
TRACE::2026-02-03.18:22:23::SCWPlatform::DSA directory X:/cpre488/Labs/MP-0/vitus/design_1_wrapper/tempdsa
TRACE::2026-02-03.18:22:23::SCWPlatform:: Platform Path X:/cpre488/Labs/MP-0/vitus/design_1_wrapper/tempdsa/design_1_wrapper.xsa
TRACE::2026-02-03.18:22:23::SCWPlatform:: Unique name xilinx:zed::0.0
TRACE::2026-02-03.18:22:23::SCWPlatform::update - Opened existing hwdb design_1_wrapper_9
TRACE::2026-02-03.18:22:23::SCWPlatform::Found the Hw Db part of the input DSA
TRACE::2026-02-03.18:22:23::SCWMssOS::Doing hw sync for the mss in domain: domain_ps7_cortexa9_0
TRACE::2026-02-03.18:22:23::SCWPlatform::Trying to open the hw design at X:/cpre488/Labs/MP-0/vitus/design_1_wrapper/hw/design_1_wrapper.xsa
TRACE::2026-02-03.18:22:23::SCWPlatform::DSA given X:/cpre488/Labs/MP-0/vitus/design_1_wrapper/hw/design_1_wrapper.xsa
TRACE::2026-02-03.18:22:23::SCWPlatform::DSA absoulate path X:/cpre488/Labs/MP-0/vitus/design_1_wrapper/hw/design_1_wrapper.xsa
TRACE::2026-02-03.18:22:23::SCWPlatform::DSA directory X:/cpre488/Labs/MP-0/vitus/design_1_wrapper/hw
TRACE::2026-02-03.18:22:23::SCWPlatform:: Platform Path X:/cpre488/Labs/MP-0/vitus/design_1_wrapper/hw/design_1_wrapper.xsa
TRACE::2026-02-03.18:22:23::SCWPlatform:: Unique name xilinx:zed::0.0
TRACE::2026-02-03.18:22:23::SCWPlatform::Trying to set the existing hwdb with name design_1_wrapper_8
TRACE::2026-02-03.18:22:23::SCWPlatform::Opened existing hwdb design_1_wrapper_8
TRACE::2026-02-03.18:22:23::SCWPlatform::Found the Hw Db part of the input DSA
TRACE::2026-02-03.18:22:23::SCWPlatform::Trying to open the hw design at X:/cpre488/Labs/MP-0/vitus/design_1_wrapper/hw/design_1_wrapper.xsa
TRACE::2026-02-03.18:22:23::SCWPlatform::DSA given X:/cpre488/Labs/MP-0/vitus/design_1_wrapper/hw/design_1_wrapper.xsa
TRACE::2026-02-03.18:22:23::SCWPlatform::DSA absoulate path X:/cpre488/Labs/MP-0/vitus/design_1_wrapper/hw/design_1_wrapper.xsa
TRACE::2026-02-03.18:22:23::SCWPlatform::DSA directory X:/cpre488/Labs/MP-0/vitus/design_1_wrapper/hw
TRACE::2026-02-03.18:22:23::SCWPlatform:: Platform Path X:/cpre488/Labs/MP-0/vitus/design_1_wrapper/hw/design_1_wrapper.xsa
TRACE::2026-02-03.18:22:23::SCWPlatform:: Unique name xilinx:zed::0.0
TRACE::2026-02-03.18:22:23::SCWPlatform::Trying to set the existing hwdb with name design_1_wrapper_8
TRACE::2026-02-03.18:22:23::SCWPlatform::Opened existing hwdb design_1_wrapper_8
TRACE::2026-02-03.18:22:23::SCWPlatform::Found the Hw Db part of the input DSA
TRACE::2026-02-03.18:22:23::SCWMssOS::Checking the sw design at  X:/cpre488/Labs/MP-0/vitus/design_1_wrapper/ps7_cortexa9_0/domain_ps7_cortexa9_0/bsp/system.mss
TRACE::2026-02-03.18:22:23::SCWMssOS::DEBUG:  swdes dump  X:/cpre488/Labs/MP-0/vitus/MP0_wrapper/ps7_cortexa9_0/domain_ps7_cortexa9_0/bsp/system.mss|system_0||
X:/cpre488/Labs/MP-0/vitus/MP0_wrapper/zynq_fsbl/zynq_fsbl_bsp/system.mss|system||
X:/cpre488/Labs/MP-0/vitus/design_1_wrapper/ps7_cortexa9_0/domain_ps7_cortexa9_0/bsp/system.mss|system_2||
X:/cpre488/Labs/MP-0/vitus/design_1_wrapper/zynq_fsbl/zynq_fsbl_bsp/system.mss|system_1||

TRACE::2026-02-03.18:22:23::SCWMssOS::Sw design exists and opened at  X:/cpre488/Labs/MP-0/vitus/design_1_wrapper/ps7_cortexa9_0/domain_ps7_cortexa9_0/bsp/system.mss
TRACE::2026-02-03.18:22:23::SCWPlatform::Trying to open the hw design at X:/cpre488/Labs/MP-0/vitus/design_1_wrapper/tempdsa/design_1_wrapper.xsa
TRACE::2026-02-03.18:22:23::SCWPlatform::DSA given X:/cpre488/Labs/MP-0/vitus/design_1_wrapper/tempdsa/design_1_wrapper.xsa
TRACE::2026-02-03.18:22:23::SCWPlatform::DSA absoulate path X:/cpre488/Labs/MP-0/vitus/design_1_wrapper/tempdsa/design_1_wrapper.xsa
TRACE::2026-02-03.18:22:23::SCWPlatform::DSA directory X:/cpre488/Labs/MP-0/vitus/design_1_wrapper/tempdsa
TRACE::2026-02-03.18:22:23::SCWPlatform:: Platform Path X:/cpre488/Labs/MP-0/vitus/design_1_wrapper/tempdsa/design_1_wrapper.xsa
TRACE::2026-02-03.18:22:23::SCWPlatform:: Unique name xilinx:zed::0.0
TRACE::2026-02-03.18:22:23::SCWPlatform::update - Opened existing hwdb design_1_wrapper_9
TRACE::2026-02-03.18:22:23::SCWPlatform::Found the Hw Db part of the input DSA
TRACE::2026-02-03.18:22:23::SCWMssOS::Saving the mss changes X:/cpre488/Labs/MP-0/vitus/design_1_wrapper/zynq_fsbl/zynq_fsbl_bsp/system.mss
TRACE::2026-02-03.18:22:23::SCWMssOS::Found a swdesign opened with the mssfile.
TRACE::2026-02-03.18:22:23::SCWMssOS::Completed writemss as part of save.
TRACE::2026-02-03.18:22:23::SCWMssOS::Commit changes completed.
TRACE::2026-02-03.18:22:23::SCWMssOS::Completed hw sync for the mss in domain: zynq_fsbl
TRACE::2026-02-03.18:22:23::SCWMssOS::Removing the swdes entry for  X:/cpre488/Labs/MP-0/vitus/design_1_wrapper/zynq_fsbl/zynq_fsbl_bsp/system.mss
TRACE::2026-02-03.18:22:23::SCWMssOS::Saving the mss changes X:/cpre488/Labs/MP-0/vitus/design_1_wrapper/ps7_cortexa9_0/domain_ps7_cortexa9_0/bsp/system.mss
TRACE::2026-02-03.18:22:23::SCWMssOS::Found a swdesign opened with the mssfile.
TRACE::2026-02-03.18:22:23::SCWMssOS::Completed writemss as part of save.
TRACE::2026-02-03.18:22:23::SCWMssOS::Commit changes completed.
TRACE::2026-02-03.18:22:23::SCWMssOS::Completed hw sync for the mss in domain: domain_ps7_cortexa9_0
TRACE::2026-02-03.18:22:23::SCWMssOS::Removing the swdes entry for  X:/cpre488/Labs/MP-0/vitus/design_1_wrapper/ps7_cortexa9_0/domain_ps7_cortexa9_0/bsp/system.mss
TRACE::2026-02-03.18:22:23::SCWPlatform::Trying to open the hw design at X:/cpre488/Labs/MP-0/vitus/design_1_wrapper/hw/design_1_wrapper.xsa
TRACE::2026-02-03.18:22:23::SCWPlatform::DSA given X:/cpre488/Labs/MP-0/vitus/design_1_wrapper/hw/design_1_wrapper.xsa
TRACE::2026-02-03.18:22:23::SCWPlatform::DSA absoulate path X:/cpre488/Labs/MP-0/vitus/design_1_wrapper/hw/design_1_wrapper.xsa
TRACE::2026-02-03.18:22:23::SCWPlatform::DSA directory X:/cpre488/Labs/MP-0/vitus/design_1_wrapper/hw
TRACE::2026-02-03.18:22:23::SCWPlatform:: Platform Path X:/cpre488/Labs/MP-0/vitus/design_1_wrapper/hw/design_1_wrapper.xsa
TRACE::2026-02-03.18:22:23::SCWPlatform:: Unique name xilinx:zed::0.0
TRACE::2026-02-03.18:22:23::SCWPlatform::Do not have an existing db opened. 
TRACE::2026-02-03.18:22:25::SCWPlatform::Opened new HwDB with name design_1_wrapper_10
TRACE::2026-02-03.18:22:25::SCWPlatform::Trying to open the hw design at X:/cpre488/Labs/MP-0/vitus/design_1_wrapper/hw/design_1_wrapper.xsa
TRACE::2026-02-03.18:22:25::SCWPlatform::DSA given X:/cpre488/Labs/MP-0/vitus/design_1_wrapper/hw/design_1_wrapper.xsa
TRACE::2026-02-03.18:22:25::SCWPlatform::DSA absoulate path X:/cpre488/Labs/MP-0/vitus/design_1_wrapper/hw/design_1_wrapper.xsa
TRACE::2026-02-03.18:22:25::SCWPlatform::DSA directory X:/cpre488/Labs/MP-0/vitus/design_1_wrapper/hw
TRACE::2026-02-03.18:22:25::SCWPlatform:: Platform Path X:/cpre488/Labs/MP-0/vitus/design_1_wrapper/hw/design_1_wrapper.xsa
TRACE::2026-02-03.18:22:25::SCWPlatform:: Unique name xilinx:zed::0.0
TRACE::2026-02-03.18:22:25::SCWPlatform::Trying to set the existing hwdb with name design_1_wrapper_10
TRACE::2026-02-03.18:22:25::SCWPlatform::Opened existing hwdb design_1_wrapper_10
TRACE::2026-02-03.18:22:25::SCWPlatform::Found the Hw Db part of the input DSA
TRACE::2026-02-03.18:22:25::SCWMssOS::Checking the sw design at  X:/cpre488/Labs/MP-0/vitus/design_1_wrapper/zynq_fsbl/zynq_fsbl_bsp/system.mss
TRACE::2026-02-03.18:22:25::SCWMssOS::DEBUG:  swdes dump  X:/cpre488/Labs/MP-0/vitus/MP0_wrapper/ps7_cortexa9_0/domain_ps7_cortexa9_0/bsp/system.mss|system_0||
X:/cpre488/Labs/MP-0/vitus/MP0_wrapper/zynq_fsbl/zynq_fsbl_bsp/system.mss|system||

TRACE::2026-02-03.18:22:25::SCWMssOS::No sw design opened at  X:/cpre488/Labs/MP-0/vitus/design_1_wrapper/zynq_fsbl/zynq_fsbl_bsp/system.mss
TRACE::2026-02-03.18:22:25::SCWMssOS::mss exists loading the mss file  X:/cpre488/Labs/MP-0/vitus/design_1_wrapper/zynq_fsbl/zynq_fsbl_bsp/system.mss
TRACE::2026-02-03.18:22:25::SCWMssOS::Opened the sw design from mss  X:/cpre488/Labs/MP-0/vitus/design_1_wrapper/zynq_fsbl/zynq_fsbl_bsp/system.mss
TRACE::2026-02-03.18:22:25::SCWMssOS::Adding the swdes entry X:/cpre488/Labs/MP-0/vitus/design_1_wrapper/zynq_fsbl/zynq_fsbl_bsp/system.mss with des name system_1
TRACE::2026-02-03.18:22:25::SCWMssOS::updating the scw layer about changes
TRACE::2026-02-03.18:22:25::SCWMssOS::Opened the sw design.  X:/cpre488/Labs/MP-0/vitus/design_1_wrapper/zynq_fsbl/zynq_fsbl_bsp/system.mss
TRACE::2026-02-03.18:22:25::SCWMssOS::Saving the mss changes X:/cpre488/Labs/MP-0/vitus/design_1_wrapper/zynq_fsbl/zynq_fsbl_bsp/system.mss
TRACE::2026-02-03.18:22:25::SCWMssOS::Found a swdesign opened with the mssfile.
TRACE::2026-02-03.18:22:25::SCWMssOS::Completed writemss as part of save.
TRACE::2026-02-03.18:22:25::SCWMssOS::Commit changes completed.
TRACE::2026-02-03.18:22:25::SCWMssOS::Saving the mss changes X:/cpre488/Labs/MP-0/vitus/design_1_wrapper/ps7_cortexa9_0/domain_ps7_cortexa9_0/bsp/system.mss
TRACE::2026-02-03.18:22:25::SCWMssOS::Adding the swdes entry, mss present, able to open swdb X:/cpre488/Labs/MP-0/vitus/design_1_wrapper/ps7_cortexa9_0/domain_ps7_cortexa9_0/bsp/system.mss with des name system_2
TRACE::2026-02-03.18:22:25::SCWMssOS::Writing the mss file completed X:/cpre488/Labs/MP-0/vitus/design_1_wrapper/ps7_cortexa9_0/domain_ps7_cortexa9_0/bsp/system.mss
TRACE::2026-02-03.18:22:25::SCWMssOS::Commit changes completed.
TRACE::2026-02-03.18:22:25::SCWPlatform::Trying to open the hw design at X:/cpre488/Labs/MP-0/vitus/design_1_wrapper/hw/design_1_wrapper.xsa
TRACE::2026-02-03.18:22:25::SCWPlatform::DSA given X:/cpre488/Labs/MP-0/vitus/design_1_wrapper/hw/design_1_wrapper.xsa
TRACE::2026-02-03.18:22:25::SCWPlatform::DSA absoulate path X:/cpre488/Labs/MP-0/vitus/design_1_wrapper/hw/design_1_wrapper.xsa
TRACE::2026-02-03.18:22:25::SCWPlatform::DSA directory X:/cpre488/Labs/MP-0/vitus/design_1_wrapper/hw
TRACE::2026-02-03.18:22:25::SCWPlatform:: Platform Path X:/cpre488/Labs/MP-0/vitus/design_1_wrapper/hw/design_1_wrapper.xsa
TRACE::2026-02-03.18:22:25::SCWPlatform:: Unique name xilinx:zed::0.0
TRACE::2026-02-03.18:22:25::SCWPlatform::Trying to set the existing hwdb with name design_1_wrapper_10
TRACE::2026-02-03.18:22:25::SCWPlatform::Opened existing hwdb design_1_wrapper_10
TRACE::2026-02-03.18:22:25::SCWPlatform::Found the Hw Db part of the input DSA
TRACE::2026-02-03.18:22:25::SCWMssOS::Checking the sw design at  X:/cpre488/Labs/MP-0/vitus/design_1_wrapper/zynq_fsbl/zynq_fsbl_bsp/system.mss
TRACE::2026-02-03.18:22:25::SCWMssOS::DEBUG:  swdes dump  X:/cpre488/Labs/MP-0/vitus/MP0_wrapper/ps7_cortexa9_0/domain_ps7_cortexa9_0/bsp/system.mss|system_0||
X:/cpre488/Labs/MP-0/vitus/MP0_wrapper/zynq_fsbl/zynq_fsbl_bsp/system.mss|system||
X:/cpre488/Labs/MP-0/vitus/design_1_wrapper/ps7_cortexa9_0/domain_ps7_cortexa9_0/bsp/system.mss|system_2||
X:/cpre488/Labs/MP-0/vitus/design_1_wrapper/zynq_fsbl/zynq_fsbl_bsp/system.mss|system_1||

TRACE::2026-02-03.18:22:25::SCWMssOS::Sw design exists and opened at  X:/cpre488/Labs/MP-0/vitus/design_1_wrapper/zynq_fsbl/zynq_fsbl_bsp/system.mss
TRACE::2026-02-03.18:22:25::SCWPlatform::Trying to open the hw design at X:/cpre488/Labs/MP-0/vitus/design_1_wrapper/hw/design_1_wrapper.xsa
TRACE::2026-02-03.18:22:25::SCWPlatform::DSA given X:/cpre488/Labs/MP-0/vitus/design_1_wrapper/hw/design_1_wrapper.xsa
TRACE::2026-02-03.18:22:25::SCWPlatform::DSA absoulate path X:/cpre488/Labs/MP-0/vitus/design_1_wrapper/hw/design_1_wrapper.xsa
TRACE::2026-02-03.18:22:25::SCWPlatform::DSA directory X:/cpre488/Labs/MP-0/vitus/design_1_wrapper/hw
TRACE::2026-02-03.18:22:25::SCWPlatform:: Platform Path X:/cpre488/Labs/MP-0/vitus/design_1_wrapper/hw/design_1_wrapper.xsa
TRACE::2026-02-03.18:22:25::SCWPlatform:: Unique name xilinx:zed::0.0
TRACE::2026-02-03.18:22:25::SCWPlatform::Trying to set the existing hwdb with name design_1_wrapper_10
TRACE::2026-02-03.18:22:25::SCWPlatform::Opened existing hwdb design_1_wrapper_10
TRACE::2026-02-03.18:22:25::SCWPlatform::Found the Hw Db part of the input DSA
TRACE::2026-02-03.18:22:25::SCWMssOS::Checking the sw design at  X:/cpre488/Labs/MP-0/vitus/design_1_wrapper/ps7_cortexa9_0/domain_ps7_cortexa9_0/bsp/system.mss
TRACE::2026-02-03.18:22:25::SCWMssOS::DEBUG:  swdes dump  X:/cpre488/Labs/MP-0/vitus/MP0_wrapper/ps7_cortexa9_0/domain_ps7_cortexa9_0/bsp/system.mss|system_0||
X:/cpre488/Labs/MP-0/vitus/MP0_wrapper/zynq_fsbl/zynq_fsbl_bsp/system.mss|system||
X:/cpre488/Labs/MP-0/vitus/design_1_wrapper/ps7_cortexa9_0/domain_ps7_cortexa9_0/bsp/system.mss|system_2||
X:/cpre488/Labs/MP-0/vitus/design_1_wrapper/zynq_fsbl/zynq_fsbl_bsp/system.mss|system_1||

TRACE::2026-02-03.18:22:25::SCWMssOS::Sw design exists and opened at  X:/cpre488/Labs/MP-0/vitus/design_1_wrapper/ps7_cortexa9_0/domain_ps7_cortexa9_0/bsp/system.mss
TRACE::2026-02-03.18:22:25::SCWWriter::formatted JSON is {
	"platformName":	"design_1_wrapper",
	"sprVersion":	"2.0",
	"mode":	"gui",
	"dsaType":	"Fixed",
	"platformDesc":	"design_1_wrapper",
	"platHandOff":	"X:/cpre488/Labs/MP-0/MP0_round2/design_1_wrapper.xsa",
	"platIntHandOff":	"<platformDir>/hw/design_1_wrapper.xsa",
	"deviceType":	"zynq",
	"platIsPrebuiltAutogen":	"false",
	"platIsNoBootBsp":	"false",
	"hasFsblMakeHasChanges":	"false",
	"hasPmufwMakeHasChanges":	"false",
	"fsblExtraCompilerFlags":	"-MMD -MP       -mcpu=cortex-a9 -mfpu=vfpv3 -mfloat-abi=hard ",
	"platPreBuiltFlag":	false,
	"platformSamplesDir":	"",
	"platActiveSys":	"design_1_wrapper",
	"systems":	[{
			"systemName":	"design_1_wrapper",
			"systemDesc":	"design_1_wrapper",
			"sysIsBootAutoGen":	"true",
			"systemDispName":	"design_1_wrapper",
			"sysActiveDom":	"domain_ps7_cortexa9_0",
			"sysDefaultDom":	"domain_ps7_cortexa9_0",
			"domains":	[{
					"domainName":	"zynq_fsbl",
					"domainDispName":	"zynq_fsbl",
					"domainDesc":	"FSBL Application BSP - Auto Generated.",
					"processors":	"ps7_cortexa9_0",
					"os":	"standalone",
					"sdxOs":	"standalone",
					"debugEnable":	"",
					"domRuntimes":	["cpp"],
					"swRepo":	"",
					"mssOsVer":	"7.2",
					"mssFile":	"",
					"md5Digest":	"d2d420d87bcfafaa761d1aba64f21ae8",
					"compatibleApp":	"zynq_fsbl",
					"domType":	"bootDomain",
					"arch":	"32-bit",
					"appSettings":	{
						"appCompilerFlags":	"",
						"appLinkerFlags":	""
					},
					"addedLibs":	["xilffs:4.3", "xilrsa:1.6"],
					"libOptions":	{
						"libsContainingOptions":	[]
					},
					"prebuiltLibs":	{
						"prebuiltIncPath":	[],
						"prebuiltLibPath":	[]
					},
					"isolation":	{
					}
				}, {
					"domainName":	"domain_ps7_cortexa9_0",
					"domainDispName":	"domain_ps7_cortexa9_0",
					"domainDesc":	"domain_ps7_cortexa9_0",
					"processors":	"ps7_cortexa9_0",
					"os":	"standalone",
					"sdxOs":	"standalone",
					"qemuArgs":	"C:/Xilinx/Vitis/2020.1/data/emulation/platforms/zynq/qemu/qemu_args.txt",
					"qemuData":	"C:/Xilinx/Vitis/2020.1/data/emulation/platforms/zynq/qemu/",
					"debugEnable":	"False",
					"domRuntimes":	["cpp"],
					"swRepo":	"",
					"mssOsVer":	"7.2",
					"mssFile":	"",
					"md5Digest":	"0103012646b99f26b289ff154d95cad8",
					"compatibleApp":	"",
					"domType":	"mssDomain",
					"arch":	"32-bit",
					"appSettings":	{
						"appCompilerFlags":	"",
						"appLinkerFlags":	""
					},
					"addedLibs":	[],
					"libOptions":	{
						"libsContainingOptions":	[]
					},
					"prebuiltLibs":	{
						"prebuiltIncPath":	[],
						"prebuiltLibPath":	[]
					},
					"isolation":	{
					}
				}]
		}]
}
LOG::2026-02-03.18:22:39::SCWPlatform::Started generating the artifacts platform design_1_wrapper
TRACE::2026-02-03.18:22:39::SCWPlatform::Sanity checking of platform is completed
LOG::2026-02-03.18:22:39::SCWPlatform::Started generating the artifacts for system configuration design_1_wrapper
LOG::2026-02-03.18:22:39::SCWSystem::Checking the domain zynq_fsbl
LOG::2026-02-03.18:22:39::SCWSystem::Doing application build for :  zynq_fsbl
TRACE::2026-02-03.18:22:39::SCWBDomain::Not a forced makefile updation, No changes are present. 
TRACE::2026-02-03.18:22:39::SCWDomain::Skipping the build for domain :  zynq_fsbl
LOG::2026-02-03.18:22:39::SCWSystem::Checking the domain domain_ps7_cortexa9_0
LOG::2026-02-03.18:22:39::SCWSystem::Not a boot domain 
LOG::2026-02-03.18:22:39::SCWSystem::Started Processing the domain domain_ps7_cortexa9_0
TRACE::2026-02-03.18:22:39::SCWDomain::Generating domain artifcats
TRACE::2026-02-03.18:22:39::SCWMssOS::Generating standalone artifcats
TRACE::2026-02-03.18:22:39::SCWMssOS::Copying the qemu file from  C:/Xilinx/Vitis/2020.1/data/emulation/platforms/zynq/qemu/qemu_args.txt To X:/cpre488/Labs/MP-0/vitus/design_1_wrapper/export/design_1_wrapper/sw/design_1_wrapper/qemu/
TRACE::2026-02-03.18:22:39::SCWMssOS::Copying the qemu file from  C:/Xilinx/Vitis/2020.1/data/emulation/platforms/zynq/qemu/qemu_args.txt To X:/cpre488/Labs/MP-0/vitus/design_1_wrapper/export/design_1_wrapper/sw/design_1_wrapper/domain_ps7_cortexa9_0/qemu/
TRACE::2026-02-03.18:22:39::SCWMssOS:: Copying the user libraries. 
TRACE::2026-02-03.18:22:39::SCWPlatform::Trying to open the hw design at X:/cpre488/Labs/MP-0/vitus/design_1_wrapper/hw/design_1_wrapper.xsa
TRACE::2026-02-03.18:22:39::SCWPlatform::DSA given X:/cpre488/Labs/MP-0/vitus/design_1_wrapper/hw/design_1_wrapper.xsa
TRACE::2026-02-03.18:22:39::SCWPlatform::DSA absoulate path X:/cpre488/Labs/MP-0/vitus/design_1_wrapper/hw/design_1_wrapper.xsa
TRACE::2026-02-03.18:22:39::SCWPlatform::DSA directory X:/cpre488/Labs/MP-0/vitus/design_1_wrapper/hw
TRACE::2026-02-03.18:22:39::SCWPlatform:: Platform Path X:/cpre488/Labs/MP-0/vitus/design_1_wrapper/hw/design_1_wrapper.xsa
TRACE::2026-02-03.18:22:39::SCWPlatform:: Unique name xilinx:zed::0.0
TRACE::2026-02-03.18:22:39::SCWPlatform::Trying to set the existing hwdb with name design_1_wrapper_10
TRACE::2026-02-03.18:22:39::SCWPlatform::Opened existing hwdb design_1_wrapper_10
TRACE::2026-02-03.18:22:39::SCWPlatform::Found the Hw Db part of the input DSA
TRACE::2026-02-03.18:22:39::SCWMssOS::Checking the sw design at  X:/cpre488/Labs/MP-0/vitus/design_1_wrapper/ps7_cortexa9_0/domain_ps7_cortexa9_0/bsp/system.mss
TRACE::2026-02-03.18:22:39::SCWMssOS::DEBUG:  swdes dump  X:/cpre488/Labs/MP-0/vitus/MP0_wrapper/ps7_cortexa9_0/domain_ps7_cortexa9_0/bsp/system.mss|system_0||
X:/cpre488/Labs/MP-0/vitus/MP0_wrapper/zynq_fsbl/zynq_fsbl_bsp/system.mss|system||
X:/cpre488/Labs/MP-0/vitus/design_1_wrapper/ps7_cortexa9_0/domain_ps7_cortexa9_0/bsp/system.mss|system_2||
X:/cpre488/Labs/MP-0/vitus/design_1_wrapper/zynq_fsbl/zynq_fsbl_bsp/system.mss|system_1||

TRACE::2026-02-03.18:22:39::SCWMssOS::Sw design exists and opened at  X:/cpre488/Labs/MP-0/vitus/design_1_wrapper/ps7_cortexa9_0/domain_ps7_cortexa9_0/bsp/system.mss
TRACE::2026-02-03.18:22:39::SCWMssOS::Completed writing the mss file at X:/cpre488/Labs/MP-0/vitus/design_1_wrapper/ps7_cortexa9_0/domain_ps7_cortexa9_0/bsp
TRACE::2026-02-03.18:22:39::SCWMssOS::Mss edits present, copying mssfile into export location X:/cpre488/Labs/MP-0/vitus/design_1_wrapper/ps7_cortexa9_0/domain_ps7_cortexa9_0/bsp/system.mss
TRACE::2026-02-03.18:22:39::SCWMssOS::bsp generated is upto date with the mss file. Skipping bsp generation.
TRACE::2026-02-03.18:22:39::SCWMssOS::BSP is already built. skipping the bsp build ... 
TRACE::2026-02-03.18:22:39::SCWDomain::Skipping the build for domain :  domain_ps7_cortexa9_0
TRACE::2026-02-03.18:22:39::SCWMssOS::skipping the bsp build ... 
TRACE::2026-02-03.18:22:39::SCWMssOS::Copying to export directory.
TRACE::2026-02-03.18:22:40::SCWMssOS:: Checking if to create the Supporting Applications
TRACE::2026-02-03.18:22:40::SCWMssOS:: No Linux domain exists, trying to generate FSBL 
LOG::2026-02-03.18:22:40::SCWSystem::Completed Processing the domain domain_ps7_cortexa9_0
LOG::2026-02-03.18:22:40::SCWSystem::Completed Processing the sysconfig design_1_wrapper
LOG::2026-02-03.18:22:40::SCWPlatform::Completed generating the artifacts for system configuration design_1_wrapper
TRACE::2026-02-03.18:22:40::SCWPlatform::Started preparing the platform 
TRACE::2026-02-03.18:22:40::SCWSystem::Writing the bif file for system config design_1_wrapper
TRACE::2026-02-03.18:22:40::SCWSystem::dir created 
TRACE::2026-02-03.18:22:40::SCWSystem::Writing the bif 
TRACE::2026-02-03.18:22:40::SCWPlatform::Started writing the spfm file 
TRACE::2026-02-03.18:22:40::SCWPlatform::Started writing the xpfm file 
TRACE::2026-02-03.18:22:40::SCWPlatform::Completed generating the platform
TRACE::2026-02-03.18:22:40::SCWMssOS::Saving the mss changes X:/cpre488/Labs/MP-0/vitus/design_1_wrapper/zynq_fsbl/zynq_fsbl_bsp/system.mss
TRACE::2026-02-03.18:22:40::SCWMssOS::Found a swdesign opened with the mssfile.
TRACE::2026-02-03.18:22:40::SCWMssOS::Completed writemss as part of save.
TRACE::2026-02-03.18:22:40::SCWMssOS::Commit changes completed.
TRACE::2026-02-03.18:22:40::SCWMssOS::Saving the mss changes X:/cpre488/Labs/MP-0/vitus/design_1_wrapper/ps7_cortexa9_0/domain_ps7_cortexa9_0/bsp/system.mss
TRACE::2026-02-03.18:22:40::SCWMssOS::Found a swdesign opened with the mssfile.
TRACE::2026-02-03.18:22:40::SCWMssOS::Completed writemss as part of save.
TRACE::2026-02-03.18:22:40::SCWMssOS::Commit changes completed.
TRACE::2026-02-03.18:22:40::SCWPlatform::Trying to open the hw design at X:/cpre488/Labs/MP-0/vitus/design_1_wrapper/hw/design_1_wrapper.xsa
TRACE::2026-02-03.18:22:40::SCWPlatform::DSA given X:/cpre488/Labs/MP-0/vitus/design_1_wrapper/hw/design_1_wrapper.xsa
TRACE::2026-02-03.18:22:40::SCWPlatform::DSA absoulate path X:/cpre488/Labs/MP-0/vitus/design_1_wrapper/hw/design_1_wrapper.xsa
TRACE::2026-02-03.18:22:40::SCWPlatform::DSA directory X:/cpre488/Labs/MP-0/vitus/design_1_wrapper/hw
TRACE::2026-02-03.18:22:40::SCWPlatform:: Platform Path X:/cpre488/Labs/MP-0/vitus/design_1_wrapper/hw/design_1_wrapper.xsa
TRACE::2026-02-03.18:22:40::SCWPlatform:: Unique name xilinx:zed::0.0
TRACE::2026-02-03.18:22:40::SCWPlatform::Trying to set the existing hwdb with name design_1_wrapper_10
TRACE::2026-02-03.18:22:40::SCWPlatform::Opened existing hwdb design_1_wrapper_10
TRACE::2026-02-03.18:22:40::SCWPlatform::Found the Hw Db part of the input DSA
TRACE::2026-02-03.18:22:40::SCWMssOS::Checking the sw design at  X:/cpre488/Labs/MP-0/vitus/design_1_wrapper/zynq_fsbl/zynq_fsbl_bsp/system.mss
TRACE::2026-02-03.18:22:40::SCWMssOS::DEBUG:  swdes dump  X:/cpre488/Labs/MP-0/vitus/MP0_wrapper/ps7_cortexa9_0/domain_ps7_cortexa9_0/bsp/system.mss|system_0||
X:/cpre488/Labs/MP-0/vitus/MP0_wrapper/zynq_fsbl/zynq_fsbl_bsp/system.mss|system||
X:/cpre488/Labs/MP-0/vitus/design_1_wrapper/ps7_cortexa9_0/domain_ps7_cortexa9_0/bsp/system.mss|system_2||
X:/cpre488/Labs/MP-0/vitus/design_1_wrapper/zynq_fsbl/zynq_fsbl_bsp/system.mss|system_1||

TRACE::2026-02-03.18:22:40::SCWMssOS::Sw design exists and opened at  X:/cpre488/Labs/MP-0/vitus/design_1_wrapper/zynq_fsbl/zynq_fsbl_bsp/system.mss
TRACE::2026-02-03.18:22:40::SCWPlatform::Trying to open the hw design at X:/cpre488/Labs/MP-0/vitus/design_1_wrapper/hw/design_1_wrapper.xsa
TRACE::2026-02-03.18:22:40::SCWPlatform::DSA given X:/cpre488/Labs/MP-0/vitus/design_1_wrapper/hw/design_1_wrapper.xsa
TRACE::2026-02-03.18:22:40::SCWPlatform::DSA absoulate path X:/cpre488/Labs/MP-0/vitus/design_1_wrapper/hw/design_1_wrapper.xsa
TRACE::2026-02-03.18:22:40::SCWPlatform::DSA directory X:/cpre488/Labs/MP-0/vitus/design_1_wrapper/hw
TRACE::2026-02-03.18:22:40::SCWPlatform:: Platform Path X:/cpre488/Labs/MP-0/vitus/design_1_wrapper/hw/design_1_wrapper.xsa
TRACE::2026-02-03.18:22:40::SCWPlatform:: Unique name xilinx:zed::0.0
TRACE::2026-02-03.18:22:40::SCWPlatform::Trying to set the existing hwdb with name design_1_wrapper_10
TRACE::2026-02-03.18:22:40::SCWPlatform::Opened existing hwdb design_1_wrapper_10
TRACE::2026-02-03.18:22:40::SCWPlatform::Found the Hw Db part of the input DSA
TRACE::2026-02-03.18:22:40::SCWMssOS::Checking the sw design at  X:/cpre488/Labs/MP-0/vitus/design_1_wrapper/ps7_cortexa9_0/domain_ps7_cortexa9_0/bsp/system.mss
TRACE::2026-02-03.18:22:40::SCWMssOS::DEBUG:  swdes dump  X:/cpre488/Labs/MP-0/vitus/MP0_wrapper/ps7_cortexa9_0/domain_ps7_cortexa9_0/bsp/system.mss|system_0||
X:/cpre488/Labs/MP-0/vitus/MP0_wrapper/zynq_fsbl/zynq_fsbl_bsp/system.mss|system||
X:/cpre488/Labs/MP-0/vitus/design_1_wrapper/ps7_cortexa9_0/domain_ps7_cortexa9_0/bsp/system.mss|system_2||
X:/cpre488/Labs/MP-0/vitus/design_1_wrapper/zynq_fsbl/zynq_fsbl_bsp/system.mss|system_1||

TRACE::2026-02-03.18:22:40::SCWMssOS::Sw design exists and opened at  X:/cpre488/Labs/MP-0/vitus/design_1_wrapper/ps7_cortexa9_0/domain_ps7_cortexa9_0/bsp/system.mss
TRACE::2026-02-03.18:22:40::SCWWriter::formatted JSON is {
	"platformName":	"design_1_wrapper",
	"sprVersion":	"2.0",
	"mode":	"gui",
	"dsaType":	"Fixed",
	"platformDesc":	"design_1_wrapper",
	"platHandOff":	"X:/cpre488/Labs/MP-0/MP0_round2/design_1_wrapper.xsa",
	"platIntHandOff":	"<platformDir>/hw/design_1_wrapper.xsa",
	"deviceType":	"zynq",
	"platIsPrebuiltAutogen":	"false",
	"platIsNoBootBsp":	"false",
	"hasFsblMakeHasChanges":	"false",
	"hasPmufwMakeHasChanges":	"false",
	"fsblExtraCompilerFlags":	"-MMD -MP       -mcpu=cortex-a9 -mfpu=vfpv3 -mfloat-abi=hard ",
	"platPreBuiltFlag":	false,
	"platformSamplesDir":	"",
	"platActiveSys":	"design_1_wrapper",
	"systems":	[{
			"systemName":	"design_1_wrapper",
			"systemDesc":	"design_1_wrapper",
			"sysIsBootAutoGen":	"true",
			"systemDispName":	"design_1_wrapper",
			"sysActiveDom":	"domain_ps7_cortexa9_0",
			"sysDefaultDom":	"domain_ps7_cortexa9_0",
			"domains":	[{
					"domainName":	"zynq_fsbl",
					"domainDispName":	"zynq_fsbl",
					"domainDesc":	"FSBL Application BSP - Auto Generated.",
					"processors":	"ps7_cortexa9_0",
					"os":	"standalone",
					"sdxOs":	"standalone",
					"debugEnable":	"",
					"domRuntimes":	["cpp"],
					"swRepo":	"",
					"mssOsVer":	"7.2",
					"mssFile":	"",
					"md5Digest":	"d2d420d87bcfafaa761d1aba64f21ae8",
					"compatibleApp":	"zynq_fsbl",
					"domType":	"bootDomain",
					"arch":	"32-bit",
					"appSettings":	{
						"appCompilerFlags":	"",
						"appLinkerFlags":	""
					},
					"addedLibs":	["xilffs:4.3", "xilrsa:1.6"],
					"libOptions":	{
						"libsContainingOptions":	[]
					},
					"prebuiltLibs":	{
						"prebuiltIncPath":	[],
						"prebuiltLibPath":	[]
					},
					"isolation":	{
					}
				}, {
					"domainName":	"domain_ps7_cortexa9_0",
					"domainDispName":	"domain_ps7_cortexa9_0",
					"domainDesc":	"domain_ps7_cortexa9_0",
					"processors":	"ps7_cortexa9_0",
					"os":	"standalone",
					"sdxOs":	"standalone",
					"qemuArgs":	"C:/Xilinx/Vitis/2020.1/data/emulation/platforms/zynq/qemu/qemu_args.txt",
					"qemuData":	"C:/Xilinx/Vitis/2020.1/data/emulation/platforms/zynq/qemu/",
					"debugEnable":	"False",
					"domRuntimes":	["cpp"],
					"swRepo":	"",
					"mssOsVer":	"7.2",
					"mssFile":	"",
					"md5Digest":	"0103012646b99f26b289ff154d95cad8",
					"compatibleApp":	"",
					"domType":	"mssDomain",
					"arch":	"32-bit",
					"appSettings":	{
						"appCompilerFlags":	"",
						"appLinkerFlags":	""
					},
					"addedLibs":	[],
					"libOptions":	{
						"libsContainingOptions":	[]
					},
					"prebuiltLibs":	{
						"prebuiltIncPath":	[],
						"prebuiltLibPath":	[]
					},
					"isolation":	{
					}
				}]
		}]
}
KEYINFO::2026-02-03.18:22:40::SCWPlatform::updated the xpfm file.
TRACE::2026-02-03.18:22:40::SCWPlatform::Trying to open the hw design at X:/cpre488/Labs/MP-0/vitus/design_1_wrapper/hw/design_1_wrapper.xsa
TRACE::2026-02-03.18:22:40::SCWPlatform::DSA given X:/cpre488/Labs/MP-0/vitus/design_1_wrapper/hw/design_1_wrapper.xsa
TRACE::2026-02-03.18:22:40::SCWPlatform::DSA absoulate path X:/cpre488/Labs/MP-0/vitus/design_1_wrapper/hw/design_1_wrapper.xsa
TRACE::2026-02-03.18:22:40::SCWPlatform::DSA directory X:/cpre488/Labs/MP-0/vitus/design_1_wrapper/hw
TRACE::2026-02-03.18:22:40::SCWPlatform:: Platform Path X:/cpre488/Labs/MP-0/vitus/design_1_wrapper/hw/design_1_wrapper.xsa
TRACE::2026-02-03.18:22:40::SCWPlatform:: Unique name xilinx:zed::0.0
TRACE::2026-02-03.18:22:40::SCWPlatform::Trying to set the existing hwdb with name design_1_wrapper_10
TRACE::2026-02-03.18:22:40::SCWPlatform::Opened existing hwdb design_1_wrapper_10
TRACE::2026-02-03.18:22:40::SCWPlatform::Found the Hw Db part of the input DSA
TRACE::2026-02-03.18:22:40::SCWMssOS::Checking the sw design at  X:/cpre488/Labs/MP-0/vitus/design_1_wrapper/ps7_cortexa9_0/domain_ps7_cortexa9_0/bsp/system.mss
TRACE::2026-02-03.18:22:40::SCWMssOS::DEBUG:  swdes dump  X:/cpre488/Labs/MP-0/vitus/MP0_wrapper/ps7_cortexa9_0/domain_ps7_cortexa9_0/bsp/system.mss|system_0||
X:/cpre488/Labs/MP-0/vitus/MP0_wrapper/zynq_fsbl/zynq_fsbl_bsp/system.mss|system||
X:/cpre488/Labs/MP-0/vitus/design_1_wrapper/ps7_cortexa9_0/domain_ps7_cortexa9_0/bsp/system.mss|system_2||
X:/cpre488/Labs/MP-0/vitus/design_1_wrapper/zynq_fsbl/zynq_fsbl_bsp/system.mss|system_1||

TRACE::2026-02-03.18:22:40::SCWMssOS::Sw design exists and opened at  X:/cpre488/Labs/MP-0/vitus/design_1_wrapper/ps7_cortexa9_0/domain_ps7_cortexa9_0/bsp/system.mss
TRACE::2026-02-03.18:29:49::SCWPlatform::Clearing the existing platform
TRACE::2026-02-03.18:29:49::SCWSystem::Clearing the existing sysconfig
TRACE::2026-02-03.18:29:49::SCWBDomain::clearing the fsbl build
TRACE::2026-02-03.18:29:49::SCWMssOS::Removing the swdes entry for  X:/cpre488/Labs/MP-0/vitus/design_1_wrapper/zynq_fsbl/zynq_fsbl_bsp/system.mss
TRACE::2026-02-03.18:29:49::SCWMssOS::Removing the swdes entry for  X:/cpre488/Labs/MP-0/vitus/design_1_wrapper/ps7_cortexa9_0/domain_ps7_cortexa9_0/bsp/system.mss
TRACE::2026-02-03.18:29:49::SCWSystem::Clearing the domains completed.
TRACE::2026-02-03.18:29:49::SCWPlatform::Clearing the opened hw db.
TRACE::2026-02-03.18:29:49::SCWPlatform::DSA given X:/cpre488/Labs/MP-0/vitus/design_1_wrapper/hw/design_1_wrapper.xsa
TRACE::2026-02-03.18:29:49::SCWPlatform::DSA absoulate path X:/cpre488/Labs/MP-0/vitus/design_1_wrapper/hw/design_1_wrapper.xsa
TRACE::2026-02-03.18:29:49::SCWPlatform:: Platform location is X:/cpre488/Labs/MP-0/vitus/design_1_wrapper/hw
TRACE::2026-02-03.18:29:49::SCWPlatform:: Platform Path X:/cpre488/Labs/MP-0/vitus/design_1_wrapper/hw/design_1_wrapper.xsa
TRACE::2026-02-03.18:29:49::SCWPlatform:: Unique name xilinx:zed::0.0
TRACE::2026-02-03.18:29:49::SCWPlatform::Removing the HwDB with name X:/cpre488/Labs/MP-0/vitus/design_1_wrapper/hw/design_1_wrapper.xsa
TRACE::2026-02-03.18:29:49::SCWPlatform::Trying to open the hw design at X:/cpre488/Labs/MP-0/vitus/design_1_wrapper/hw/design_1_wrapper.xsa
TRACE::2026-02-03.18:29:49::SCWPlatform::DSA given X:/cpre488/Labs/MP-0/vitus/design_1_wrapper/hw/design_1_wrapper.xsa
TRACE::2026-02-03.18:29:49::SCWPlatform::DSA absoulate path X:/cpre488/Labs/MP-0/vitus/design_1_wrapper/hw/design_1_wrapper.xsa
TRACE::2026-02-03.18:29:49::SCWPlatform::DSA directory X:/cpre488/Labs/MP-0/vitus/design_1_wrapper/hw
TRACE::2026-02-03.18:29:49::SCWPlatform:: Platform Path X:/cpre488/Labs/MP-0/vitus/design_1_wrapper/hw/design_1_wrapper.xsa
TRACE::2026-02-03.18:29:49::SCWPlatform:: Unique name xilinx:zed::0.0
TRACE::2026-02-03.18:29:49::SCWPlatform::Do not have an existing db opened. 
TRACE::2026-02-03.18:29:51::SCWPlatform::Opened new HwDB with name design_1_wrapper_12
TRACE::2026-02-03.18:29:51::SCWReader::Active system found as  design_1_wrapper
TRACE::2026-02-03.18:29:51::SCWReader::Handling sysconfig design_1_wrapper
TRACE::2026-02-03.18:29:51::SCWDomain::checking for install qemu data   : 
TRACE::2026-02-03.18:29:51::SCWDomain:: Using the QEMU Data from install at  : C:/Xilinx/Vitis/2020.1/data/emulation/platforms/zynq/qemu/
TRACE::2026-02-03.18:29:51::SCWDomain:: Using the QEMU args  from install at  : C:/Xilinx/Vitis/2020.1/data/emulation/platforms/zynq/qemu/qemu_args.txt
TRACE::2026-02-03.18:29:51::SCWPlatform::Trying to open the hw design at X:/cpre488/Labs/MP-0/vitus/design_1_wrapper/hw/design_1_wrapper.xsa
TRACE::2026-02-03.18:29:51::SCWPlatform::DSA given X:/cpre488/Labs/MP-0/vitus/design_1_wrapper/hw/design_1_wrapper.xsa
TRACE::2026-02-03.18:29:51::SCWPlatform::DSA absoulate path X:/cpre488/Labs/MP-0/vitus/design_1_wrapper/hw/design_1_wrapper.xsa
TRACE::2026-02-03.18:29:51::SCWPlatform::DSA directory X:/cpre488/Labs/MP-0/vitus/design_1_wrapper/hw
TRACE::2026-02-03.18:29:51::SCWPlatform:: Platform Path X:/cpre488/Labs/MP-0/vitus/design_1_wrapper/hw/design_1_wrapper.xsa
TRACE::2026-02-03.18:29:51::SCWPlatform:: Unique name xilinx:zed::0.0
TRACE::2026-02-03.18:29:51::SCWPlatform::Trying to set the existing hwdb with name design_1_wrapper_12
TRACE::2026-02-03.18:29:51::SCWPlatform::Opened existing hwdb design_1_wrapper_12
TRACE::2026-02-03.18:29:51::SCWPlatform::Found the Hw Db part of the input DSA
TRACE::2026-02-03.18:29:51::SCWPlatform::Trying to open the hw design at X:/cpre488/Labs/MP-0/vitus/design_1_wrapper/hw/design_1_wrapper.xsa
TRACE::2026-02-03.18:29:51::SCWPlatform::DSA given X:/cpre488/Labs/MP-0/vitus/design_1_wrapper/hw/design_1_wrapper.xsa
TRACE::2026-02-03.18:29:51::SCWPlatform::DSA absoulate path X:/cpre488/Labs/MP-0/vitus/design_1_wrapper/hw/design_1_wrapper.xsa
TRACE::2026-02-03.18:29:51::SCWPlatform::DSA directory X:/cpre488/Labs/MP-0/vitus/design_1_wrapper/hw
TRACE::2026-02-03.18:29:51::SCWPlatform:: Platform Path X:/cpre488/Labs/MP-0/vitus/design_1_wrapper/hw/design_1_wrapper.xsa
TRACE::2026-02-03.18:29:51::SCWPlatform:: Unique name xilinx:zed::0.0
TRACE::2026-02-03.18:29:51::SCWPlatform::Trying to set the existing hwdb with name design_1_wrapper_12
TRACE::2026-02-03.18:29:51::SCWPlatform::Opened existing hwdb design_1_wrapper_12
TRACE::2026-02-03.18:29:51::SCWPlatform::Found the Hw Db part of the input DSA
TRACE::2026-02-03.18:29:51::SCWPlatform::Trying to open the hw design at X:/cpre488/Labs/MP-0/vitus/design_1_wrapper/hw/design_1_wrapper.xsa
TRACE::2026-02-03.18:29:51::SCWPlatform::DSA given X:/cpre488/Labs/MP-0/vitus/design_1_wrapper/hw/design_1_wrapper.xsa
TRACE::2026-02-03.18:29:51::SCWPlatform::DSA absoulate path X:/cpre488/Labs/MP-0/vitus/design_1_wrapper/hw/design_1_wrapper.xsa
TRACE::2026-02-03.18:29:51::SCWPlatform::DSA directory X:/cpre488/Labs/MP-0/vitus/design_1_wrapper/hw
TRACE::2026-02-03.18:29:51::SCWPlatform:: Platform Path X:/cpre488/Labs/MP-0/vitus/design_1_wrapper/hw/design_1_wrapper.xsa
TRACE::2026-02-03.18:29:51::SCWPlatform:: Unique name xilinx:zed::0.0
TRACE::2026-02-03.18:29:51::SCWPlatform::Trying to set the existing hwdb with name design_1_wrapper_12
TRACE::2026-02-03.18:29:51::SCWPlatform::Opened existing hwdb design_1_wrapper_12
TRACE::2026-02-03.18:29:51::SCWPlatform::Found the Hw Db part of the input DSA
TRACE::2026-02-03.18:29:51::SCWReader::Boot application domain added for zynq_fsbl
TRACE::2026-02-03.18:29:51::SCWPlatform::Trying to open the hw design at X:/cpre488/Labs/MP-0/vitus/design_1_wrapper/hw/design_1_wrapper.xsa
TRACE::2026-02-03.18:29:51::SCWPlatform::DSA given X:/cpre488/Labs/MP-0/vitus/design_1_wrapper/hw/design_1_wrapper.xsa
TRACE::2026-02-03.18:29:51::SCWPlatform::DSA absoulate path X:/cpre488/Labs/MP-0/vitus/design_1_wrapper/hw/design_1_wrapper.xsa
TRACE::2026-02-03.18:29:51::SCWPlatform::DSA directory X:/cpre488/Labs/MP-0/vitus/design_1_wrapper/hw
TRACE::2026-02-03.18:29:51::SCWPlatform:: Platform Path X:/cpre488/Labs/MP-0/vitus/design_1_wrapper/hw/design_1_wrapper.xsa
TRACE::2026-02-03.18:29:51::SCWPlatform:: Unique name xilinx:zed::0.0
TRACE::2026-02-03.18:29:51::SCWPlatform::Trying to set the existing hwdb with name design_1_wrapper_12
TRACE::2026-02-03.18:29:51::SCWPlatform::Opened existing hwdb design_1_wrapper_12
TRACE::2026-02-03.18:29:51::SCWPlatform::Found the Hw Db part of the input DSA
TRACE::2026-02-03.18:29:51::SCWMssOS::Checking the sw design at  X:/cpre488/Labs/MP-0/vitus/design_1_wrapper/zynq_fsbl/zynq_fsbl_bsp/system.mss
TRACE::2026-02-03.18:29:51::SCWMssOS::DEBUG:  swdes dump  X:/cpre488/Labs/MP-0/vitus/MP0_wrapper/ps7_cortexa9_0/domain_ps7_cortexa9_0/bsp/system.mss|system_0||
X:/cpre488/Labs/MP-0/vitus/MP0_wrapper/zynq_fsbl/zynq_fsbl_bsp/system.mss|system||

TRACE::2026-02-03.18:29:51::SCWMssOS::No sw design opened at  X:/cpre488/Labs/MP-0/vitus/design_1_wrapper/zynq_fsbl/zynq_fsbl_bsp/system.mss
TRACE::2026-02-03.18:29:51::SCWMssOS::mss exists loading the mss file  X:/cpre488/Labs/MP-0/vitus/design_1_wrapper/zynq_fsbl/zynq_fsbl_bsp/system.mss
TRACE::2026-02-03.18:29:51::SCWMssOS::Opened the sw design from mss  X:/cpre488/Labs/MP-0/vitus/design_1_wrapper/zynq_fsbl/zynq_fsbl_bsp/system.mss
TRACE::2026-02-03.18:29:51::SCWMssOS::Adding the swdes entry X:/cpre488/Labs/MP-0/vitus/design_1_wrapper/zynq_fsbl/zynq_fsbl_bsp/system.mss with des name system_1
TRACE::2026-02-03.18:29:51::SCWMssOS::updating the scw layer about changes
TRACE::2026-02-03.18:29:51::SCWMssOS::Opened the sw design.  X:/cpre488/Labs/MP-0/vitus/design_1_wrapper/zynq_fsbl/zynq_fsbl_bsp/system.mss
TRACE::2026-02-03.18:29:51::SCWPlatform::Trying to open the hw design at X:/cpre488/Labs/MP-0/vitus/design_1_wrapper/hw/design_1_wrapper.xsa
TRACE::2026-02-03.18:29:51::SCWPlatform::DSA given X:/cpre488/Labs/MP-0/vitus/design_1_wrapper/hw/design_1_wrapper.xsa
TRACE::2026-02-03.18:29:51::SCWPlatform::DSA absoulate path X:/cpre488/Labs/MP-0/vitus/design_1_wrapper/hw/design_1_wrapper.xsa
TRACE::2026-02-03.18:29:51::SCWPlatform::DSA directory X:/cpre488/Labs/MP-0/vitus/design_1_wrapper/hw
TRACE::2026-02-03.18:29:51::SCWPlatform:: Platform Path X:/cpre488/Labs/MP-0/vitus/design_1_wrapper/hw/design_1_wrapper.xsa
TRACE::2026-02-03.18:29:51::SCWPlatform:: Unique name xilinx:zed::0.0
TRACE::2026-02-03.18:29:51::SCWPlatform::Trying to set the existing hwdb with name design_1_wrapper_12
TRACE::2026-02-03.18:29:51::SCWPlatform::Opened existing hwdb design_1_wrapper_12
TRACE::2026-02-03.18:29:51::SCWPlatform::Found the Hw Db part of the input DSA
TRACE::2026-02-03.18:29:51::SCWMssOS::Checking the sw design at  X:/cpre488/Labs/MP-0/vitus/design_1_wrapper/zynq_fsbl/zynq_fsbl_bsp/system.mss
TRACE::2026-02-03.18:29:51::SCWMssOS::DEBUG:  swdes dump  X:/cpre488/Labs/MP-0/vitus/MP0_wrapper/ps7_cortexa9_0/domain_ps7_cortexa9_0/bsp/system.mss|system_0||
X:/cpre488/Labs/MP-0/vitus/MP0_wrapper/zynq_fsbl/zynq_fsbl_bsp/system.mss|system||
X:/cpre488/Labs/MP-0/vitus/design_1_wrapper/zynq_fsbl/zynq_fsbl_bsp/system.mss|system_1||

TRACE::2026-02-03.18:29:51::SCWMssOS::Sw design exists and opened at  X:/cpre488/Labs/MP-0/vitus/design_1_wrapper/zynq_fsbl/zynq_fsbl_bsp/system.mss
TRACE::2026-02-03.18:29:51::SCWMssOS:: library already available in sw design:  xilffs:4.3
TRACE::2026-02-03.18:29:51::SCWPlatform::Trying to open the hw design at X:/cpre488/Labs/MP-0/vitus/design_1_wrapper/hw/design_1_wrapper.xsa
TRACE::2026-02-03.18:29:51::SCWPlatform::DSA given X:/cpre488/Labs/MP-0/vitus/design_1_wrapper/hw/design_1_wrapper.xsa
TRACE::2026-02-03.18:29:51::SCWPlatform::DSA absoulate path X:/cpre488/Labs/MP-0/vitus/design_1_wrapper/hw/design_1_wrapper.xsa
TRACE::2026-02-03.18:29:51::SCWPlatform::DSA directory X:/cpre488/Labs/MP-0/vitus/design_1_wrapper/hw
TRACE::2026-02-03.18:29:51::SCWPlatform:: Platform Path X:/cpre488/Labs/MP-0/vitus/design_1_wrapper/hw/design_1_wrapper.xsa
TRACE::2026-02-03.18:29:51::SCWPlatform:: Unique name xilinx:zed::0.0
TRACE::2026-02-03.18:29:51::SCWPlatform::Trying to set the existing hwdb with name design_1_wrapper_12
TRACE::2026-02-03.18:29:51::SCWPlatform::Opened existing hwdb design_1_wrapper_12
TRACE::2026-02-03.18:29:51::SCWPlatform::Found the Hw Db part of the input DSA
TRACE::2026-02-03.18:29:51::SCWMssOS::Checking the sw design at  X:/cpre488/Labs/MP-0/vitus/design_1_wrapper/zynq_fsbl/zynq_fsbl_bsp/system.mss
TRACE::2026-02-03.18:29:51::SCWMssOS::DEBUG:  swdes dump  X:/cpre488/Labs/MP-0/vitus/MP0_wrapper/ps7_cortexa9_0/domain_ps7_cortexa9_0/bsp/system.mss|system_0||
X:/cpre488/Labs/MP-0/vitus/MP0_wrapper/zynq_fsbl/zynq_fsbl_bsp/system.mss|system||
X:/cpre488/Labs/MP-0/vitus/design_1_wrapper/zynq_fsbl/zynq_fsbl_bsp/system.mss|system_1||

TRACE::2026-02-03.18:29:51::SCWMssOS::Sw design exists and opened at  X:/cpre488/Labs/MP-0/vitus/design_1_wrapper/zynq_fsbl/zynq_fsbl_bsp/system.mss
TRACE::2026-02-03.18:29:51::SCWMssOS:: library already available in sw design:  xilrsa:1.6
TRACE::2026-02-03.18:29:51::SCWMssOS::Saving the mss changes X:/cpre488/Labs/MP-0/vitus/design_1_wrapper/zynq_fsbl/zynq_fsbl_bsp/system.mss
TRACE::2026-02-03.18:29:51::SCWMssOS::Found a swdesign opened with the mssfile.
TRACE::2026-02-03.18:29:51::SCWMssOS::Completed writemss as part of save.
TRACE::2026-02-03.18:29:51::SCWMssOS::Commit changes completed.
TRACE::2026-02-03.18:29:51::SCWReader::Adding prebuilt librarypaths as   
TRACE::2026-02-03.18:29:51::SCWReader::Adding prebuilt incpaths  as   
TRACE::2026-02-03.18:29:51::SCWPlatform::Trying to open the hw design at X:/cpre488/Labs/MP-0/vitus/design_1_wrapper/hw/design_1_wrapper.xsa
TRACE::2026-02-03.18:29:51::SCWPlatform::DSA given X:/cpre488/Labs/MP-0/vitus/design_1_wrapper/hw/design_1_wrapper.xsa
TRACE::2026-02-03.18:29:51::SCWPlatform::DSA absoulate path X:/cpre488/Labs/MP-0/vitus/design_1_wrapper/hw/design_1_wrapper.xsa
TRACE::2026-02-03.18:29:51::SCWPlatform::DSA directory X:/cpre488/Labs/MP-0/vitus/design_1_wrapper/hw
TRACE::2026-02-03.18:29:51::SCWPlatform:: Platform Path X:/cpre488/Labs/MP-0/vitus/design_1_wrapper/hw/design_1_wrapper.xsa
TRACE::2026-02-03.18:29:51::SCWPlatform:: Unique name xilinx:zed::0.0
TRACE::2026-02-03.18:29:51::SCWPlatform::Trying to set the existing hwdb with name design_1_wrapper_12
TRACE::2026-02-03.18:29:51::SCWPlatform::Opened existing hwdb design_1_wrapper_12
TRACE::2026-02-03.18:29:51::SCWPlatform::Found the Hw Db part of the input DSA
TRACE::2026-02-03.18:29:51::SCWMssOS::Checking the sw design at  X:/cpre488/Labs/MP-0/vitus/design_1_wrapper/zynq_fsbl/zynq_fsbl_bsp/system.mss
TRACE::2026-02-03.18:29:51::SCWMssOS::DEBUG:  swdes dump  X:/cpre488/Labs/MP-0/vitus/MP0_wrapper/ps7_cortexa9_0/domain_ps7_cortexa9_0/bsp/system.mss|system_0||
X:/cpre488/Labs/MP-0/vitus/MP0_wrapper/zynq_fsbl/zynq_fsbl_bsp/system.mss|system||
X:/cpre488/Labs/MP-0/vitus/design_1_wrapper/zynq_fsbl/zynq_fsbl_bsp/system.mss|system_1||

TRACE::2026-02-03.18:29:51::SCWMssOS::Sw design exists and opened at  X:/cpre488/Labs/MP-0/vitus/design_1_wrapper/zynq_fsbl/zynq_fsbl_bsp/system.mss
TRACE::2026-02-03.18:29:51::SCWReader::No isolation master present  
TRACE::2026-02-03.18:29:51::SCWDomain::checking for install qemu data   : 
TRACE::2026-02-03.18:29:51::SCWDomain:: Using the QEMU Data from install at  : C:/Xilinx/Vitis/2020.1/data/emulation/platforms/zynq/qemu/
TRACE::2026-02-03.18:29:51::SCWDomain:: Using the QEMU args  from install at  : C:/Xilinx/Vitis/2020.1/data/emulation/platforms/zynq/qemu/qemu_args.txt
TRACE::2026-02-03.18:29:51::SCWPlatform::Trying to open the hw design at X:/cpre488/Labs/MP-0/vitus/design_1_wrapper/hw/design_1_wrapper.xsa
TRACE::2026-02-03.18:29:51::SCWPlatform::DSA given X:/cpre488/Labs/MP-0/vitus/design_1_wrapper/hw/design_1_wrapper.xsa
TRACE::2026-02-03.18:29:51::SCWPlatform::DSA absoulate path X:/cpre488/Labs/MP-0/vitus/design_1_wrapper/hw/design_1_wrapper.xsa
TRACE::2026-02-03.18:29:51::SCWPlatform::DSA directory X:/cpre488/Labs/MP-0/vitus/design_1_wrapper/hw
TRACE::2026-02-03.18:29:51::SCWPlatform:: Platform Path X:/cpre488/Labs/MP-0/vitus/design_1_wrapper/hw/design_1_wrapper.xsa
TRACE::2026-02-03.18:29:51::SCWPlatform:: Unique name xilinx:zed::0.0
TRACE::2026-02-03.18:29:51::SCWPlatform::Trying to set the existing hwdb with name design_1_wrapper_12
TRACE::2026-02-03.18:29:51::SCWPlatform::Opened existing hwdb design_1_wrapper_12
TRACE::2026-02-03.18:29:51::SCWPlatform::Found the Hw Db part of the input DSA
TRACE::2026-02-03.18:29:51::SCWPlatform::Trying to open the hw design at X:/cpre488/Labs/MP-0/vitus/design_1_wrapper/hw/design_1_wrapper.xsa
TRACE::2026-02-03.18:29:51::SCWPlatform::DSA given X:/cpre488/Labs/MP-0/vitus/design_1_wrapper/hw/design_1_wrapper.xsa
TRACE::2026-02-03.18:29:51::SCWPlatform::DSA absoulate path X:/cpre488/Labs/MP-0/vitus/design_1_wrapper/hw/design_1_wrapper.xsa
TRACE::2026-02-03.18:29:51::SCWPlatform::DSA directory X:/cpre488/Labs/MP-0/vitus/design_1_wrapper/hw
TRACE::2026-02-03.18:29:51::SCWPlatform:: Platform Path X:/cpre488/Labs/MP-0/vitus/design_1_wrapper/hw/design_1_wrapper.xsa
TRACE::2026-02-03.18:29:51::SCWPlatform:: Unique name xilinx:zed::0.0
TRACE::2026-02-03.18:29:51::SCWPlatform::Trying to set the existing hwdb with name design_1_wrapper_12
TRACE::2026-02-03.18:29:51::SCWPlatform::Opened existing hwdb design_1_wrapper_12
TRACE::2026-02-03.18:29:51::SCWPlatform::Found the Hw Db part of the input DSA
TRACE::2026-02-03.18:29:51::SCWPlatform::Trying to open the hw design at X:/cpre488/Labs/MP-0/vitus/design_1_wrapper/hw/design_1_wrapper.xsa
TRACE::2026-02-03.18:29:51::SCWPlatform::DSA given X:/cpre488/Labs/MP-0/vitus/design_1_wrapper/hw/design_1_wrapper.xsa
TRACE::2026-02-03.18:29:51::SCWPlatform::DSA absoulate path X:/cpre488/Labs/MP-0/vitus/design_1_wrapper/hw/design_1_wrapper.xsa
TRACE::2026-02-03.18:29:51::SCWPlatform::DSA directory X:/cpre488/Labs/MP-0/vitus/design_1_wrapper/hw
TRACE::2026-02-03.18:29:51::SCWPlatform:: Platform Path X:/cpre488/Labs/MP-0/vitus/design_1_wrapper/hw/design_1_wrapper.xsa
TRACE::2026-02-03.18:29:51::SCWPlatform:: Unique name xilinx:zed::0.0
TRACE::2026-02-03.18:29:51::SCWPlatform::Trying to set the existing hwdb with name design_1_wrapper_12
TRACE::2026-02-03.18:29:51::SCWPlatform::Opened existing hwdb design_1_wrapper_12
TRACE::2026-02-03.18:29:51::SCWPlatform::Found the Hw Db part of the input DSA
TRACE::2026-02-03.18:29:51::SCWMssOS::Checking the sw design at  X:/cpre488/Labs/MP-0/vitus/design_1_wrapper/ps7_cortexa9_0/domain_ps7_cortexa9_0/bsp/system.mss
TRACE::2026-02-03.18:29:51::SCWMssOS::DEBUG:  swdes dump  X:/cpre488/Labs/MP-0/vitus/MP0_wrapper/ps7_cortexa9_0/domain_ps7_cortexa9_0/bsp/system.mss|system_0||
X:/cpre488/Labs/MP-0/vitus/MP0_wrapper/zynq_fsbl/zynq_fsbl_bsp/system.mss|system||
X:/cpre488/Labs/MP-0/vitus/design_1_wrapper/zynq_fsbl/zynq_fsbl_bsp/system.mss|system_1||

TRACE::2026-02-03.18:29:51::SCWMssOS::No sw design opened at  X:/cpre488/Labs/MP-0/vitus/design_1_wrapper/ps7_cortexa9_0/domain_ps7_cortexa9_0/bsp/system.mss
TRACE::2026-02-03.18:29:51::SCWMssOS::mss exists loading the mss file  X:/cpre488/Labs/MP-0/vitus/design_1_wrapper/ps7_cortexa9_0/domain_ps7_cortexa9_0/bsp/system.mss
TRACE::2026-02-03.18:29:51::SCWMssOS::Opened the sw design from mss  X:/cpre488/Labs/MP-0/vitus/design_1_wrapper/ps7_cortexa9_0/domain_ps7_cortexa9_0/bsp/system.mss
TRACE::2026-02-03.18:29:51::SCWMssOS::Adding the swdes entry X:/cpre488/Labs/MP-0/vitus/design_1_wrapper/ps7_cortexa9_0/domain_ps7_cortexa9_0/bsp/system.mss with des name system_2
TRACE::2026-02-03.18:29:51::SCWMssOS::updating the scw layer about changes
TRACE::2026-02-03.18:29:51::SCWMssOS::Opened the sw design.  X:/cpre488/Labs/MP-0/vitus/design_1_wrapper/ps7_cortexa9_0/domain_ps7_cortexa9_0/bsp/system.mss
TRACE::2026-02-03.18:29:51::SCWMssOS::Saving the mss changes X:/cpre488/Labs/MP-0/vitus/design_1_wrapper/ps7_cortexa9_0/domain_ps7_cortexa9_0/bsp/system.mss
TRACE::2026-02-03.18:29:51::SCWMssOS::Found a swdesign opened with the mssfile.
TRACE::2026-02-03.18:29:51::SCWMssOS::Completed writemss as part of save.
TRACE::2026-02-03.18:29:51::SCWMssOS::Commit changes completed.
TRACE::2026-02-03.18:29:51::SCWReader::Adding prebuilt librarypaths as   
TRACE::2026-02-03.18:29:51::SCWReader::Adding prebuilt incpaths  as   
TRACE::2026-02-03.18:29:51::SCWPlatform::Trying to open the hw design at X:/cpre488/Labs/MP-0/vitus/design_1_wrapper/hw/design_1_wrapper.xsa
TRACE::2026-02-03.18:29:51::SCWPlatform::DSA given X:/cpre488/Labs/MP-0/vitus/design_1_wrapper/hw/design_1_wrapper.xsa
TRACE::2026-02-03.18:29:51::SCWPlatform::DSA absoulate path X:/cpre488/Labs/MP-0/vitus/design_1_wrapper/hw/design_1_wrapper.xsa
TRACE::2026-02-03.18:29:51::SCWPlatform::DSA directory X:/cpre488/Labs/MP-0/vitus/design_1_wrapper/hw
TRACE::2026-02-03.18:29:51::SCWPlatform:: Platform Path X:/cpre488/Labs/MP-0/vitus/design_1_wrapper/hw/design_1_wrapper.xsa
TRACE::2026-02-03.18:29:51::SCWPlatform:: Unique name xilinx:zed::0.0
TRACE::2026-02-03.18:29:51::SCWPlatform::Trying to set the existing hwdb with name design_1_wrapper_12
TRACE::2026-02-03.18:29:51::SCWPlatform::Opened existing hwdb design_1_wrapper_12
TRACE::2026-02-03.18:29:51::SCWPlatform::Found the Hw Db part of the input DSA
TRACE::2026-02-03.18:29:51::SCWMssOS::Checking the sw design at  X:/cpre488/Labs/MP-0/vitus/design_1_wrapper/ps7_cortexa9_0/domain_ps7_cortexa9_0/bsp/system.mss
TRACE::2026-02-03.18:29:51::SCWMssOS::DEBUG:  swdes dump  X:/cpre488/Labs/MP-0/vitus/MP0_wrapper/ps7_cortexa9_0/domain_ps7_cortexa9_0/bsp/system.mss|system_0||
X:/cpre488/Labs/MP-0/vitus/MP0_wrapper/zynq_fsbl/zynq_fsbl_bsp/system.mss|system||
X:/cpre488/Labs/MP-0/vitus/design_1_wrapper/ps7_cortexa9_0/domain_ps7_cortexa9_0/bsp/system.mss|system_2||
X:/cpre488/Labs/MP-0/vitus/design_1_wrapper/zynq_fsbl/zynq_fsbl_bsp/system.mss|system_1||

TRACE::2026-02-03.18:29:51::SCWMssOS::Sw design exists and opened at  X:/cpre488/Labs/MP-0/vitus/design_1_wrapper/ps7_cortexa9_0/domain_ps7_cortexa9_0/bsp/system.mss
TRACE::2026-02-03.18:29:51::SCWReader::No isolation master present  
TRACE::2026-02-03.18:29:54::SCWPlatform::Trying to open the hw design at X:/cpre488/Labs/MP-0/vitus/design_1_wrapper/hw/design_1_wrapper.xsa
TRACE::2026-02-03.18:29:54::SCWPlatform::DSA given X:/cpre488/Labs/MP-0/vitus/design_1_wrapper/hw/design_1_wrapper.xsa
TRACE::2026-02-03.18:29:54::SCWPlatform::DSA absoulate path X:/cpre488/Labs/MP-0/vitus/design_1_wrapper/hw/design_1_wrapper.xsa
TRACE::2026-02-03.18:29:54::SCWPlatform::DSA directory X:/cpre488/Labs/MP-0/vitus/design_1_wrapper/hw
TRACE::2026-02-03.18:29:54::SCWPlatform:: Platform Path X:/cpre488/Labs/MP-0/vitus/design_1_wrapper/hw/design_1_wrapper.xsa
TRACE::2026-02-03.18:29:54::SCWPlatform:: Unique name xilinx:zed::0.0
TRACE::2026-02-03.18:29:54::SCWPlatform::Trying to set the existing hwdb with name design_1_wrapper_12
TRACE::2026-02-03.18:29:54::SCWPlatform::Opened existing hwdb design_1_wrapper_12
TRACE::2026-02-03.18:29:54::SCWPlatform::Found the Hw Db part of the input DSA
TRACE::2026-02-03.18:29:54::SCWPlatform::DSA given X:/cpre488/Labs/MP-0/vitus/design_1_wrapper/tempdsa/design_1_wrapper.xsa
TRACE::2026-02-03.18:29:54::SCWPlatform::DSA absoulate path X:/cpre488/Labs/MP-0/vitus/design_1_wrapper/tempdsa/design_1_wrapper.xsa
TRACE::2026-02-03.18:29:54::SCWPlatform:: Platform location is X:/cpre488/Labs/MP-0/vitus/design_1_wrapper/tempdsa
TRACE::2026-02-03.18:29:54::SCWPlatform:: Platform Path X:/cpre488/Labs/MP-0/vitus/design_1_wrapper/tempdsa/design_1_wrapper.xsa
TRACE::2026-02-03.18:29:54::SCWPlatform:: Unique name xilinx:zed::0.0
TRACE::2026-02-03.18:29:57::SCWPlatform::Found the Hw Db part of the input DSA
TRACE::2026-02-03.18:29:57::SCWMssOS::Doing hw sync for the mss in domain: zynq_fsbl
TRACE::2026-02-03.18:29:57::SCWPlatform::Trying to open the hw design at X:/cpre488/Labs/MP-0/vitus/design_1_wrapper/hw/design_1_wrapper.xsa
TRACE::2026-02-03.18:29:57::SCWPlatform::DSA given X:/cpre488/Labs/MP-0/vitus/design_1_wrapper/hw/design_1_wrapper.xsa
TRACE::2026-02-03.18:29:57::SCWPlatform::DSA absoulate path X:/cpre488/Labs/MP-0/vitus/design_1_wrapper/hw/design_1_wrapper.xsa
TRACE::2026-02-03.18:29:57::SCWPlatform::DSA directory X:/cpre488/Labs/MP-0/vitus/design_1_wrapper/hw
TRACE::2026-02-03.18:29:57::SCWPlatform:: Platform Path X:/cpre488/Labs/MP-0/vitus/design_1_wrapper/hw/design_1_wrapper.xsa
TRACE::2026-02-03.18:29:57::SCWPlatform:: Unique name xilinx:zed::0.0
TRACE::2026-02-03.18:29:57::SCWPlatform::Trying to set the existing hwdb with name design_1_wrapper_12
TRACE::2026-02-03.18:29:57::SCWPlatform::Opened existing hwdb design_1_wrapper_12
TRACE::2026-02-03.18:29:57::SCWPlatform::Found the Hw Db part of the input DSA
TRACE::2026-02-03.18:29:57::SCWPlatform::Trying to open the hw design at X:/cpre488/Labs/MP-0/vitus/design_1_wrapper/hw/design_1_wrapper.xsa
TRACE::2026-02-03.18:29:57::SCWPlatform::DSA given X:/cpre488/Labs/MP-0/vitus/design_1_wrapper/hw/design_1_wrapper.xsa
TRACE::2026-02-03.18:29:57::SCWPlatform::DSA absoulate path X:/cpre488/Labs/MP-0/vitus/design_1_wrapper/hw/design_1_wrapper.xsa
TRACE::2026-02-03.18:29:57::SCWPlatform::DSA directory X:/cpre488/Labs/MP-0/vitus/design_1_wrapper/hw
TRACE::2026-02-03.18:29:57::SCWPlatform:: Platform Path X:/cpre488/Labs/MP-0/vitus/design_1_wrapper/hw/design_1_wrapper.xsa
TRACE::2026-02-03.18:29:57::SCWPlatform:: Unique name xilinx:zed::0.0
TRACE::2026-02-03.18:29:57::SCWPlatform::Trying to set the existing hwdb with name design_1_wrapper_12
TRACE::2026-02-03.18:29:57::SCWPlatform::Opened existing hwdb design_1_wrapper_12
TRACE::2026-02-03.18:29:58::SCWPlatform::Found the Hw Db part of the input DSA
TRACE::2026-02-03.18:29:58::SCWMssOS::Checking the sw design at  X:/cpre488/Labs/MP-0/vitus/design_1_wrapper/zynq_fsbl/zynq_fsbl_bsp/system.mss
TRACE::2026-02-03.18:29:58::SCWMssOS::DEBUG:  swdes dump  X:/cpre488/Labs/MP-0/vitus/MP0_wrapper/ps7_cortexa9_0/domain_ps7_cortexa9_0/bsp/system.mss|system_0||
X:/cpre488/Labs/MP-0/vitus/MP0_wrapper/zynq_fsbl/zynq_fsbl_bsp/system.mss|system||
X:/cpre488/Labs/MP-0/vitus/design_1_wrapper/ps7_cortexa9_0/domain_ps7_cortexa9_0/bsp/system.mss|system_2||
X:/cpre488/Labs/MP-0/vitus/design_1_wrapper/zynq_fsbl/zynq_fsbl_bsp/system.mss|system_1||

TRACE::2026-02-03.18:29:58::SCWMssOS::Sw design exists and opened at  X:/cpre488/Labs/MP-0/vitus/design_1_wrapper/zynq_fsbl/zynq_fsbl_bsp/system.mss
TRACE::2026-02-03.18:29:58::SCWPlatform::Trying to open the hw design at X:/cpre488/Labs/MP-0/vitus/design_1_wrapper/tempdsa/design_1_wrapper.xsa
TRACE::2026-02-03.18:29:58::SCWPlatform::DSA given X:/cpre488/Labs/MP-0/vitus/design_1_wrapper/tempdsa/design_1_wrapper.xsa
TRACE::2026-02-03.18:29:58::SCWPlatform::DSA absoulate path X:/cpre488/Labs/MP-0/vitus/design_1_wrapper/tempdsa/design_1_wrapper.xsa
TRACE::2026-02-03.18:29:58::SCWPlatform::DSA directory X:/cpre488/Labs/MP-0/vitus/design_1_wrapper/tempdsa
TRACE::2026-02-03.18:29:58::SCWPlatform:: Platform Path X:/cpre488/Labs/MP-0/vitus/design_1_wrapper/tempdsa/design_1_wrapper.xsa
TRACE::2026-02-03.18:29:58::SCWPlatform:: Unique name xilinx:zed::0.0
TRACE::2026-02-03.18:29:58::SCWPlatform::update - Opened existing hwdb design_1_wrapper_13
TRACE::2026-02-03.18:29:58::SCWPlatform::Found the Hw Db part of the input DSA
TRACE::2026-02-03.18:29:58::SCWMssOS::Doing hw sync for the mss in domain: domain_ps7_cortexa9_0
TRACE::2026-02-03.18:29:58::SCWPlatform::Trying to open the hw design at X:/cpre488/Labs/MP-0/vitus/design_1_wrapper/hw/design_1_wrapper.xsa
TRACE::2026-02-03.18:29:58::SCWPlatform::DSA given X:/cpre488/Labs/MP-0/vitus/design_1_wrapper/hw/design_1_wrapper.xsa
TRACE::2026-02-03.18:29:58::SCWPlatform::DSA absoulate path X:/cpre488/Labs/MP-0/vitus/design_1_wrapper/hw/design_1_wrapper.xsa
TRACE::2026-02-03.18:29:58::SCWPlatform::DSA directory X:/cpre488/Labs/MP-0/vitus/design_1_wrapper/hw
TRACE::2026-02-03.18:29:58::SCWPlatform:: Platform Path X:/cpre488/Labs/MP-0/vitus/design_1_wrapper/hw/design_1_wrapper.xsa
TRACE::2026-02-03.18:29:58::SCWPlatform:: Unique name xilinx:zed::0.0
TRACE::2026-02-03.18:29:58::SCWPlatform::Trying to set the existing hwdb with name design_1_wrapper_12
TRACE::2026-02-03.18:29:58::SCWPlatform::Opened existing hwdb design_1_wrapper_12
TRACE::2026-02-03.18:29:58::SCWPlatform::Found the Hw Db part of the input DSA
TRACE::2026-02-03.18:29:58::SCWPlatform::Trying to open the hw design at X:/cpre488/Labs/MP-0/vitus/design_1_wrapper/hw/design_1_wrapper.xsa
TRACE::2026-02-03.18:29:58::SCWPlatform::DSA given X:/cpre488/Labs/MP-0/vitus/design_1_wrapper/hw/design_1_wrapper.xsa
TRACE::2026-02-03.18:29:58::SCWPlatform::DSA absoulate path X:/cpre488/Labs/MP-0/vitus/design_1_wrapper/hw/design_1_wrapper.xsa
TRACE::2026-02-03.18:29:58::SCWPlatform::DSA directory X:/cpre488/Labs/MP-0/vitus/design_1_wrapper/hw
TRACE::2026-02-03.18:29:58::SCWPlatform:: Platform Path X:/cpre488/Labs/MP-0/vitus/design_1_wrapper/hw/design_1_wrapper.xsa
TRACE::2026-02-03.18:29:58::SCWPlatform:: Unique name xilinx:zed::0.0
TRACE::2026-02-03.18:29:58::SCWPlatform::Trying to set the existing hwdb with name design_1_wrapper_12
TRACE::2026-02-03.18:29:58::SCWPlatform::Opened existing hwdb design_1_wrapper_12
TRACE::2026-02-03.18:29:58::SCWPlatform::Found the Hw Db part of the input DSA
TRACE::2026-02-03.18:29:58::SCWMssOS::Checking the sw design at  X:/cpre488/Labs/MP-0/vitus/design_1_wrapper/ps7_cortexa9_0/domain_ps7_cortexa9_0/bsp/system.mss
TRACE::2026-02-03.18:29:58::SCWMssOS::DEBUG:  swdes dump  X:/cpre488/Labs/MP-0/vitus/MP0_wrapper/ps7_cortexa9_0/domain_ps7_cortexa9_0/bsp/system.mss|system_0||
X:/cpre488/Labs/MP-0/vitus/MP0_wrapper/zynq_fsbl/zynq_fsbl_bsp/system.mss|system||
X:/cpre488/Labs/MP-0/vitus/design_1_wrapper/ps7_cortexa9_0/domain_ps7_cortexa9_0/bsp/system.mss|system_2||
X:/cpre488/Labs/MP-0/vitus/design_1_wrapper/zynq_fsbl/zynq_fsbl_bsp/system.mss|system_1||

TRACE::2026-02-03.18:29:58::SCWMssOS::Sw design exists and opened at  X:/cpre488/Labs/MP-0/vitus/design_1_wrapper/ps7_cortexa9_0/domain_ps7_cortexa9_0/bsp/system.mss
TRACE::2026-02-03.18:29:58::SCWPlatform::Trying to open the hw design at X:/cpre488/Labs/MP-0/vitus/design_1_wrapper/tempdsa/design_1_wrapper.xsa
TRACE::2026-02-03.18:29:58::SCWPlatform::DSA given X:/cpre488/Labs/MP-0/vitus/design_1_wrapper/tempdsa/design_1_wrapper.xsa
TRACE::2026-02-03.18:29:58::SCWPlatform::DSA absoulate path X:/cpre488/Labs/MP-0/vitus/design_1_wrapper/tempdsa/design_1_wrapper.xsa
TRACE::2026-02-03.18:29:58::SCWPlatform::DSA directory X:/cpre488/Labs/MP-0/vitus/design_1_wrapper/tempdsa
TRACE::2026-02-03.18:29:58::SCWPlatform:: Platform Path X:/cpre488/Labs/MP-0/vitus/design_1_wrapper/tempdsa/design_1_wrapper.xsa
TRACE::2026-02-03.18:29:58::SCWPlatform:: Unique name xilinx:zed::0.0
TRACE::2026-02-03.18:29:58::SCWPlatform::update - Opened existing hwdb design_1_wrapper_13
TRACE::2026-02-03.18:29:58::SCWPlatform::Found the Hw Db part of the input DSA
TRACE::2026-02-03.18:29:58::SCWMssOS::Saving the mss changes X:/cpre488/Labs/MP-0/vitus/design_1_wrapper/zynq_fsbl/zynq_fsbl_bsp/system.mss
TRACE::2026-02-03.18:29:58::SCWMssOS::Found a swdesign opened with the mssfile.
TRACE::2026-02-03.18:29:58::SCWMssOS::Completed writemss as part of save.
TRACE::2026-02-03.18:29:58::SCWMssOS::Commit changes completed.
TRACE::2026-02-03.18:29:58::SCWMssOS::Completed hw sync for the mss in domain: zynq_fsbl
TRACE::2026-02-03.18:29:58::SCWMssOS::Removing the swdes entry for  X:/cpre488/Labs/MP-0/vitus/design_1_wrapper/zynq_fsbl/zynq_fsbl_bsp/system.mss
TRACE::2026-02-03.18:29:58::SCWMssOS::Saving the mss changes X:/cpre488/Labs/MP-0/vitus/design_1_wrapper/ps7_cortexa9_0/domain_ps7_cortexa9_0/bsp/system.mss
TRACE::2026-02-03.18:29:58::SCWMssOS::Found a swdesign opened with the mssfile.
TRACE::2026-02-03.18:29:58::SCWMssOS::Completed writemss as part of save.
TRACE::2026-02-03.18:29:58::SCWMssOS::Commit changes completed.
TRACE::2026-02-03.18:29:58::SCWMssOS::Completed hw sync for the mss in domain: domain_ps7_cortexa9_0
TRACE::2026-02-03.18:29:58::SCWMssOS::Removing the swdes entry for  X:/cpre488/Labs/MP-0/vitus/design_1_wrapper/ps7_cortexa9_0/domain_ps7_cortexa9_0/bsp/system.mss
TRACE::2026-02-03.18:29:58::SCWPlatform::Trying to open the hw design at X:/cpre488/Labs/MP-0/vitus/design_1_wrapper/hw/design_1_wrapper.xsa
TRACE::2026-02-03.18:29:58::SCWPlatform::DSA given X:/cpre488/Labs/MP-0/vitus/design_1_wrapper/hw/design_1_wrapper.xsa
TRACE::2026-02-03.18:29:58::SCWPlatform::DSA absoulate path X:/cpre488/Labs/MP-0/vitus/design_1_wrapper/hw/design_1_wrapper.xsa
TRACE::2026-02-03.18:29:58::SCWPlatform::DSA directory X:/cpre488/Labs/MP-0/vitus/design_1_wrapper/hw
TRACE::2026-02-03.18:29:58::SCWPlatform:: Platform Path X:/cpre488/Labs/MP-0/vitus/design_1_wrapper/hw/design_1_wrapper.xsa
TRACE::2026-02-03.18:29:58::SCWPlatform:: Unique name xilinx:zed::0.0
TRACE::2026-02-03.18:29:58::SCWPlatform::Do not have an existing db opened. 
TRACE::2026-02-03.18:30:02::SCWPlatform::Opened new HwDB with name design_1_wrapper_14
TRACE::2026-02-03.18:30:02::SCWPlatform::Trying to open the hw design at X:/cpre488/Labs/MP-0/vitus/design_1_wrapper/hw/design_1_wrapper.xsa
TRACE::2026-02-03.18:30:02::SCWPlatform::DSA given X:/cpre488/Labs/MP-0/vitus/design_1_wrapper/hw/design_1_wrapper.xsa
TRACE::2026-02-03.18:30:02::SCWPlatform::DSA absoulate path X:/cpre488/Labs/MP-0/vitus/design_1_wrapper/hw/design_1_wrapper.xsa
TRACE::2026-02-03.18:30:02::SCWPlatform::DSA directory X:/cpre488/Labs/MP-0/vitus/design_1_wrapper/hw
TRACE::2026-02-03.18:30:02::SCWPlatform:: Platform Path X:/cpre488/Labs/MP-0/vitus/design_1_wrapper/hw/design_1_wrapper.xsa
TRACE::2026-02-03.18:30:02::SCWPlatform:: Unique name xilinx:zed::0.0
TRACE::2026-02-03.18:30:02::SCWPlatform::Trying to set the existing hwdb with name design_1_wrapper_14
TRACE::2026-02-03.18:30:02::SCWPlatform::Opened existing hwdb design_1_wrapper_14
TRACE::2026-02-03.18:30:02::SCWPlatform::Found the Hw Db part of the input DSA
TRACE::2026-02-03.18:30:02::SCWMssOS::Checking the sw design at  X:/cpre488/Labs/MP-0/vitus/design_1_wrapper/zynq_fsbl/zynq_fsbl_bsp/system.mss
TRACE::2026-02-03.18:30:02::SCWMssOS::DEBUG:  swdes dump  X:/cpre488/Labs/MP-0/vitus/MP0_wrapper/ps7_cortexa9_0/domain_ps7_cortexa9_0/bsp/system.mss|system_0||
X:/cpre488/Labs/MP-0/vitus/MP0_wrapper/zynq_fsbl/zynq_fsbl_bsp/system.mss|system||

TRACE::2026-02-03.18:30:02::SCWMssOS::No sw design opened at  X:/cpre488/Labs/MP-0/vitus/design_1_wrapper/zynq_fsbl/zynq_fsbl_bsp/system.mss
TRACE::2026-02-03.18:30:02::SCWMssOS::mss exists loading the mss file  X:/cpre488/Labs/MP-0/vitus/design_1_wrapper/zynq_fsbl/zynq_fsbl_bsp/system.mss
TRACE::2026-02-03.18:30:02::SCWMssOS::Opened the sw design from mss  X:/cpre488/Labs/MP-0/vitus/design_1_wrapper/zynq_fsbl/zynq_fsbl_bsp/system.mss
TRACE::2026-02-03.18:30:02::SCWMssOS::Adding the swdes entry X:/cpre488/Labs/MP-0/vitus/design_1_wrapper/zynq_fsbl/zynq_fsbl_bsp/system.mss with des name system_1
TRACE::2026-02-03.18:30:02::SCWMssOS::updating the scw layer about changes
TRACE::2026-02-03.18:30:02::SCWMssOS::Opened the sw design.  X:/cpre488/Labs/MP-0/vitus/design_1_wrapper/zynq_fsbl/zynq_fsbl_bsp/system.mss
TRACE::2026-02-03.18:30:02::SCWMssOS::Saving the mss changes X:/cpre488/Labs/MP-0/vitus/design_1_wrapper/zynq_fsbl/zynq_fsbl_bsp/system.mss
TRACE::2026-02-03.18:30:02::SCWMssOS::Found a swdesign opened with the mssfile.
TRACE::2026-02-03.18:30:02::SCWMssOS::Completed writemss as part of save.
TRACE::2026-02-03.18:30:02::SCWMssOS::Commit changes completed.
TRACE::2026-02-03.18:30:02::SCWMssOS::Saving the mss changes X:/cpre488/Labs/MP-0/vitus/design_1_wrapper/ps7_cortexa9_0/domain_ps7_cortexa9_0/bsp/system.mss
TRACE::2026-02-03.18:30:02::SCWMssOS::Adding the swdes entry, mss present, able to open swdb X:/cpre488/Labs/MP-0/vitus/design_1_wrapper/ps7_cortexa9_0/domain_ps7_cortexa9_0/bsp/system.mss with des name system_2
TRACE::2026-02-03.18:30:02::SCWMssOS::Writing the mss file completed X:/cpre488/Labs/MP-0/vitus/design_1_wrapper/ps7_cortexa9_0/domain_ps7_cortexa9_0/bsp/system.mss
TRACE::2026-02-03.18:30:02::SCWMssOS::Commit changes completed.
TRACE::2026-02-03.18:30:02::SCWPlatform::Trying to open the hw design at X:/cpre488/Labs/MP-0/vitus/design_1_wrapper/hw/design_1_wrapper.xsa
TRACE::2026-02-03.18:30:02::SCWPlatform::DSA given X:/cpre488/Labs/MP-0/vitus/design_1_wrapper/hw/design_1_wrapper.xsa
TRACE::2026-02-03.18:30:02::SCWPlatform::DSA absoulate path X:/cpre488/Labs/MP-0/vitus/design_1_wrapper/hw/design_1_wrapper.xsa
TRACE::2026-02-03.18:30:02::SCWPlatform::DSA directory X:/cpre488/Labs/MP-0/vitus/design_1_wrapper/hw
TRACE::2026-02-03.18:30:02::SCWPlatform:: Platform Path X:/cpre488/Labs/MP-0/vitus/design_1_wrapper/hw/design_1_wrapper.xsa
TRACE::2026-02-03.18:30:02::SCWPlatform:: Unique name xilinx:zed::0.0
TRACE::2026-02-03.18:30:02::SCWPlatform::Trying to set the existing hwdb with name design_1_wrapper_14
TRACE::2026-02-03.18:30:02::SCWPlatform::Opened existing hwdb design_1_wrapper_14
TRACE::2026-02-03.18:30:02::SCWPlatform::Found the Hw Db part of the input DSA
TRACE::2026-02-03.18:30:02::SCWMssOS::Checking the sw design at  X:/cpre488/Labs/MP-0/vitus/design_1_wrapper/zynq_fsbl/zynq_fsbl_bsp/system.mss
TRACE::2026-02-03.18:30:02::SCWMssOS::DEBUG:  swdes dump  X:/cpre488/Labs/MP-0/vitus/MP0_wrapper/ps7_cortexa9_0/domain_ps7_cortexa9_0/bsp/system.mss|system_0||
X:/cpre488/Labs/MP-0/vitus/MP0_wrapper/zynq_fsbl/zynq_fsbl_bsp/system.mss|system||
X:/cpre488/Labs/MP-0/vitus/design_1_wrapper/ps7_cortexa9_0/domain_ps7_cortexa9_0/bsp/system.mss|system_2||
X:/cpre488/Labs/MP-0/vitus/design_1_wrapper/zynq_fsbl/zynq_fsbl_bsp/system.mss|system_1||

TRACE::2026-02-03.18:30:02::SCWMssOS::Sw design exists and opened at  X:/cpre488/Labs/MP-0/vitus/design_1_wrapper/zynq_fsbl/zynq_fsbl_bsp/system.mss
TRACE::2026-02-03.18:30:02::SCWPlatform::Trying to open the hw design at X:/cpre488/Labs/MP-0/vitus/design_1_wrapper/hw/design_1_wrapper.xsa
TRACE::2026-02-03.18:30:02::SCWPlatform::DSA given X:/cpre488/Labs/MP-0/vitus/design_1_wrapper/hw/design_1_wrapper.xsa
TRACE::2026-02-03.18:30:02::SCWPlatform::DSA absoulate path X:/cpre488/Labs/MP-0/vitus/design_1_wrapper/hw/design_1_wrapper.xsa
TRACE::2026-02-03.18:30:02::SCWPlatform::DSA directory X:/cpre488/Labs/MP-0/vitus/design_1_wrapper/hw
TRACE::2026-02-03.18:30:02::SCWPlatform:: Platform Path X:/cpre488/Labs/MP-0/vitus/design_1_wrapper/hw/design_1_wrapper.xsa
TRACE::2026-02-03.18:30:02::SCWPlatform:: Unique name xilinx:zed::0.0
TRACE::2026-02-03.18:30:02::SCWPlatform::Trying to set the existing hwdb with name design_1_wrapper_14
TRACE::2026-02-03.18:30:02::SCWPlatform::Opened existing hwdb design_1_wrapper_14
TRACE::2026-02-03.18:30:02::SCWPlatform::Found the Hw Db part of the input DSA
TRACE::2026-02-03.18:30:02::SCWMssOS::Checking the sw design at  X:/cpre488/Labs/MP-0/vitus/design_1_wrapper/ps7_cortexa9_0/domain_ps7_cortexa9_0/bsp/system.mss
TRACE::2026-02-03.18:30:02::SCWMssOS::DEBUG:  swdes dump  X:/cpre488/Labs/MP-0/vitus/MP0_wrapper/ps7_cortexa9_0/domain_ps7_cortexa9_0/bsp/system.mss|system_0||
X:/cpre488/Labs/MP-0/vitus/MP0_wrapper/zynq_fsbl/zynq_fsbl_bsp/system.mss|system||
X:/cpre488/Labs/MP-0/vitus/design_1_wrapper/ps7_cortexa9_0/domain_ps7_cortexa9_0/bsp/system.mss|system_2||
X:/cpre488/Labs/MP-0/vitus/design_1_wrapper/zynq_fsbl/zynq_fsbl_bsp/system.mss|system_1||

TRACE::2026-02-03.18:30:02::SCWMssOS::Sw design exists and opened at  X:/cpre488/Labs/MP-0/vitus/design_1_wrapper/ps7_cortexa9_0/domain_ps7_cortexa9_0/bsp/system.mss
TRACE::2026-02-03.18:30:02::SCWWriter::formatted JSON is {
	"platformName":	"design_1_wrapper",
	"sprVersion":	"2.0",
	"mode":	"gui",
	"dsaType":	"Fixed",
	"platformDesc":	"design_1_wrapper",
	"platHandOff":	"X:/cpre488/Labs/MP-0/MP0_round2/design_1_wrapper.xsa",
	"platIntHandOff":	"<platformDir>/hw/design_1_wrapper.xsa",
	"deviceType":	"zynq",
	"platIsPrebuiltAutogen":	"false",
	"platIsNoBootBsp":	"false",
	"hasFsblMakeHasChanges":	"false",
	"hasPmufwMakeHasChanges":	"false",
	"fsblExtraCompilerFlags":	"-MMD -MP       -mcpu=cortex-a9 -mfpu=vfpv3 -mfloat-abi=hard ",
	"platPreBuiltFlag":	false,
	"platformSamplesDir":	"",
	"platActiveSys":	"design_1_wrapper",
	"systems":	[{
			"systemName":	"design_1_wrapper",
			"systemDesc":	"design_1_wrapper",
			"sysIsBootAutoGen":	"true",
			"systemDispName":	"design_1_wrapper",
			"sysActiveDom":	"domain_ps7_cortexa9_0",
			"sysDefaultDom":	"domain_ps7_cortexa9_0",
			"domains":	[{
					"domainName":	"zynq_fsbl",
					"domainDispName":	"zynq_fsbl",
					"domainDesc":	"FSBL Application BSP - Auto Generated.",
					"processors":	"ps7_cortexa9_0",
					"os":	"standalone",
					"sdxOs":	"standalone",
					"debugEnable":	"",
					"domRuntimes":	["cpp"],
					"swRepo":	"",
					"mssOsVer":	"7.2",
					"mssFile":	"",
					"md5Digest":	"d2d420d87bcfafaa761d1aba64f21ae8",
					"compatibleApp":	"zynq_fsbl",
					"domType":	"bootDomain",
					"arch":	"32-bit",
					"appSettings":	{
						"appCompilerFlags":	"",
						"appLinkerFlags":	""
					},
					"addedLibs":	["xilffs:4.3", "xilrsa:1.6"],
					"libOptions":	{
						"libsContainingOptions":	[]
					},
					"prebuiltLibs":	{
						"prebuiltIncPath":	[],
						"prebuiltLibPath":	[]
					},
					"isolation":	{
					}
				}, {
					"domainName":	"domain_ps7_cortexa9_0",
					"domainDispName":	"domain_ps7_cortexa9_0",
					"domainDesc":	"domain_ps7_cortexa9_0",
					"processors":	"ps7_cortexa9_0",
					"os":	"standalone",
					"sdxOs":	"standalone",
					"qemuArgs":	"C:/Xilinx/Vitis/2020.1/data/emulation/platforms/zynq/qemu/qemu_args.txt",
					"qemuData":	"C:/Xilinx/Vitis/2020.1/data/emulation/platforms/zynq/qemu/",
					"debugEnable":	"False",
					"domRuntimes":	["cpp"],
					"swRepo":	"",
					"mssOsVer":	"7.2",
					"mssFile":	"",
					"md5Digest":	"0103012646b99f26b289ff154d95cad8",
					"compatibleApp":	"",
					"domType":	"mssDomain",
					"arch":	"32-bit",
					"appSettings":	{
						"appCompilerFlags":	"",
						"appLinkerFlags":	""
					},
					"addedLibs":	[],
					"libOptions":	{
						"libsContainingOptions":	[]
					},
					"prebuiltLibs":	{
						"prebuiltIncPath":	[],
						"prebuiltLibPath":	[]
					},
					"isolation":	{
					}
				}]
		}]
}
LOG::2026-02-03.18:30:16::SCWPlatform::Started generating the artifacts platform design_1_wrapper
TRACE::2026-02-03.18:30:16::SCWPlatform::Sanity checking of platform is completed
LOG::2026-02-03.18:30:16::SCWPlatform::Started generating the artifacts for system configuration design_1_wrapper
LOG::2026-02-03.18:30:16::SCWSystem::Checking the domain zynq_fsbl
LOG::2026-02-03.18:30:16::SCWSystem::Doing application build for :  zynq_fsbl
TRACE::2026-02-03.18:30:16::SCWBDomain::Not a forced makefile updation, No changes are present. 
TRACE::2026-02-03.18:30:16::SCWDomain::Skipping the build for domain :  zynq_fsbl
LOG::2026-02-03.18:30:16::SCWSystem::Checking the domain domain_ps7_cortexa9_0
LOG::2026-02-03.18:30:16::SCWSystem::Not a boot domain 
LOG::2026-02-03.18:30:16::SCWSystem::Started Processing the domain domain_ps7_cortexa9_0
TRACE::2026-02-03.18:30:16::SCWDomain::Generating domain artifcats
TRACE::2026-02-03.18:30:16::SCWMssOS::Generating standalone artifcats
TRACE::2026-02-03.18:30:16::SCWMssOS::Copying the qemu file from  C:/Xilinx/Vitis/2020.1/data/emulation/platforms/zynq/qemu/qemu_args.txt To X:/cpre488/Labs/MP-0/vitus/design_1_wrapper/export/design_1_wrapper/sw/design_1_wrapper/qemu/
TRACE::2026-02-03.18:30:16::SCWMssOS::Copying the qemu file from  C:/Xilinx/Vitis/2020.1/data/emulation/platforms/zynq/qemu/qemu_args.txt To X:/cpre488/Labs/MP-0/vitus/design_1_wrapper/export/design_1_wrapper/sw/design_1_wrapper/domain_ps7_cortexa9_0/qemu/
TRACE::2026-02-03.18:30:16::SCWMssOS:: Copying the user libraries. 
TRACE::2026-02-03.18:30:16::SCWPlatform::Trying to open the hw design at X:/cpre488/Labs/MP-0/vitus/design_1_wrapper/hw/design_1_wrapper.xsa
TRACE::2026-02-03.18:30:16::SCWPlatform::DSA given X:/cpre488/Labs/MP-0/vitus/design_1_wrapper/hw/design_1_wrapper.xsa
TRACE::2026-02-03.18:30:16::SCWPlatform::DSA absoulate path X:/cpre488/Labs/MP-0/vitus/design_1_wrapper/hw/design_1_wrapper.xsa
TRACE::2026-02-03.18:30:16::SCWPlatform::DSA directory X:/cpre488/Labs/MP-0/vitus/design_1_wrapper/hw
TRACE::2026-02-03.18:30:16::SCWPlatform:: Platform Path X:/cpre488/Labs/MP-0/vitus/design_1_wrapper/hw/design_1_wrapper.xsa
TRACE::2026-02-03.18:30:16::SCWPlatform:: Unique name xilinx:zed::0.0
TRACE::2026-02-03.18:30:16::SCWPlatform::Trying to set the existing hwdb with name design_1_wrapper_14
TRACE::2026-02-03.18:30:16::SCWPlatform::Opened existing hwdb design_1_wrapper_14
TRACE::2026-02-03.18:30:16::SCWPlatform::Found the Hw Db part of the input DSA
TRACE::2026-02-03.18:30:16::SCWMssOS::Checking the sw design at  X:/cpre488/Labs/MP-0/vitus/design_1_wrapper/ps7_cortexa9_0/domain_ps7_cortexa9_0/bsp/system.mss
TRACE::2026-02-03.18:30:16::SCWMssOS::DEBUG:  swdes dump  X:/cpre488/Labs/MP-0/vitus/MP0_wrapper/ps7_cortexa9_0/domain_ps7_cortexa9_0/bsp/system.mss|system_0||
X:/cpre488/Labs/MP-0/vitus/MP0_wrapper/zynq_fsbl/zynq_fsbl_bsp/system.mss|system||
X:/cpre488/Labs/MP-0/vitus/design_1_wrapper/ps7_cortexa9_0/domain_ps7_cortexa9_0/bsp/system.mss|system_2||
X:/cpre488/Labs/MP-0/vitus/design_1_wrapper/zynq_fsbl/zynq_fsbl_bsp/system.mss|system_1||

TRACE::2026-02-03.18:30:16::SCWMssOS::Sw design exists and opened at  X:/cpre488/Labs/MP-0/vitus/design_1_wrapper/ps7_cortexa9_0/domain_ps7_cortexa9_0/bsp/system.mss
TRACE::2026-02-03.18:30:16::SCWMssOS::Completed writing the mss file at X:/cpre488/Labs/MP-0/vitus/design_1_wrapper/ps7_cortexa9_0/domain_ps7_cortexa9_0/bsp
TRACE::2026-02-03.18:30:16::SCWMssOS::Mss edits present, copying mssfile into export location X:/cpre488/Labs/MP-0/vitus/design_1_wrapper/ps7_cortexa9_0/domain_ps7_cortexa9_0/bsp/system.mss
TRACE::2026-02-03.18:30:16::SCWMssOS::bsp generated is upto date with the mss file. Skipping bsp generation.
TRACE::2026-02-03.18:30:16::SCWMssOS::BSP is already built. skipping the bsp build ... 
TRACE::2026-02-03.18:30:16::SCWDomain::Skipping the build for domain :  domain_ps7_cortexa9_0
TRACE::2026-02-03.18:30:16::SCWMssOS::skipping the bsp build ... 
TRACE::2026-02-03.18:30:16::SCWMssOS::Copying to export directory.
TRACE::2026-02-03.18:30:17::SCWMssOS:: Checking if to create the Supporting Applications
TRACE::2026-02-03.18:30:17::SCWMssOS:: No Linux domain exists, trying to generate FSBL 
LOG::2026-02-03.18:30:17::SCWSystem::Completed Processing the domain domain_ps7_cortexa9_0
LOG::2026-02-03.18:30:17::SCWSystem::Completed Processing the sysconfig design_1_wrapper
LOG::2026-02-03.18:30:17::SCWPlatform::Completed generating the artifacts for system configuration design_1_wrapper
TRACE::2026-02-03.18:30:17::SCWPlatform::Started preparing the platform 
TRACE::2026-02-03.18:30:17::SCWSystem::Writing the bif file for system config design_1_wrapper
TRACE::2026-02-03.18:30:17::SCWSystem::dir created 
TRACE::2026-02-03.18:30:17::SCWSystem::Writing the bif 
TRACE::2026-02-03.18:30:17::SCWPlatform::Started writing the spfm file 
TRACE::2026-02-03.18:30:17::SCWPlatform::Started writing the xpfm file 
TRACE::2026-02-03.18:30:17::SCWPlatform::Completed generating the platform
TRACE::2026-02-03.18:30:17::SCWMssOS::Saving the mss changes X:/cpre488/Labs/MP-0/vitus/design_1_wrapper/zynq_fsbl/zynq_fsbl_bsp/system.mss
TRACE::2026-02-03.18:30:17::SCWMssOS::Found a swdesign opened with the mssfile.
TRACE::2026-02-03.18:30:17::SCWMssOS::Completed writemss as part of save.
TRACE::2026-02-03.18:30:17::SCWMssOS::Commit changes completed.
TRACE::2026-02-03.18:30:17::SCWMssOS::Saving the mss changes X:/cpre488/Labs/MP-0/vitus/design_1_wrapper/ps7_cortexa9_0/domain_ps7_cortexa9_0/bsp/system.mss
TRACE::2026-02-03.18:30:17::SCWMssOS::Found a swdesign opened with the mssfile.
TRACE::2026-02-03.18:30:17::SCWMssOS::Completed writemss as part of save.
TRACE::2026-02-03.18:30:17::SCWMssOS::Commit changes completed.
TRACE::2026-02-03.18:30:17::SCWPlatform::Trying to open the hw design at X:/cpre488/Labs/MP-0/vitus/design_1_wrapper/hw/design_1_wrapper.xsa
TRACE::2026-02-03.18:30:17::SCWPlatform::DSA given X:/cpre488/Labs/MP-0/vitus/design_1_wrapper/hw/design_1_wrapper.xsa
TRACE::2026-02-03.18:30:17::SCWPlatform::DSA absoulate path X:/cpre488/Labs/MP-0/vitus/design_1_wrapper/hw/design_1_wrapper.xsa
TRACE::2026-02-03.18:30:17::SCWPlatform::DSA directory X:/cpre488/Labs/MP-0/vitus/design_1_wrapper/hw
TRACE::2026-02-03.18:30:17::SCWPlatform:: Platform Path X:/cpre488/Labs/MP-0/vitus/design_1_wrapper/hw/design_1_wrapper.xsa
TRACE::2026-02-03.18:30:17::SCWPlatform:: Unique name xilinx:zed::0.0
TRACE::2026-02-03.18:30:17::SCWPlatform::Trying to set the existing hwdb with name design_1_wrapper_14
TRACE::2026-02-03.18:30:17::SCWPlatform::Opened existing hwdb design_1_wrapper_14
TRACE::2026-02-03.18:30:17::SCWPlatform::Found the Hw Db part of the input DSA
TRACE::2026-02-03.18:30:17::SCWMssOS::Checking the sw design at  X:/cpre488/Labs/MP-0/vitus/design_1_wrapper/zynq_fsbl/zynq_fsbl_bsp/system.mss
TRACE::2026-02-03.18:30:17::SCWMssOS::DEBUG:  swdes dump  X:/cpre488/Labs/MP-0/vitus/MP0_wrapper/ps7_cortexa9_0/domain_ps7_cortexa9_0/bsp/system.mss|system_0||
X:/cpre488/Labs/MP-0/vitus/MP0_wrapper/zynq_fsbl/zynq_fsbl_bsp/system.mss|system||
X:/cpre488/Labs/MP-0/vitus/design_1_wrapper/ps7_cortexa9_0/domain_ps7_cortexa9_0/bsp/system.mss|system_2||
X:/cpre488/Labs/MP-0/vitus/design_1_wrapper/zynq_fsbl/zynq_fsbl_bsp/system.mss|system_1||

TRACE::2026-02-03.18:30:17::SCWMssOS::Sw design exists and opened at  X:/cpre488/Labs/MP-0/vitus/design_1_wrapper/zynq_fsbl/zynq_fsbl_bsp/system.mss
TRACE::2026-02-03.18:30:17::SCWPlatform::Trying to open the hw design at X:/cpre488/Labs/MP-0/vitus/design_1_wrapper/hw/design_1_wrapper.xsa
TRACE::2026-02-03.18:30:17::SCWPlatform::DSA given X:/cpre488/Labs/MP-0/vitus/design_1_wrapper/hw/design_1_wrapper.xsa
TRACE::2026-02-03.18:30:17::SCWPlatform::DSA absoulate path X:/cpre488/Labs/MP-0/vitus/design_1_wrapper/hw/design_1_wrapper.xsa
TRACE::2026-02-03.18:30:17::SCWPlatform::DSA directory X:/cpre488/Labs/MP-0/vitus/design_1_wrapper/hw
TRACE::2026-02-03.18:30:17::SCWPlatform:: Platform Path X:/cpre488/Labs/MP-0/vitus/design_1_wrapper/hw/design_1_wrapper.xsa
TRACE::2026-02-03.18:30:17::SCWPlatform:: Unique name xilinx:zed::0.0
TRACE::2026-02-03.18:30:17::SCWPlatform::Trying to set the existing hwdb with name design_1_wrapper_14
TRACE::2026-02-03.18:30:17::SCWPlatform::Opened existing hwdb design_1_wrapper_14
TRACE::2026-02-03.18:30:17::SCWPlatform::Found the Hw Db part of the input DSA
TRACE::2026-02-03.18:30:17::SCWMssOS::Checking the sw design at  X:/cpre488/Labs/MP-0/vitus/design_1_wrapper/ps7_cortexa9_0/domain_ps7_cortexa9_0/bsp/system.mss
TRACE::2026-02-03.18:30:17::SCWMssOS::DEBUG:  swdes dump  X:/cpre488/Labs/MP-0/vitus/MP0_wrapper/ps7_cortexa9_0/domain_ps7_cortexa9_0/bsp/system.mss|system_0||
X:/cpre488/Labs/MP-0/vitus/MP0_wrapper/zynq_fsbl/zynq_fsbl_bsp/system.mss|system||
X:/cpre488/Labs/MP-0/vitus/design_1_wrapper/ps7_cortexa9_0/domain_ps7_cortexa9_0/bsp/system.mss|system_2||
X:/cpre488/Labs/MP-0/vitus/design_1_wrapper/zynq_fsbl/zynq_fsbl_bsp/system.mss|system_1||

TRACE::2026-02-03.18:30:17::SCWMssOS::Sw design exists and opened at  X:/cpre488/Labs/MP-0/vitus/design_1_wrapper/ps7_cortexa9_0/domain_ps7_cortexa9_0/bsp/system.mss
TRACE::2026-02-03.18:30:17::SCWWriter::formatted JSON is {
	"platformName":	"design_1_wrapper",
	"sprVersion":	"2.0",
	"mode":	"gui",
	"dsaType":	"Fixed",
	"platformDesc":	"design_1_wrapper",
	"platHandOff":	"X:/cpre488/Labs/MP-0/MP0_round2/design_1_wrapper.xsa",
	"platIntHandOff":	"<platformDir>/hw/design_1_wrapper.xsa",
	"deviceType":	"zynq",
	"platIsPrebuiltAutogen":	"false",
	"platIsNoBootBsp":	"false",
	"hasFsblMakeHasChanges":	"false",
	"hasPmufwMakeHasChanges":	"false",
	"fsblExtraCompilerFlags":	"-MMD -MP       -mcpu=cortex-a9 -mfpu=vfpv3 -mfloat-abi=hard ",
	"platPreBuiltFlag":	false,
	"platformSamplesDir":	"",
	"platActiveSys":	"design_1_wrapper",
	"systems":	[{
			"systemName":	"design_1_wrapper",
			"systemDesc":	"design_1_wrapper",
			"sysIsBootAutoGen":	"true",
			"systemDispName":	"design_1_wrapper",
			"sysActiveDom":	"domain_ps7_cortexa9_0",
			"sysDefaultDom":	"domain_ps7_cortexa9_0",
			"domains":	[{
					"domainName":	"zynq_fsbl",
					"domainDispName":	"zynq_fsbl",
					"domainDesc":	"FSBL Application BSP - Auto Generated.",
					"processors":	"ps7_cortexa9_0",
					"os":	"standalone",
					"sdxOs":	"standalone",
					"debugEnable":	"",
					"domRuntimes":	["cpp"],
					"swRepo":	"",
					"mssOsVer":	"7.2",
					"mssFile":	"",
					"md5Digest":	"d2d420d87bcfafaa761d1aba64f21ae8",
					"compatibleApp":	"zynq_fsbl",
					"domType":	"bootDomain",
					"arch":	"32-bit",
					"appSettings":	{
						"appCompilerFlags":	"",
						"appLinkerFlags":	""
					},
					"addedLibs":	["xilffs:4.3", "xilrsa:1.6"],
					"libOptions":	{
						"libsContainingOptions":	[]
					},
					"prebuiltLibs":	{
						"prebuiltIncPath":	[],
						"prebuiltLibPath":	[]
					},
					"isolation":	{
					}
				}, {
					"domainName":	"domain_ps7_cortexa9_0",
					"domainDispName":	"domain_ps7_cortexa9_0",
					"domainDesc":	"domain_ps7_cortexa9_0",
					"processors":	"ps7_cortexa9_0",
					"os":	"standalone",
					"sdxOs":	"standalone",
					"qemuArgs":	"C:/Xilinx/Vitis/2020.1/data/emulation/platforms/zynq/qemu/qemu_args.txt",
					"qemuData":	"C:/Xilinx/Vitis/2020.1/data/emulation/platforms/zynq/qemu/",
					"debugEnable":	"False",
					"domRuntimes":	["cpp"],
					"swRepo":	"",
					"mssOsVer":	"7.2",
					"mssFile":	"",
					"md5Digest":	"0103012646b99f26b289ff154d95cad8",
					"compatibleApp":	"",
					"domType":	"mssDomain",
					"arch":	"32-bit",
					"appSettings":	{
						"appCompilerFlags":	"",
						"appLinkerFlags":	""
					},
					"addedLibs":	[],
					"libOptions":	{
						"libsContainingOptions":	[]
					},
					"prebuiltLibs":	{
						"prebuiltIncPath":	[],
						"prebuiltLibPath":	[]
					},
					"isolation":	{
					}
				}]
		}]
}
KEYINFO::2026-02-03.18:30:17::SCWPlatform::updated the xpfm file.
TRACE::2026-02-03.18:30:17::SCWPlatform::Trying to open the hw design at X:/cpre488/Labs/MP-0/vitus/design_1_wrapper/hw/design_1_wrapper.xsa
TRACE::2026-02-03.18:30:17::SCWPlatform::DSA given X:/cpre488/Labs/MP-0/vitus/design_1_wrapper/hw/design_1_wrapper.xsa
TRACE::2026-02-03.18:30:17::SCWPlatform::DSA absoulate path X:/cpre488/Labs/MP-0/vitus/design_1_wrapper/hw/design_1_wrapper.xsa
TRACE::2026-02-03.18:30:17::SCWPlatform::DSA directory X:/cpre488/Labs/MP-0/vitus/design_1_wrapper/hw
TRACE::2026-02-03.18:30:17::SCWPlatform:: Platform Path X:/cpre488/Labs/MP-0/vitus/design_1_wrapper/hw/design_1_wrapper.xsa
TRACE::2026-02-03.18:30:17::SCWPlatform:: Unique name xilinx:zed::0.0
TRACE::2026-02-03.18:30:17::SCWPlatform::Trying to set the existing hwdb with name design_1_wrapper_14
TRACE::2026-02-03.18:30:17::SCWPlatform::Opened existing hwdb design_1_wrapper_14
TRACE::2026-02-03.18:30:17::SCWPlatform::Found the Hw Db part of the input DSA
TRACE::2026-02-03.18:30:17::SCWMssOS::Checking the sw design at  X:/cpre488/Labs/MP-0/vitus/design_1_wrapper/ps7_cortexa9_0/domain_ps7_cortexa9_0/bsp/system.mss
TRACE::2026-02-03.18:30:17::SCWMssOS::DEBUG:  swdes dump  X:/cpre488/Labs/MP-0/vitus/MP0_wrapper/ps7_cortexa9_0/domain_ps7_cortexa9_0/bsp/system.mss|system_0||
X:/cpre488/Labs/MP-0/vitus/MP0_wrapper/zynq_fsbl/zynq_fsbl_bsp/system.mss|system||
X:/cpre488/Labs/MP-0/vitus/design_1_wrapper/ps7_cortexa9_0/domain_ps7_cortexa9_0/bsp/system.mss|system_2||
X:/cpre488/Labs/MP-0/vitus/design_1_wrapper/zynq_fsbl/zynq_fsbl_bsp/system.mss|system_1||

TRACE::2026-02-03.18:30:17::SCWMssOS::Sw design exists and opened at  X:/cpre488/Labs/MP-0/vitus/design_1_wrapper/ps7_cortexa9_0/domain_ps7_cortexa9_0/bsp/system.mss
