TRACE::2026-01-29.17:29:50::SCWPlatform::Trying to open the hw design at X:/cpre488/Labs/MP-0/vitus/MP0_wrapper/hw/MP0_wrapper.xsa
TRACE::2026-01-29.17:29:50::SCWPlatform::DSA given X:/cpre488/Labs/MP-0/vitus/MP0_wrapper/hw/MP0_wrapper.xsa
TRACE::2026-01-29.17:29:50::SCWPlatform::DSA absoulate path X:/cpre488/Labs/MP-0/vitus/MP0_wrapper/hw/MP0_wrapper.xsa
TRACE::2026-01-29.17:29:51::SCWPlatform::DSA directory X:/cpre488/Labs/MP-0/vitus/MP0_wrapper/hw
TRACE::2026-01-29.17:29:51::SCWPlatform:: Platform Path X:/cpre488/Labs/MP-0/vitus/MP0_wrapper/hw/MP0_wrapper.xsa
TRACE::2026-01-29.17:29:51::SCWPlatform:: Unique name xilinx:zed::0.0
TRACE::2026-01-29.17:29:51::SCWPlatform::Do not have an existing db opened. 
TRACE::2026-01-29.17:29:53::SCWPlatform::Opened new HwDB with name MP0_wrapper_0
TRACE::2026-01-29.17:29:53::SCWWriter::formatted JSON is {
	"platformName":	"MP0_wrapper",
	"sprVersion":	"2.0",
	"mode":	"gui",
	"dsaType":	"Fixed",
	"platformDesc":	"MP0_wrapper",
	"platHandOff":	"X:/cpre488/Labs/MP-0/MP-0/MP0_wrapper.xsa",
	"platIntHandOff":	"<platformDir>/hw/MP0_wrapper.xsa",
	"deviceType":	"zynq",
	"platIsPrebuiltAutogen":	"false",
	"platIsNoBootBsp":	"false",
	"hasFsblMakeHasChanges":	"false",
	"hasPmufwMakeHasChanges":	"false",
	"platPreBuiltFlag":	false,
	"platformSamplesDir":	""
}
TRACE::2026-01-29.17:29:53::SCWWriter::formatted JSON is {
	"platformName":	"MP0_wrapper",
	"sprVersion":	"2.0",
	"mode":	"gui",
	"dsaType":	"Fixed",
	"platformDesc":	"MP0_wrapper",
	"platHandOff":	"X:/cpre488/Labs/MP-0/MP-0/MP0_wrapper.xsa",
	"platIntHandOff":	"<platformDir>/hw/MP0_wrapper.xsa",
	"deviceType":	"zynq",
	"platIsPrebuiltAutogen":	"false",
	"platIsNoBootBsp":	"false",
	"hasFsblMakeHasChanges":	"false",
	"hasPmufwMakeHasChanges":	"false",
	"platPreBuiltFlag":	false,
	"platformSamplesDir":	"",
	"platActiveSys":	"MP0_wrapper",
	"systems":	[{
			"systemName":	"MP0_wrapper",
			"systemDesc":	"MP0_wrapper",
			"sysIsBootAutoGen":	"true",
			"systemDispName":	"MP0_wrapper"
		}]
}
TRACE::2026-01-29.17:29:53::SCWPlatform::Boot application domains not present, creating them
TRACE::2026-01-29.17:29:53::SCWDomain::checking for install qemu data   : 
TRACE::2026-01-29.17:29:53::SCWDomain:: Using the QEMU Data from install at  : C:/Xilinx/Vitis/2020.1/data/emulation/platforms/zynq/qemu/
TRACE::2026-01-29.17:29:53::SCWDomain:: Using the QEMU args  from install at  : C:/Xilinx/Vitis/2020.1/data/emulation/platforms/zynq/qemu/qemu_args.txt
TRACE::2026-01-29.17:29:53::SCWPlatform::Trying to open the hw design at X:/cpre488/Labs/MP-0/vitus/MP0_wrapper/hw/MP0_wrapper.xsa
TRACE::2026-01-29.17:29:53::SCWPlatform::DSA given X:/cpre488/Labs/MP-0/vitus/MP0_wrapper/hw/MP0_wrapper.xsa
TRACE::2026-01-29.17:29:53::SCWPlatform::DSA absoulate path X:/cpre488/Labs/MP-0/vitus/MP0_wrapper/hw/MP0_wrapper.xsa
TRACE::2026-01-29.17:29:53::SCWPlatform::DSA directory X:/cpre488/Labs/MP-0/vitus/MP0_wrapper/hw
TRACE::2026-01-29.17:29:53::SCWPlatform:: Platform Path X:/cpre488/Labs/MP-0/vitus/MP0_wrapper/hw/MP0_wrapper.xsa
TRACE::2026-01-29.17:29:53::SCWPlatform:: Unique name xilinx:zed::0.0
TRACE::2026-01-29.17:29:53::SCWPlatform::Trying to set the existing hwdb with name MP0_wrapper_0
TRACE::2026-01-29.17:29:53::SCWPlatform::Opened existing hwdb MP0_wrapper_0
TRACE::2026-01-29.17:29:53::SCWPlatform::Found the Hw Db part of the input DSA
TRACE::2026-01-29.17:29:53::SCWPlatform::Trying to open the hw design at X:/cpre488/Labs/MP-0/vitus/MP0_wrapper/hw/MP0_wrapper.xsa
TRACE::2026-01-29.17:29:53::SCWPlatform::DSA given X:/cpre488/Labs/MP-0/vitus/MP0_wrapper/hw/MP0_wrapper.xsa
TRACE::2026-01-29.17:29:53::SCWPlatform::DSA absoulate path X:/cpre488/Labs/MP-0/vitus/MP0_wrapper/hw/MP0_wrapper.xsa
TRACE::2026-01-29.17:29:53::SCWPlatform::DSA directory X:/cpre488/Labs/MP-0/vitus/MP0_wrapper/hw
TRACE::2026-01-29.17:29:53::SCWPlatform:: Platform Path X:/cpre488/Labs/MP-0/vitus/MP0_wrapper/hw/MP0_wrapper.xsa
TRACE::2026-01-29.17:29:53::SCWPlatform:: Unique name xilinx:zed::0.0
TRACE::2026-01-29.17:29:53::SCWPlatform::Trying to set the existing hwdb with name MP0_wrapper_0
TRACE::2026-01-29.17:29:53::SCWPlatform::Opened existing hwdb MP0_wrapper_0
TRACE::2026-01-29.17:29:53::SCWPlatform::Found the Hw Db part of the input DSA
TRACE::2026-01-29.17:29:53::SCWPlatform::Trying to open the hw design at X:/cpre488/Labs/MP-0/vitus/MP0_wrapper/hw/MP0_wrapper.xsa
TRACE::2026-01-29.17:29:53::SCWPlatform::DSA given X:/cpre488/Labs/MP-0/vitus/MP0_wrapper/hw/MP0_wrapper.xsa
TRACE::2026-01-29.17:29:53::SCWPlatform::DSA absoulate path X:/cpre488/Labs/MP-0/vitus/MP0_wrapper/hw/MP0_wrapper.xsa
TRACE::2026-01-29.17:29:53::SCWPlatform::DSA directory X:/cpre488/Labs/MP-0/vitus/MP0_wrapper/hw
TRACE::2026-01-29.17:29:53::SCWPlatform:: Platform Path X:/cpre488/Labs/MP-0/vitus/MP0_wrapper/hw/MP0_wrapper.xsa
TRACE::2026-01-29.17:29:53::SCWPlatform:: Unique name xilinx:zed::0.0
TRACE::2026-01-29.17:29:53::SCWPlatform::Trying to set the existing hwdb with name MP0_wrapper_0
TRACE::2026-01-29.17:29:53::SCWPlatform::Opened existing hwdb MP0_wrapper_0
TRACE::2026-01-29.17:29:53::SCWPlatform::Found the Hw Db part of the input DSA
TRACE::2026-01-29.17:29:53::SCWPlatform::Boot application domain added for zynq_fsbl
TRACE::2026-01-29.17:29:53::SCWPlatform::Generating the sources  .
TRACE::2026-01-29.17:29:53::SCWBDomain::Generating boot domain sources.
TRACE::2026-01-29.17:29:53::SCWBDomain:: Generating the zynq_fsbl Application.
TRACE::2026-01-29.17:29:53::SCWPlatform::Trying to open the hw design at X:/cpre488/Labs/MP-0/vitus/MP0_wrapper/hw/MP0_wrapper.xsa
TRACE::2026-01-29.17:29:53::SCWPlatform::DSA given X:/cpre488/Labs/MP-0/vitus/MP0_wrapper/hw/MP0_wrapper.xsa
TRACE::2026-01-29.17:29:53::SCWPlatform::DSA absoulate path X:/cpre488/Labs/MP-0/vitus/MP0_wrapper/hw/MP0_wrapper.xsa
TRACE::2026-01-29.17:29:53::SCWPlatform::DSA directory X:/cpre488/Labs/MP-0/vitus/MP0_wrapper/hw
TRACE::2026-01-29.17:29:53::SCWPlatform:: Platform Path X:/cpre488/Labs/MP-0/vitus/MP0_wrapper/hw/MP0_wrapper.xsa
TRACE::2026-01-29.17:29:53::SCWPlatform:: Unique name xilinx:zed::0.0
TRACE::2026-01-29.17:29:53::SCWPlatform::Trying to set the existing hwdb with name MP0_wrapper_0
TRACE::2026-01-29.17:29:53::SCWPlatform::Opened existing hwdb MP0_wrapper_0
TRACE::2026-01-29.17:29:53::SCWPlatform::Found the Hw Db part of the input DSA
TRACE::2026-01-29.17:29:53::SCWMssOS::Checking the sw design at  X:/cpre488/Labs/MP-0/vitus/MP0_wrapper/zynq_fsbl/zynq_fsbl_bsp/system.mss
TRACE::2026-01-29.17:29:53::SCWMssOS::DEBUG:  swdes dump  
TRACE::2026-01-29.17:29:53::SCWMssOS::No sw design opened at  X:/cpre488/Labs/MP-0/vitus/MP0_wrapper/zynq_fsbl/zynq_fsbl_bsp/system.mss
TRACE::2026-01-29.17:29:53::SCWMssOS::mss does not exists at X:/cpre488/Labs/MP-0/vitus/MP0_wrapper/zynq_fsbl/zynq_fsbl_bsp/system.mss
TRACE::2026-01-29.17:29:53::SCWMssOS::Creating sw design at  X:/cpre488/Labs/MP-0/vitus/MP0_wrapper/zynq_fsbl/zynq_fsbl_bsp/system.mss
TRACE::2026-01-29.17:29:53::SCWMssOS::Adding the swdes entry, created swdb X:/cpre488/Labs/MP-0/vitus/MP0_wrapper/zynq_fsbl/zynq_fsbl_bsp/system.mss with des name X:/cpre488/Labs/MP-0/vitus/MP0_wrapper/zynq_fsbl/zynq_fsbl_bsp/system.mss
TRACE::2026-01-29.17:29:53::SCWMssOS::updating the scw layer changes to swdes at   X:/cpre488/Labs/MP-0/vitus/MP0_wrapper/zynq_fsbl/zynq_fsbl_bsp/system.mss
TRACE::2026-01-29.17:29:53::SCWMssOS::Writing mss at X:/cpre488/Labs/MP-0/vitus/MP0_wrapper/zynq_fsbl/zynq_fsbl_bsp/system.mss
TRACE::2026-01-29.17:29:53::SCWMssOS::Completed writing the mss file at X:/cpre488/Labs/MP-0/vitus/MP0_wrapper/zynq_fsbl/zynq_fsbl_bsp
TRACE::2026-01-29.17:29:53::SCWMssOS::Picking up changes from newly written mss file into SCW Layer. 
TRACE::2026-01-29.17:29:53::SCWMssOS::Updated the changes from newly written mss file into SCW Layer. 
TRACE::2026-01-29.17:29:53::SCWBDomain::Completed writing the mss file at X:/cpre488/Labs/MP-0/vitus/MP0_wrapper/zynq_fsbl/zynq_fsbl_bsp
TRACE::2026-01-29.17:30:00::SCWPlatform::Generating sources Done.
TRACE::2026-01-29.17:30:00::SCWPlatform::Trying to open the hw design at X:/cpre488/Labs/MP-0/vitus/MP0_wrapper/hw/MP0_wrapper.xsa
TRACE::2026-01-29.17:30:00::SCWPlatform::DSA given X:/cpre488/Labs/MP-0/vitus/MP0_wrapper/hw/MP0_wrapper.xsa
TRACE::2026-01-29.17:30:00::SCWPlatform::DSA absoulate path X:/cpre488/Labs/MP-0/vitus/MP0_wrapper/hw/MP0_wrapper.xsa
TRACE::2026-01-29.17:30:00::SCWPlatform::DSA directory X:/cpre488/Labs/MP-0/vitus/MP0_wrapper/hw
TRACE::2026-01-29.17:30:00::SCWPlatform:: Platform Path X:/cpre488/Labs/MP-0/vitus/MP0_wrapper/hw/MP0_wrapper.xsa
TRACE::2026-01-29.17:30:00::SCWPlatform:: Unique name xilinx:zed::0.0
TRACE::2026-01-29.17:30:00::SCWPlatform::Trying to set the existing hwdb with name MP0_wrapper_0
TRACE::2026-01-29.17:30:00::SCWPlatform::Opened existing hwdb MP0_wrapper_0
TRACE::2026-01-29.17:30:00::SCWPlatform::Found the Hw Db part of the input DSA
TRACE::2026-01-29.17:30:00::SCWMssOS::Checking the sw design at  X:/cpre488/Labs/MP-0/vitus/MP0_wrapper/zynq_fsbl/zynq_fsbl_bsp/system.mss
TRACE::2026-01-29.17:30:00::SCWMssOS::DEBUG:  swdes dump  X:/cpre488/Labs/MP-0/vitus/MP0_wrapper/zynq_fsbl/zynq_fsbl_bsp/system.mss|X:/cpre488/Labs/MP-0/vitus/MP0_wrapper/zynq_fsbl/zynq_fsbl_bsp/system.mss||

KEYINFO::2026-01-29.17:30:00::SCWMssOS::Could not open the swdb for X:/cpre488/Labs/MP-0/vitus/MP0_wrapper/zynq_fsbl/zynq_fsbl_bsp/system.mss
KEYINFO::2026-01-29.17:30:00::SCWMssOS::Could not open the sw design at  X:/cpre488/Labs/MP-0/vitus/MP0_wrapper/zynq_fsbl/zynq_fsbl_bsp/system.mss
ERROR: [Hsi 55-1558] Software Design X:/cpre488/Labs/MP-0/vitus/MP0_wrapper/zynq_fsbl/zynq_fsbl_bsp/system.mss is not found

TRACE::2026-01-29.17:30:00::SCWMssOS::Cleared the swdb table entry
TRACE::2026-01-29.17:30:00::SCWMssOS::No sw design opened at  X:/cpre488/Labs/MP-0/vitus/MP0_wrapper/zynq_fsbl/zynq_fsbl_bsp/system.mss
TRACE::2026-01-29.17:30:00::SCWMssOS::mss exists loading the mss file  X:/cpre488/Labs/MP-0/vitus/MP0_wrapper/zynq_fsbl/zynq_fsbl_bsp/system.mss
TRACE::2026-01-29.17:30:00::SCWMssOS::Opened the sw design from mss  X:/cpre488/Labs/MP-0/vitus/MP0_wrapper/zynq_fsbl/zynq_fsbl_bsp/system.mss
TRACE::2026-01-29.17:30:00::SCWMssOS::Adding the swdes entry X:/cpre488/Labs/MP-0/vitus/MP0_wrapper/zynq_fsbl/zynq_fsbl_bsp/system.mss with des name system
TRACE::2026-01-29.17:30:00::SCWMssOS::updating the scw layer about changes
TRACE::2026-01-29.17:30:00::SCWMssOS::Opened the sw design.  X:/cpre488/Labs/MP-0/vitus/MP0_wrapper/zynq_fsbl/zynq_fsbl_bsp/system.mss
TRACE::2026-01-29.17:30:00::SCWMssOS::Saving the mss changes X:/cpre488/Labs/MP-0/vitus/MP0_wrapper/zynq_fsbl/zynq_fsbl_bsp/system.mss
TRACE::2026-01-29.17:30:00::SCWMssOS::Found a swdesign opened with the mssfile.
TRACE::2026-01-29.17:30:00::SCWMssOS::Completed writemss as part of save.
TRACE::2026-01-29.17:30:00::SCWMssOS::Commit changes completed.
TRACE::2026-01-29.17:30:00::SCWPlatform::Trying to open the hw design at X:/cpre488/Labs/MP-0/vitus/MP0_wrapper/hw/MP0_wrapper.xsa
TRACE::2026-01-29.17:30:00::SCWPlatform::DSA given X:/cpre488/Labs/MP-0/vitus/MP0_wrapper/hw/MP0_wrapper.xsa
TRACE::2026-01-29.17:30:00::SCWPlatform::DSA absoulate path X:/cpre488/Labs/MP-0/vitus/MP0_wrapper/hw/MP0_wrapper.xsa
TRACE::2026-01-29.17:30:00::SCWPlatform::DSA directory X:/cpre488/Labs/MP-0/vitus/MP0_wrapper/hw
TRACE::2026-01-29.17:30:00::SCWPlatform:: Platform Path X:/cpre488/Labs/MP-0/vitus/MP0_wrapper/hw/MP0_wrapper.xsa
TRACE::2026-01-29.17:30:00::SCWPlatform:: Unique name xilinx:zed::0.0
TRACE::2026-01-29.17:30:00::SCWPlatform::Trying to set the existing hwdb with name MP0_wrapper_0
TRACE::2026-01-29.17:30:00::SCWPlatform::Opened existing hwdb MP0_wrapper_0
TRACE::2026-01-29.17:30:00::SCWPlatform::Found the Hw Db part of the input DSA
TRACE::2026-01-29.17:30:00::SCWMssOS::Checking the sw design at  X:/cpre488/Labs/MP-0/vitus/MP0_wrapper/zynq_fsbl/zynq_fsbl_bsp/system.mss
TRACE::2026-01-29.17:30:00::SCWMssOS::DEBUG:  swdes dump  X:/cpre488/Labs/MP-0/vitus/MP0_wrapper/zynq_fsbl/zynq_fsbl_bsp/system.mss|system||

TRACE::2026-01-29.17:30:00::SCWMssOS::Sw design exists and opened at  X:/cpre488/Labs/MP-0/vitus/MP0_wrapper/zynq_fsbl/zynq_fsbl_bsp/system.mss
TRACE::2026-01-29.17:30:00::SCWPlatform::Trying to open the hw design at X:/cpre488/Labs/MP-0/vitus/MP0_wrapper/hw/MP0_wrapper.xsa
TRACE::2026-01-29.17:30:00::SCWPlatform::DSA given X:/cpre488/Labs/MP-0/vitus/MP0_wrapper/hw/MP0_wrapper.xsa
TRACE::2026-01-29.17:30:00::SCWPlatform::DSA absoulate path X:/cpre488/Labs/MP-0/vitus/MP0_wrapper/hw/MP0_wrapper.xsa
TRACE::2026-01-29.17:30:00::SCWPlatform::DSA directory X:/cpre488/Labs/MP-0/vitus/MP0_wrapper/hw
TRACE::2026-01-29.17:30:00::SCWPlatform:: Platform Path X:/cpre488/Labs/MP-0/vitus/MP0_wrapper/hw/MP0_wrapper.xsa
TRACE::2026-01-29.17:30:00::SCWPlatform:: Unique name xilinx:zed::0.0
TRACE::2026-01-29.17:30:00::SCWPlatform::Trying to set the existing hwdb with name MP0_wrapper_0
TRACE::2026-01-29.17:30:00::SCWPlatform::Opened existing hwdb MP0_wrapper_0
TRACE::2026-01-29.17:30:00::SCWPlatform::Found the Hw Db part of the input DSA
TRACE::2026-01-29.17:30:00::SCWMssOS::Checking the sw design at  X:/cpre488/Labs/MP-0/vitus/MP0_wrapper/zynq_fsbl/zynq_fsbl_bsp/system.mss
TRACE::2026-01-29.17:30:00::SCWMssOS::DEBUG:  swdes dump  X:/cpre488/Labs/MP-0/vitus/MP0_wrapper/zynq_fsbl/zynq_fsbl_bsp/system.mss|system||

TRACE::2026-01-29.17:30:00::SCWMssOS::Sw design exists and opened at  X:/cpre488/Labs/MP-0/vitus/MP0_wrapper/zynq_fsbl/zynq_fsbl_bsp/system.mss
TRACE::2026-01-29.17:30:00::SCWPlatform::Trying to open the hw design at X:/cpre488/Labs/MP-0/vitus/MP0_wrapper/hw/MP0_wrapper.xsa
TRACE::2026-01-29.17:30:00::SCWPlatform::DSA given X:/cpre488/Labs/MP-0/vitus/MP0_wrapper/hw/MP0_wrapper.xsa
TRACE::2026-01-29.17:30:00::SCWPlatform::DSA absoulate path X:/cpre488/Labs/MP-0/vitus/MP0_wrapper/hw/MP0_wrapper.xsa
TRACE::2026-01-29.17:30:00::SCWPlatform::DSA directory X:/cpre488/Labs/MP-0/vitus/MP0_wrapper/hw
TRACE::2026-01-29.17:30:00::SCWPlatform:: Platform Path X:/cpre488/Labs/MP-0/vitus/MP0_wrapper/hw/MP0_wrapper.xsa
TRACE::2026-01-29.17:30:00::SCWPlatform:: Unique name xilinx:zed::0.0
TRACE::2026-01-29.17:30:00::SCWPlatform::Trying to set the existing hwdb with name MP0_wrapper_0
TRACE::2026-01-29.17:30:00::SCWPlatform::Opened existing hwdb MP0_wrapper_0
TRACE::2026-01-29.17:30:00::SCWPlatform::Found the Hw Db part of the input DSA
TRACE::2026-01-29.17:30:00::SCWMssOS::Checking the sw design at  X:/cpre488/Labs/MP-0/vitus/MP0_wrapper/zynq_fsbl/zynq_fsbl_bsp/system.mss
TRACE::2026-01-29.17:30:00::SCWMssOS::DEBUG:  swdes dump  X:/cpre488/Labs/MP-0/vitus/MP0_wrapper/zynq_fsbl/zynq_fsbl_bsp/system.mss|system||

TRACE::2026-01-29.17:30:00::SCWMssOS::Sw design exists and opened at  X:/cpre488/Labs/MP-0/vitus/MP0_wrapper/zynq_fsbl/zynq_fsbl_bsp/system.mss
TRACE::2026-01-29.17:30:00::SCWWriter::formatted JSON is {
	"platformName":	"MP0_wrapper",
	"sprVersion":	"2.0",
	"mode":	"gui",
	"dsaType":	"Fixed",
	"platformDesc":	"MP0_wrapper",
	"platHandOff":	"X:/cpre488/Labs/MP-0/MP-0/MP0_wrapper.xsa",
	"platIntHandOff":	"<platformDir>/hw/MP0_wrapper.xsa",
	"deviceType":	"zynq",
	"platIsPrebuiltAutogen":	"false",
	"platIsNoBootBsp":	"false",
	"platFsblTarget":	"ps7_cortexa9_0",
	"hasFsblMakeHasChanges":	"false",
	"hasPmufwMakeHasChanges":	"false",
	"fsblExtraCompilerFlags":	"-MMD -MP       -mcpu=cortex-a9 -mfpu=vfpv3 -mfloat-abi=hard ",
	"platPreBuiltFlag":	false,
	"platformSamplesDir":	"",
	"platActiveSys":	"MP0_wrapper",
	"systems":	[{
			"systemName":	"MP0_wrapper",
			"systemDesc":	"MP0_wrapper",
			"sysIsBootAutoGen":	"true",
			"systemDispName":	"MP0_wrapper",
			"sysActiveDom":	"zynq_fsbl",
			"sysDefaultDom":	"",
			"domains":	[{
					"domainName":	"zynq_fsbl",
					"domainDispName":	"zynq_fsbl",
					"domainDesc":	"FSBL Application BSP - Auto Generated.",
					"processors":	"ps7_cortexa9_0",
					"os":	"standalone",
					"sdxOs":	"standalone",
					"debugEnable":	"",
					"domRuntimes":	["cpp"],
					"swRepo":	"",
					"mssOsVer":	"7.2",
					"mssFile":	"",
					"md5Digest":	"d070912764dbc9091b0675940dbd0d2a",
					"compatibleApp":	"zynq_fsbl",
					"domType":	"bootDomain",
					"arch":	"32-bit",
					"appSettings":	{
						"appCompilerFlags":	"",
						"appLinkerFlags":	""
					},
					"addedLibs":	["xilffs:4.3", "xilrsa:1.6"],
					"libOptions":	{
						"libsContainingOptions":	[]
					},
					"prebuiltLibs":	{
						"prebuiltIncPath":	[],
						"prebuiltLibPath":	[]
					},
					"isolation":	{
					}
				}]
		}]
}
TRACE::2026-01-29.17:30:00::SCWMssOS::Saving the mss changes X:/cpre488/Labs/MP-0/vitus/MP0_wrapper/zynq_fsbl/zynq_fsbl_bsp/system.mss
TRACE::2026-01-29.17:30:00::SCWMssOS::Found a swdesign opened with the mssfile.
TRACE::2026-01-29.17:30:00::SCWMssOS::Completed writemss as part of save.
TRACE::2026-01-29.17:30:00::SCWMssOS::Commit changes completed.
TRACE::2026-01-29.17:30:00::SCWPlatform::Trying to open the hw design at X:/cpre488/Labs/MP-0/vitus/MP0_wrapper/hw/MP0_wrapper.xsa
TRACE::2026-01-29.17:30:00::SCWPlatform::DSA given X:/cpre488/Labs/MP-0/vitus/MP0_wrapper/hw/MP0_wrapper.xsa
TRACE::2026-01-29.17:30:00::SCWPlatform::DSA absoulate path X:/cpre488/Labs/MP-0/vitus/MP0_wrapper/hw/MP0_wrapper.xsa
TRACE::2026-01-29.17:30:00::SCWPlatform::DSA directory X:/cpre488/Labs/MP-0/vitus/MP0_wrapper/hw
TRACE::2026-01-29.17:30:00::SCWPlatform:: Platform Path X:/cpre488/Labs/MP-0/vitus/MP0_wrapper/hw/MP0_wrapper.xsa
TRACE::2026-01-29.17:30:00::SCWPlatform:: Unique name xilinx:zed::0.0
TRACE::2026-01-29.17:30:00::SCWPlatform::Trying to set the existing hwdb with name MP0_wrapper_0
TRACE::2026-01-29.17:30:00::SCWPlatform::Opened existing hwdb MP0_wrapper_0
TRACE::2026-01-29.17:30:00::SCWPlatform::Found the Hw Db part of the input DSA
TRACE::2026-01-29.17:30:00::SCWMssOS::Checking the sw design at  X:/cpre488/Labs/MP-0/vitus/MP0_wrapper/zynq_fsbl/zynq_fsbl_bsp/system.mss
TRACE::2026-01-29.17:30:00::SCWMssOS::DEBUG:  swdes dump  X:/cpre488/Labs/MP-0/vitus/MP0_wrapper/zynq_fsbl/zynq_fsbl_bsp/system.mss|system||

TRACE::2026-01-29.17:30:00::SCWMssOS::Sw design exists and opened at  X:/cpre488/Labs/MP-0/vitus/MP0_wrapper/zynq_fsbl/zynq_fsbl_bsp/system.mss
TRACE::2026-01-29.17:30:00::SCWPlatform::Trying to open the hw design at X:/cpre488/Labs/MP-0/vitus/MP0_wrapper/hw/MP0_wrapper.xsa
TRACE::2026-01-29.17:30:00::SCWPlatform::DSA given X:/cpre488/Labs/MP-0/vitus/MP0_wrapper/hw/MP0_wrapper.xsa
TRACE::2026-01-29.17:30:00::SCWPlatform::DSA absoulate path X:/cpre488/Labs/MP-0/vitus/MP0_wrapper/hw/MP0_wrapper.xsa
TRACE::2026-01-29.17:30:00::SCWPlatform::DSA directory X:/cpre488/Labs/MP-0/vitus/MP0_wrapper/hw
TRACE::2026-01-29.17:30:00::SCWPlatform:: Platform Path X:/cpre488/Labs/MP-0/vitus/MP0_wrapper/hw/MP0_wrapper.xsa
TRACE::2026-01-29.17:30:00::SCWPlatform:: Unique name xilinx:zed::0.0
TRACE::2026-01-29.17:30:00::SCWPlatform::Trying to set the existing hwdb with name MP0_wrapper_0
TRACE::2026-01-29.17:30:00::SCWPlatform::Opened existing hwdb MP0_wrapper_0
TRACE::2026-01-29.17:30:00::SCWPlatform::Found the Hw Db part of the input DSA
TRACE::2026-01-29.17:30:00::SCWMssOS::Checking the sw design at  X:/cpre488/Labs/MP-0/vitus/MP0_wrapper/zynq_fsbl/zynq_fsbl_bsp/system.mss
TRACE::2026-01-29.17:30:00::SCWMssOS::DEBUG:  swdes dump  X:/cpre488/Labs/MP-0/vitus/MP0_wrapper/zynq_fsbl/zynq_fsbl_bsp/system.mss|system||

TRACE::2026-01-29.17:30:00::SCWMssOS::Sw design exists and opened at  X:/cpre488/Labs/MP-0/vitus/MP0_wrapper/zynq_fsbl/zynq_fsbl_bsp/system.mss
TRACE::2026-01-29.17:30:00::SCWPlatform::Trying to open the hw design at X:/cpre488/Labs/MP-0/vitus/MP0_wrapper/hw/MP0_wrapper.xsa
TRACE::2026-01-29.17:30:00::SCWPlatform::DSA given X:/cpre488/Labs/MP-0/vitus/MP0_wrapper/hw/MP0_wrapper.xsa
TRACE::2026-01-29.17:30:00::SCWPlatform::DSA absoulate path X:/cpre488/Labs/MP-0/vitus/MP0_wrapper/hw/MP0_wrapper.xsa
TRACE::2026-01-29.17:30:00::SCWPlatform::DSA directory X:/cpre488/Labs/MP-0/vitus/MP0_wrapper/hw
TRACE::2026-01-29.17:30:00::SCWPlatform:: Platform Path X:/cpre488/Labs/MP-0/vitus/MP0_wrapper/hw/MP0_wrapper.xsa
TRACE::2026-01-29.17:30:00::SCWPlatform:: Unique name xilinx:zed::0.0
TRACE::2026-01-29.17:30:00::SCWPlatform::Trying to set the existing hwdb with name MP0_wrapper_0
TRACE::2026-01-29.17:30:00::SCWPlatform::Opened existing hwdb MP0_wrapper_0
TRACE::2026-01-29.17:30:00::SCWPlatform::Found the Hw Db part of the input DSA
TRACE::2026-01-29.17:30:00::SCWMssOS::Checking the sw design at  X:/cpre488/Labs/MP-0/vitus/MP0_wrapper/zynq_fsbl/zynq_fsbl_bsp/system.mss
TRACE::2026-01-29.17:30:00::SCWMssOS::DEBUG:  swdes dump  X:/cpre488/Labs/MP-0/vitus/MP0_wrapper/zynq_fsbl/zynq_fsbl_bsp/system.mss|system||

TRACE::2026-01-29.17:30:00::SCWMssOS::Sw design exists and opened at  X:/cpre488/Labs/MP-0/vitus/MP0_wrapper/zynq_fsbl/zynq_fsbl_bsp/system.mss
TRACE::2026-01-29.17:30:00::SCWWriter::formatted JSON is {
	"platformName":	"MP0_wrapper",
	"sprVersion":	"2.0",
	"mode":	"gui",
	"dsaType":	"Fixed",
	"platformDesc":	"MP0_wrapper",
	"platHandOff":	"X:/cpre488/Labs/MP-0/MP-0/MP0_wrapper.xsa",
	"platIntHandOff":	"<platformDir>/hw/MP0_wrapper.xsa",
	"deviceType":	"zynq",
	"platIsPrebuiltAutogen":	"false",
	"platIsNoBootBsp":	"false",
	"platFsblTarget":	"ps7_cortexa9_0",
	"hasFsblMakeHasChanges":	"false",
	"hasPmufwMakeHasChanges":	"false",
	"fsblExtraCompilerFlags":	"-MMD -MP       -mcpu=cortex-a9 -mfpu=vfpv3 -mfloat-abi=hard ",
	"platPreBuiltFlag":	false,
	"platformSamplesDir":	"",
	"platActiveSys":	"MP0_wrapper",
	"systems":	[{
			"systemName":	"MP0_wrapper",
			"systemDesc":	"MP0_wrapper",
			"sysIsBootAutoGen":	"true",
			"systemDispName":	"MP0_wrapper",
			"sysActiveDom":	"zynq_fsbl",
			"sysDefaultDom":	"",
			"domains":	[{
					"domainName":	"zynq_fsbl",
					"domainDispName":	"zynq_fsbl",
					"domainDesc":	"FSBL Application BSP - Auto Generated.",
					"processors":	"ps7_cortexa9_0",
					"os":	"standalone",
					"sdxOs":	"standalone",
					"debugEnable":	"",
					"domRuntimes":	["cpp"],
					"swRepo":	"",
					"mssOsVer":	"7.2",
					"mssFile":	"",
					"md5Digest":	"d070912764dbc9091b0675940dbd0d2a",
					"compatibleApp":	"zynq_fsbl",
					"domType":	"bootDomain",
					"arch":	"32-bit",
					"appSettings":	{
						"appCompilerFlags":	"",
						"appLinkerFlags":	""
					},
					"addedLibs":	["xilffs:4.3", "xilrsa:1.6"],
					"libOptions":	{
						"libsContainingOptions":	[]
					},
					"prebuiltLibs":	{
						"prebuiltIncPath":	[],
						"prebuiltLibPath":	[]
					},
					"isolation":	{
					}
				}]
		}]
}
TRACE::2026-01-29.17:30:00::SCWDomain::checking for install qemu data   : 
TRACE::2026-01-29.17:30:00::SCWDomain:: Using the QEMU Data from install at  : C:/Xilinx/Vitis/2020.1/data/emulation/platforms/zynq/qemu/
TRACE::2026-01-29.17:30:00::SCWDomain:: Using the QEMU args  from install at  : C:/Xilinx/Vitis/2020.1/data/emulation/platforms/zynq/qemu/qemu_args.txt
TRACE::2026-01-29.17:30:00::SCWPlatform::Trying to open the hw design at X:/cpre488/Labs/MP-0/vitus/MP0_wrapper/hw/MP0_wrapper.xsa
TRACE::2026-01-29.17:30:00::SCWPlatform::DSA given X:/cpre488/Labs/MP-0/vitus/MP0_wrapper/hw/MP0_wrapper.xsa
TRACE::2026-01-29.17:30:00::SCWPlatform::DSA absoulate path X:/cpre488/Labs/MP-0/vitus/MP0_wrapper/hw/MP0_wrapper.xsa
TRACE::2026-01-29.17:30:00::SCWPlatform::DSA directory X:/cpre488/Labs/MP-0/vitus/MP0_wrapper/hw
TRACE::2026-01-29.17:30:00::SCWPlatform:: Platform Path X:/cpre488/Labs/MP-0/vitus/MP0_wrapper/hw/MP0_wrapper.xsa
TRACE::2026-01-29.17:30:00::SCWPlatform:: Unique name xilinx:zed::0.0
TRACE::2026-01-29.17:30:00::SCWPlatform::Trying to set the existing hwdb with name MP0_wrapper_0
TRACE::2026-01-29.17:30:00::SCWPlatform::Opened existing hwdb MP0_wrapper_0
TRACE::2026-01-29.17:30:00::SCWPlatform::Found the Hw Db part of the input DSA
TRACE::2026-01-29.17:30:00::SCWPlatform::Trying to open the hw design at X:/cpre488/Labs/MP-0/vitus/MP0_wrapper/hw/MP0_wrapper.xsa
TRACE::2026-01-29.17:30:00::SCWPlatform::DSA given X:/cpre488/Labs/MP-0/vitus/MP0_wrapper/hw/MP0_wrapper.xsa
TRACE::2026-01-29.17:30:00::SCWPlatform::DSA absoulate path X:/cpre488/Labs/MP-0/vitus/MP0_wrapper/hw/MP0_wrapper.xsa
TRACE::2026-01-29.17:30:00::SCWPlatform::DSA directory X:/cpre488/Labs/MP-0/vitus/MP0_wrapper/hw
TRACE::2026-01-29.17:30:00::SCWPlatform:: Platform Path X:/cpre488/Labs/MP-0/vitus/MP0_wrapper/hw/MP0_wrapper.xsa
TRACE::2026-01-29.17:30:00::SCWPlatform:: Unique name xilinx:zed::0.0
TRACE::2026-01-29.17:30:00::SCWPlatform::Trying to set the existing hwdb with name MP0_wrapper_0
TRACE::2026-01-29.17:30:00::SCWPlatform::Opened existing hwdb MP0_wrapper_0
TRACE::2026-01-29.17:30:00::SCWPlatform::Found the Hw Db part of the input DSA
TRACE::2026-01-29.17:30:00::SCWPlatform::Trying to open the hw design at X:/cpre488/Labs/MP-0/vitus/MP0_wrapper/hw/MP0_wrapper.xsa
TRACE::2026-01-29.17:30:00::SCWPlatform::DSA given X:/cpre488/Labs/MP-0/vitus/MP0_wrapper/hw/MP0_wrapper.xsa
TRACE::2026-01-29.17:30:00::SCWPlatform::DSA absoulate path X:/cpre488/Labs/MP-0/vitus/MP0_wrapper/hw/MP0_wrapper.xsa
TRACE::2026-01-29.17:30:00::SCWPlatform::DSA directory X:/cpre488/Labs/MP-0/vitus/MP0_wrapper/hw
TRACE::2026-01-29.17:30:00::SCWPlatform:: Platform Path X:/cpre488/Labs/MP-0/vitus/MP0_wrapper/hw/MP0_wrapper.xsa
TRACE::2026-01-29.17:30:00::SCWPlatform:: Unique name xilinx:zed::0.0
TRACE::2026-01-29.17:30:00::SCWPlatform::Trying to set the existing hwdb with name MP0_wrapper_0
TRACE::2026-01-29.17:30:00::SCWPlatform::Opened existing hwdb MP0_wrapper_0
TRACE::2026-01-29.17:30:00::SCWPlatform::Found the Hw Db part of the input DSA
TRACE::2026-01-29.17:30:00::SCWMssOS::Checking the sw design at  X:/cpre488/Labs/MP-0/vitus/MP0_wrapper/ps7_cortexa9_0/domain_ps7_cortexa9_0/bsp/system.mss
TRACE::2026-01-29.17:30:00::SCWMssOS::DEBUG:  swdes dump  X:/cpre488/Labs/MP-0/vitus/MP0_wrapper/zynq_fsbl/zynq_fsbl_bsp/system.mss|system||

TRACE::2026-01-29.17:30:00::SCWMssOS::No sw design opened at  X:/cpre488/Labs/MP-0/vitus/MP0_wrapper/ps7_cortexa9_0/domain_ps7_cortexa9_0/bsp/system.mss
TRACE::2026-01-29.17:30:00::SCWMssOS::mss does not exists at X:/cpre488/Labs/MP-0/vitus/MP0_wrapper/ps7_cortexa9_0/domain_ps7_cortexa9_0/bsp/system.mss
TRACE::2026-01-29.17:30:00::SCWMssOS::Creating sw design at  X:/cpre488/Labs/MP-0/vitus/MP0_wrapper/ps7_cortexa9_0/domain_ps7_cortexa9_0/bsp/system.mss
TRACE::2026-01-29.17:30:00::SCWMssOS::Adding the swdes entry, created swdb X:/cpre488/Labs/MP-0/vitus/MP0_wrapper/ps7_cortexa9_0/domain_ps7_cortexa9_0/bsp/system.mss with des name X:/cpre488/Labs/MP-0/vitus/MP0_wrapper/ps7_cortexa9_0/domain_ps7_cortexa9_0/bsp/system.mss
TRACE::2026-01-29.17:30:00::SCWMssOS::updating the scw layer changes to swdes at   X:/cpre488/Labs/MP-0/vitus/MP0_wrapper/ps7_cortexa9_0/domain_ps7_cortexa9_0/bsp/system.mss
TRACE::2026-01-29.17:30:00::SCWMssOS::Writing mss at X:/cpre488/Labs/MP-0/vitus/MP0_wrapper/ps7_cortexa9_0/domain_ps7_cortexa9_0/bsp/system.mss
TRACE::2026-01-29.17:30:00::SCWMssOS::Completed writing the mss file at X:/cpre488/Labs/MP-0/vitus/MP0_wrapper/ps7_cortexa9_0/domain_ps7_cortexa9_0/bsp
TRACE::2026-01-29.17:30:00::SCWMssOS::Picking up changes from newly written mss file into SCW Layer. 
TRACE::2026-01-29.17:30:00::SCWMssOS::Updated the changes from newly written mss file into SCW Layer. 
TRACE::2026-01-29.17:30:00::SCWMssOS::Completed writing the mss file at X:/cpre488/Labs/MP-0/vitus/MP0_wrapper/ps7_cortexa9_0/domain_ps7_cortexa9_0/bsp
TRACE::2026-01-29.17:30:00::SCWMssOS::Forcing BSP Sources regeneration.
TRACE::2026-01-29.17:30:03::SCWMssOS::Saving the mss changes X:/cpre488/Labs/MP-0/vitus/MP0_wrapper/zynq_fsbl/zynq_fsbl_bsp/system.mss
TRACE::2026-01-29.17:30:03::SCWMssOS::Found a swdesign opened with the mssfile.
TRACE::2026-01-29.17:30:03::SCWMssOS::Completed writemss as part of save.
TRACE::2026-01-29.17:30:03::SCWMssOS::Commit changes completed.
TRACE::2026-01-29.17:30:03::SCWMssOS::Saving the mss changes X:/cpre488/Labs/MP-0/vitus/MP0_wrapper/ps7_cortexa9_0/domain_ps7_cortexa9_0/bsp/system.mss
TRACE::2026-01-29.17:30:03::SCWMssOS::Found a swdesign opened with the mssfile.
TRACE::2026-01-29.17:30:03::SCWMssOS::Running validate of swdbs.
KEYINFO::2026-01-29.17:30:03::SCWMssOS::Could not open the swdb for X:/cpre488/Labs/MP-0/vitus/MP0_wrapper/ps7_cortexa9_0/domain_ps7_cortexa9_0/bsp/system.mss
KEYINFO::2026-01-29.17:30:03::SCWMssOS::Could not open the sw design at  X:/cpre488/Labs/MP-0/vitus/MP0_wrapper/ps7_cortexa9_0/domain_ps7_cortexa9_0/bsp/system.mss
ERROR: [Hsi 55-1558] Software Design X:/cpre488/Labs/MP-0/vitus/MP0_wrapper/ps7_cortexa9_0/domain_ps7_cortexa9_0/bsp/system.mss is not found

TRACE::2026-01-29.17:30:03::SCWMssOS::Cleared the swdb table entry
TRACE::2026-01-29.17:30:03::SCWMssOS::Adding the swdes entry, mss present, able to open swdb X:/cpre488/Labs/MP-0/vitus/MP0_wrapper/ps7_cortexa9_0/domain_ps7_cortexa9_0/bsp/system.mss with des name system_0
TRACE::2026-01-29.17:30:03::SCWMssOS::Writing the mss file completed X:/cpre488/Labs/MP-0/vitus/MP0_wrapper/ps7_cortexa9_0/domain_ps7_cortexa9_0/bsp/system.mss
TRACE::2026-01-29.17:30:03::SCWMssOS::Commit changes completed.
TRACE::2026-01-29.17:30:03::SCWPlatform::Trying to open the hw design at X:/cpre488/Labs/MP-0/vitus/MP0_wrapper/hw/MP0_wrapper.xsa
TRACE::2026-01-29.17:30:03::SCWPlatform::DSA given X:/cpre488/Labs/MP-0/vitus/MP0_wrapper/hw/MP0_wrapper.xsa
TRACE::2026-01-29.17:30:03::SCWPlatform::DSA absoulate path X:/cpre488/Labs/MP-0/vitus/MP0_wrapper/hw/MP0_wrapper.xsa
TRACE::2026-01-29.17:30:03::SCWPlatform::DSA directory X:/cpre488/Labs/MP-0/vitus/MP0_wrapper/hw
TRACE::2026-01-29.17:30:03::SCWPlatform:: Platform Path X:/cpre488/Labs/MP-0/vitus/MP0_wrapper/hw/MP0_wrapper.xsa
TRACE::2026-01-29.17:30:03::SCWPlatform:: Unique name xilinx:zed::0.0
TRACE::2026-01-29.17:30:03::SCWPlatform::Trying to set the existing hwdb with name MP0_wrapper_0
TRACE::2026-01-29.17:30:03::SCWPlatform::Opened existing hwdb MP0_wrapper_0
TRACE::2026-01-29.17:30:03::SCWPlatform::Found the Hw Db part of the input DSA
TRACE::2026-01-29.17:30:03::SCWMssOS::Checking the sw design at  X:/cpre488/Labs/MP-0/vitus/MP0_wrapper/zynq_fsbl/zynq_fsbl_bsp/system.mss
TRACE::2026-01-29.17:30:03::SCWMssOS::DEBUG:  swdes dump  X:/cpre488/Labs/MP-0/vitus/MP0_wrapper/ps7_cortexa9_0/domain_ps7_cortexa9_0/bsp/system.mss|system_0||
X:/cpre488/Labs/MP-0/vitus/MP0_wrapper/zynq_fsbl/zynq_fsbl_bsp/system.mss|system||

TRACE::2026-01-29.17:30:03::SCWMssOS::Sw design exists and opened at  X:/cpre488/Labs/MP-0/vitus/MP0_wrapper/zynq_fsbl/zynq_fsbl_bsp/system.mss
TRACE::2026-01-29.17:30:03::SCWPlatform::Trying to open the hw design at X:/cpre488/Labs/MP-0/vitus/MP0_wrapper/hw/MP0_wrapper.xsa
TRACE::2026-01-29.17:30:03::SCWPlatform::DSA given X:/cpre488/Labs/MP-0/vitus/MP0_wrapper/hw/MP0_wrapper.xsa
TRACE::2026-01-29.17:30:03::SCWPlatform::DSA absoulate path X:/cpre488/Labs/MP-0/vitus/MP0_wrapper/hw/MP0_wrapper.xsa
TRACE::2026-01-29.17:30:03::SCWPlatform::DSA directory X:/cpre488/Labs/MP-0/vitus/MP0_wrapper/hw
TRACE::2026-01-29.17:30:03::SCWPlatform:: Platform Path X:/cpre488/Labs/MP-0/vitus/MP0_wrapper/hw/MP0_wrapper.xsa
TRACE::2026-01-29.17:30:03::SCWPlatform:: Unique name xilinx:zed::0.0
TRACE::2026-01-29.17:30:03::SCWPlatform::Trying to set the existing hwdb with name MP0_wrapper_0
TRACE::2026-01-29.17:30:03::SCWPlatform::Opened existing hwdb MP0_wrapper_0
TRACE::2026-01-29.17:30:03::SCWPlatform::Found the Hw Db part of the input DSA
TRACE::2026-01-29.17:30:03::SCWMssOS::Checking the sw design at  X:/cpre488/Labs/MP-0/vitus/MP0_wrapper/zynq_fsbl/zynq_fsbl_bsp/system.mss
TRACE::2026-01-29.17:30:03::SCWMssOS::DEBUG:  swdes dump  X:/cpre488/Labs/MP-0/vitus/MP0_wrapper/ps7_cortexa9_0/domain_ps7_cortexa9_0/bsp/system.mss|system_0||
X:/cpre488/Labs/MP-0/vitus/MP0_wrapper/zynq_fsbl/zynq_fsbl_bsp/system.mss|system||

TRACE::2026-01-29.17:30:03::SCWMssOS::Sw design exists and opened at  X:/cpre488/Labs/MP-0/vitus/MP0_wrapper/zynq_fsbl/zynq_fsbl_bsp/system.mss
TRACE::2026-01-29.17:30:03::SCWPlatform::Trying to open the hw design at X:/cpre488/Labs/MP-0/vitus/MP0_wrapper/hw/MP0_wrapper.xsa
TRACE::2026-01-29.17:30:03::SCWPlatform::DSA given X:/cpre488/Labs/MP-0/vitus/MP0_wrapper/hw/MP0_wrapper.xsa
TRACE::2026-01-29.17:30:03::SCWPlatform::DSA absoulate path X:/cpre488/Labs/MP-0/vitus/MP0_wrapper/hw/MP0_wrapper.xsa
TRACE::2026-01-29.17:30:03::SCWPlatform::DSA directory X:/cpre488/Labs/MP-0/vitus/MP0_wrapper/hw
TRACE::2026-01-29.17:30:03::SCWPlatform:: Platform Path X:/cpre488/Labs/MP-0/vitus/MP0_wrapper/hw/MP0_wrapper.xsa
TRACE::2026-01-29.17:30:03::SCWPlatform:: Unique name xilinx:zed::0.0
TRACE::2026-01-29.17:30:03::SCWPlatform::Trying to set the existing hwdb with name MP0_wrapper_0
TRACE::2026-01-29.17:30:03::SCWPlatform::Opened existing hwdb MP0_wrapper_0
TRACE::2026-01-29.17:30:03::SCWPlatform::Found the Hw Db part of the input DSA
TRACE::2026-01-29.17:30:03::SCWMssOS::Checking the sw design at  X:/cpre488/Labs/MP-0/vitus/MP0_wrapper/zynq_fsbl/zynq_fsbl_bsp/system.mss
TRACE::2026-01-29.17:30:03::SCWMssOS::DEBUG:  swdes dump  X:/cpre488/Labs/MP-0/vitus/MP0_wrapper/ps7_cortexa9_0/domain_ps7_cortexa9_0/bsp/system.mss|system_0||
X:/cpre488/Labs/MP-0/vitus/MP0_wrapper/zynq_fsbl/zynq_fsbl_bsp/system.mss|system||

TRACE::2026-01-29.17:30:03::SCWMssOS::Sw design exists and opened at  X:/cpre488/Labs/MP-0/vitus/MP0_wrapper/zynq_fsbl/zynq_fsbl_bsp/system.mss
TRACE::2026-01-29.17:30:03::SCWPlatform::Trying to open the hw design at X:/cpre488/Labs/MP-0/vitus/MP0_wrapper/hw/MP0_wrapper.xsa
TRACE::2026-01-29.17:30:03::SCWPlatform::DSA given X:/cpre488/Labs/MP-0/vitus/MP0_wrapper/hw/MP0_wrapper.xsa
TRACE::2026-01-29.17:30:03::SCWPlatform::DSA absoulate path X:/cpre488/Labs/MP-0/vitus/MP0_wrapper/hw/MP0_wrapper.xsa
TRACE::2026-01-29.17:30:03::SCWPlatform::DSA directory X:/cpre488/Labs/MP-0/vitus/MP0_wrapper/hw
TRACE::2026-01-29.17:30:03::SCWPlatform:: Platform Path X:/cpre488/Labs/MP-0/vitus/MP0_wrapper/hw/MP0_wrapper.xsa
TRACE::2026-01-29.17:30:03::SCWPlatform:: Unique name xilinx:zed::0.0
TRACE::2026-01-29.17:30:03::SCWPlatform::Trying to set the existing hwdb with name MP0_wrapper_0
TRACE::2026-01-29.17:30:03::SCWPlatform::Opened existing hwdb MP0_wrapper_0
TRACE::2026-01-29.17:30:03::SCWPlatform::Found the Hw Db part of the input DSA
TRACE::2026-01-29.17:30:03::SCWMssOS::Checking the sw design at  X:/cpre488/Labs/MP-0/vitus/MP0_wrapper/ps7_cortexa9_0/domain_ps7_cortexa9_0/bsp/system.mss
TRACE::2026-01-29.17:30:03::SCWMssOS::DEBUG:  swdes dump  X:/cpre488/Labs/MP-0/vitus/MP0_wrapper/ps7_cortexa9_0/domain_ps7_cortexa9_0/bsp/system.mss|system_0||
X:/cpre488/Labs/MP-0/vitus/MP0_wrapper/zynq_fsbl/zynq_fsbl_bsp/system.mss|system||

TRACE::2026-01-29.17:30:03::SCWMssOS::Sw design exists and opened at  X:/cpre488/Labs/MP-0/vitus/MP0_wrapper/ps7_cortexa9_0/domain_ps7_cortexa9_0/bsp/system.mss
TRACE::2026-01-29.17:30:03::SCWPlatform::Trying to open the hw design at X:/cpre488/Labs/MP-0/vitus/MP0_wrapper/hw/MP0_wrapper.xsa
TRACE::2026-01-29.17:30:03::SCWPlatform::DSA given X:/cpre488/Labs/MP-0/vitus/MP0_wrapper/hw/MP0_wrapper.xsa
TRACE::2026-01-29.17:30:03::SCWPlatform::DSA absoulate path X:/cpre488/Labs/MP-0/vitus/MP0_wrapper/hw/MP0_wrapper.xsa
TRACE::2026-01-29.17:30:03::SCWPlatform::DSA directory X:/cpre488/Labs/MP-0/vitus/MP0_wrapper/hw
TRACE::2026-01-29.17:30:04::SCWPlatform:: Platform Path X:/cpre488/Labs/MP-0/vitus/MP0_wrapper/hw/MP0_wrapper.xsa
TRACE::2026-01-29.17:30:04::SCWPlatform:: Unique name xilinx:zed::0.0
TRACE::2026-01-29.17:30:04::SCWPlatform::Trying to set the existing hwdb with name MP0_wrapper_0
TRACE::2026-01-29.17:30:04::SCWPlatform::Opened existing hwdb MP0_wrapper_0
TRACE::2026-01-29.17:30:04::SCWPlatform::Found the Hw Db part of the input DSA
TRACE::2026-01-29.17:30:04::SCWMssOS::Checking the sw design at  X:/cpre488/Labs/MP-0/vitus/MP0_wrapper/ps7_cortexa9_0/domain_ps7_cortexa9_0/bsp/system.mss
TRACE::2026-01-29.17:30:04::SCWMssOS::DEBUG:  swdes dump  X:/cpre488/Labs/MP-0/vitus/MP0_wrapper/ps7_cortexa9_0/domain_ps7_cortexa9_0/bsp/system.mss|system_0||
X:/cpre488/Labs/MP-0/vitus/MP0_wrapper/zynq_fsbl/zynq_fsbl_bsp/system.mss|system||

TRACE::2026-01-29.17:30:04::SCWMssOS::Sw design exists and opened at  X:/cpre488/Labs/MP-0/vitus/MP0_wrapper/ps7_cortexa9_0/domain_ps7_cortexa9_0/bsp/system.mss
TRACE::2026-01-29.17:30:04::SCWPlatform::Trying to open the hw design at X:/cpre488/Labs/MP-0/vitus/MP0_wrapper/hw/MP0_wrapper.xsa
TRACE::2026-01-29.17:30:04::SCWPlatform::DSA given X:/cpre488/Labs/MP-0/vitus/MP0_wrapper/hw/MP0_wrapper.xsa
TRACE::2026-01-29.17:30:04::SCWPlatform::DSA absoulate path X:/cpre488/Labs/MP-0/vitus/MP0_wrapper/hw/MP0_wrapper.xsa
TRACE::2026-01-29.17:30:04::SCWPlatform::DSA directory X:/cpre488/Labs/MP-0/vitus/MP0_wrapper/hw
TRACE::2026-01-29.17:30:04::SCWPlatform:: Platform Path X:/cpre488/Labs/MP-0/vitus/MP0_wrapper/hw/MP0_wrapper.xsa
TRACE::2026-01-29.17:30:04::SCWPlatform:: Unique name xilinx:zed::0.0
TRACE::2026-01-29.17:30:04::SCWPlatform::Trying to set the existing hwdb with name MP0_wrapper_0
TRACE::2026-01-29.17:30:04::SCWPlatform::Opened existing hwdb MP0_wrapper_0
TRACE::2026-01-29.17:30:04::SCWPlatform::Found the Hw Db part of the input DSA
TRACE::2026-01-29.17:30:04::SCWMssOS::Checking the sw design at  X:/cpre488/Labs/MP-0/vitus/MP0_wrapper/ps7_cortexa9_0/domain_ps7_cortexa9_0/bsp/system.mss
TRACE::2026-01-29.17:30:04::SCWMssOS::DEBUG:  swdes dump  X:/cpre488/Labs/MP-0/vitus/MP0_wrapper/ps7_cortexa9_0/domain_ps7_cortexa9_0/bsp/system.mss|system_0||
X:/cpre488/Labs/MP-0/vitus/MP0_wrapper/zynq_fsbl/zynq_fsbl_bsp/system.mss|system||

TRACE::2026-01-29.17:30:04::SCWMssOS::Sw design exists and opened at  X:/cpre488/Labs/MP-0/vitus/MP0_wrapper/ps7_cortexa9_0/domain_ps7_cortexa9_0/bsp/system.mss
TRACE::2026-01-29.17:30:04::SCWWriter::formatted JSON is {
	"platformName":	"MP0_wrapper",
	"sprVersion":	"2.0",
	"mode":	"gui",
	"dsaType":	"Fixed",
	"platformDesc":	"MP0_wrapper",
	"platHandOff":	"X:/cpre488/Labs/MP-0/MP-0/MP0_wrapper.xsa",
	"platIntHandOff":	"<platformDir>/hw/MP0_wrapper.xsa",
	"deviceType":	"zynq",
	"platIsPrebuiltAutogen":	"false",
	"platIsNoBootBsp":	"false",
	"platFsblTarget":	"ps7_cortexa9_0",
	"hasFsblMakeHasChanges":	"false",
	"hasPmufwMakeHasChanges":	"false",
	"fsblExtraCompilerFlags":	"-MMD -MP       -mcpu=cortex-a9 -mfpu=vfpv3 -mfloat-abi=hard ",
	"platPreBuiltFlag":	false,
	"platformSamplesDir":	"",
	"platActiveSys":	"MP0_wrapper",
	"systems":	[{
			"systemName":	"MP0_wrapper",
			"systemDesc":	"MP0_wrapper",
			"sysIsBootAutoGen":	"true",
			"systemDispName":	"MP0_wrapper",
			"sysActiveDom":	"domain_ps7_cortexa9_0",
			"sysDefaultDom":	"domain_ps7_cortexa9_0",
			"domains":	[{
					"domainName":	"zynq_fsbl",
					"domainDispName":	"zynq_fsbl",
					"domainDesc":	"FSBL Application BSP - Auto Generated.",
					"processors":	"ps7_cortexa9_0",
					"os":	"standalone",
					"sdxOs":	"standalone",
					"debugEnable":	"",
					"domRuntimes":	["cpp"],
					"swRepo":	"",
					"mssOsVer":	"7.2",
					"mssFile":	"",
					"md5Digest":	"d070912764dbc9091b0675940dbd0d2a",
					"compatibleApp":	"zynq_fsbl",
					"domType":	"bootDomain",
					"arch":	"32-bit",
					"appSettings":	{
						"appCompilerFlags":	"",
						"appLinkerFlags":	""
					},
					"addedLibs":	["xilffs:4.3", "xilrsa:1.6"],
					"libOptions":	{
						"libsContainingOptions":	[]
					},
					"prebuiltLibs":	{
						"prebuiltIncPath":	[],
						"prebuiltLibPath":	[]
					},
					"isolation":	{
					}
				}, {
					"domainName":	"domain_ps7_cortexa9_0",
					"domainDispName":	"domain_ps7_cortexa9_0",
					"domainDesc":	"domain_ps7_cortexa9_0",
					"processors":	"ps7_cortexa9_0",
					"os":	"standalone",
					"sdxOs":	"standalone",
					"qemuArgs":	"C:/Xilinx/Vitis/2020.1/data/emulation/platforms/zynq/qemu/qemu_args.txt",
					"qemuData":	"C:/Xilinx/Vitis/2020.1/data/emulation/platforms/zynq/qemu/",
					"debugEnable":	"False",
					"domRuntimes":	["cpp"],
					"swRepo":	"",
					"mssOsVer":	"7.2",
					"mssFile":	"",
					"md5Digest":	"5ae316de3f4391f8eb31fb72c822226d",
					"compatibleApp":	"peripheral_tests",
					"domType":	"mssDomain",
					"arch":	"32-bit",
					"appSettings":	{
						"appCompilerFlags":	"",
						"appLinkerFlags":	""
					},
					"addedLibs":	[],
					"libOptions":	{
						"libsContainingOptions":	[]
					},
					"prebuiltLibs":	{
						"prebuiltIncPath":	[],
						"prebuiltLibPath":	[]
					},
					"isolation":	{
					}
				}]
		}]
}
LOG::2026-01-29.17:30:04::SCWPlatform::Started generating the artifacts platform MP0_wrapper
TRACE::2026-01-29.17:30:04::SCWPlatform::Sanity checking of platform is completed
LOG::2026-01-29.17:30:04::SCWPlatform::Started generating the artifacts for system configuration MP0_wrapper
LOG::2026-01-29.17:30:04::SCWSystem::Checking the domain zynq_fsbl
LOG::2026-01-29.17:30:04::SCWSystem::Doing application build for :  zynq_fsbl
TRACE::2026-01-29.17:30:04::SCWBDomain::Not a forced makefile updation, No changes are present. 
TRACE::2026-01-29.17:30:04::SCWDomain::Skipping the build for domain :  zynq_fsbl
LOG::2026-01-29.17:30:04::SCWSystem::Checking the domain domain_ps7_cortexa9_0
LOG::2026-01-29.17:30:04::SCWSystem::Not a boot domain 
LOG::2026-01-29.17:30:04::SCWSystem::Started Processing the domain domain_ps7_cortexa9_0
TRACE::2026-01-29.17:30:04::SCWDomain::Generating domain artifcats
TRACE::2026-01-29.17:30:04::SCWMssOS::Generating standalone artifcats
TRACE::2026-01-29.17:30:04::SCWMssOS::Copying the qemu file from  C:/Xilinx/Vitis/2020.1/data/emulation/platforms/zynq/qemu/qemu_args.txt To X:/cpre488/Labs/MP-0/vitus/MP0_wrapper/export/MP0_wrapper/sw/MP0_wrapper/qemu/
TRACE::2026-01-29.17:30:04::SCWMssOS::Copying the qemu file from  C:/Xilinx/Vitis/2020.1/data/emulation/platforms/zynq/qemu/qemu_args.txt To X:/cpre488/Labs/MP-0/vitus/MP0_wrapper/export/MP0_wrapper/sw/MP0_wrapper/domain_ps7_cortexa9_0/qemu/
TRACE::2026-01-29.17:30:04::SCWMssOS:: Copying the user libraries. 
TRACE::2026-01-29.17:30:04::SCWPlatform::Trying to open the hw design at X:/cpre488/Labs/MP-0/vitus/MP0_wrapper/hw/MP0_wrapper.xsa
TRACE::2026-01-29.17:30:04::SCWPlatform::DSA given X:/cpre488/Labs/MP-0/vitus/MP0_wrapper/hw/MP0_wrapper.xsa
TRACE::2026-01-29.17:30:04::SCWPlatform::DSA absoulate path X:/cpre488/Labs/MP-0/vitus/MP0_wrapper/hw/MP0_wrapper.xsa
TRACE::2026-01-29.17:30:04::SCWPlatform::DSA directory X:/cpre488/Labs/MP-0/vitus/MP0_wrapper/hw
TRACE::2026-01-29.17:30:04::SCWPlatform:: Platform Path X:/cpre488/Labs/MP-0/vitus/MP0_wrapper/hw/MP0_wrapper.xsa
TRACE::2026-01-29.17:30:04::SCWPlatform:: Unique name xilinx:zed::0.0
TRACE::2026-01-29.17:30:04::SCWPlatform::Trying to set the existing hwdb with name MP0_wrapper_0
TRACE::2026-01-29.17:30:04::SCWPlatform::Opened existing hwdb MP0_wrapper_0
TRACE::2026-01-29.17:30:04::SCWPlatform::Found the Hw Db part of the input DSA
TRACE::2026-01-29.17:30:04::SCWMssOS::Checking the sw design at  X:/cpre488/Labs/MP-0/vitus/MP0_wrapper/ps7_cortexa9_0/domain_ps7_cortexa9_0/bsp/system.mss
TRACE::2026-01-29.17:30:04::SCWMssOS::DEBUG:  swdes dump  X:/cpre488/Labs/MP-0/vitus/MP0_wrapper/ps7_cortexa9_0/domain_ps7_cortexa9_0/bsp/system.mss|system_0||
X:/cpre488/Labs/MP-0/vitus/MP0_wrapper/zynq_fsbl/zynq_fsbl_bsp/system.mss|system||

TRACE::2026-01-29.17:30:04::SCWMssOS::Sw design exists and opened at  X:/cpre488/Labs/MP-0/vitus/MP0_wrapper/ps7_cortexa9_0/domain_ps7_cortexa9_0/bsp/system.mss
TRACE::2026-01-29.17:30:04::SCWMssOS::Completed writing the mss file at X:/cpre488/Labs/MP-0/vitus/MP0_wrapper/ps7_cortexa9_0/domain_ps7_cortexa9_0/bsp
TRACE::2026-01-29.17:30:04::SCWMssOS::Mss edits present, copying mssfile into export location X:/cpre488/Labs/MP-0/vitus/MP0_wrapper/ps7_cortexa9_0/domain_ps7_cortexa9_0/bsp/system.mss
TRACE::2026-01-29.17:30:04::SCWMssOS::bsp generated is upto date with the mss file. Skipping bsp generation.
TRACE::2026-01-29.17:30:04::SCWMssOS::BSP is already built. skipping the bsp build ... 
TRACE::2026-01-29.17:30:04::SCWDomain::Skipping the build for domain :  domain_ps7_cortexa9_0
TRACE::2026-01-29.17:30:04::SCWMssOS::skipping the bsp build ... 
TRACE::2026-01-29.17:30:04::SCWMssOS::Copying to export directory.
TRACE::2026-01-29.17:30:04::SCWMssOS:: Checking if to create the Supporting Applications
TRACE::2026-01-29.17:30:04::SCWMssOS:: No Linux domain exists, trying to generate FSBL 
TRACE::2026-01-29.17:30:04::SCWMssOS:: Completed Standalone Artifacts creation 
LOG::2026-01-29.17:30:04::SCWSystem::Completed Processing the domain domain_ps7_cortexa9_0
LOG::2026-01-29.17:30:04::SCWSystem::Completed Processing the sysconfig MP0_wrapper
LOG::2026-01-29.17:30:04::SCWPlatform::Completed generating the artifacts for system configuration MP0_wrapper
TRACE::2026-01-29.17:30:04::SCWPlatform::Started preparing the platform 
TRACE::2026-01-29.17:30:04::SCWSystem::Writing the bif file for system config MP0_wrapper
TRACE::2026-01-29.17:30:04::SCWSystem::dir created 
TRACE::2026-01-29.17:30:04::SCWSystem::Writing the bif 
TRACE::2026-01-29.17:30:04::SCWPlatform::Started writing the spfm file 
TRACE::2026-01-29.17:30:04::SCWPlatform::Started writing the xpfm file 
TRACE::2026-01-29.17:30:04::SCWPlatform::Completed generating the platform
TRACE::2026-01-29.17:30:04::SCWMssOS::Saving the mss changes X:/cpre488/Labs/MP-0/vitus/MP0_wrapper/zynq_fsbl/zynq_fsbl_bsp/system.mss
TRACE::2026-01-29.17:30:04::SCWMssOS::Found a swdesign opened with the mssfile.
TRACE::2026-01-29.17:30:04::SCWMssOS::Completed writemss as part of save.
TRACE::2026-01-29.17:30:04::SCWMssOS::Commit changes completed.
TRACE::2026-01-29.17:30:04::SCWMssOS::Saving the mss changes X:/cpre488/Labs/MP-0/vitus/MP0_wrapper/ps7_cortexa9_0/domain_ps7_cortexa9_0/bsp/system.mss
TRACE::2026-01-29.17:30:04::SCWMssOS::Found a swdesign opened with the mssfile.
TRACE::2026-01-29.17:30:04::SCWMssOS::Completed writemss as part of save.
TRACE::2026-01-29.17:30:04::SCWMssOS::Commit changes completed.
TRACE::2026-01-29.17:30:04::SCWPlatform::Trying to open the hw design at X:/cpre488/Labs/MP-0/vitus/MP0_wrapper/hw/MP0_wrapper.xsa
TRACE::2026-01-29.17:30:04::SCWPlatform::DSA given X:/cpre488/Labs/MP-0/vitus/MP0_wrapper/hw/MP0_wrapper.xsa
TRACE::2026-01-29.17:30:04::SCWPlatform::DSA absoulate path X:/cpre488/Labs/MP-0/vitus/MP0_wrapper/hw/MP0_wrapper.xsa
TRACE::2026-01-29.17:30:04::SCWPlatform::DSA directory X:/cpre488/Labs/MP-0/vitus/MP0_wrapper/hw
TRACE::2026-01-29.17:30:04::SCWPlatform:: Platform Path X:/cpre488/Labs/MP-0/vitus/MP0_wrapper/hw/MP0_wrapper.xsa
TRACE::2026-01-29.17:30:04::SCWPlatform:: Unique name xilinx:zed::0.0
TRACE::2026-01-29.17:30:04::SCWPlatform::Trying to set the existing hwdb with name MP0_wrapper_0
TRACE::2026-01-29.17:30:04::SCWPlatform::Opened existing hwdb MP0_wrapper_0
TRACE::2026-01-29.17:30:04::SCWPlatform::Found the Hw Db part of the input DSA
TRACE::2026-01-29.17:30:04::SCWMssOS::Checking the sw design at  X:/cpre488/Labs/MP-0/vitus/MP0_wrapper/zynq_fsbl/zynq_fsbl_bsp/system.mss
TRACE::2026-01-29.17:30:04::SCWMssOS::DEBUG:  swdes dump  X:/cpre488/Labs/MP-0/vitus/MP0_wrapper/ps7_cortexa9_0/domain_ps7_cortexa9_0/bsp/system.mss|system_0||
X:/cpre488/Labs/MP-0/vitus/MP0_wrapper/zynq_fsbl/zynq_fsbl_bsp/system.mss|system||

TRACE::2026-01-29.17:30:04::SCWMssOS::Sw design exists and opened at  X:/cpre488/Labs/MP-0/vitus/MP0_wrapper/zynq_fsbl/zynq_fsbl_bsp/system.mss
TRACE::2026-01-29.17:30:04::SCWPlatform::Trying to open the hw design at X:/cpre488/Labs/MP-0/vitus/MP0_wrapper/hw/MP0_wrapper.xsa
TRACE::2026-01-29.17:30:04::SCWPlatform::DSA given X:/cpre488/Labs/MP-0/vitus/MP0_wrapper/hw/MP0_wrapper.xsa
TRACE::2026-01-29.17:30:04::SCWPlatform::DSA absoulate path X:/cpre488/Labs/MP-0/vitus/MP0_wrapper/hw/MP0_wrapper.xsa
TRACE::2026-01-29.17:30:04::SCWPlatform::DSA directory X:/cpre488/Labs/MP-0/vitus/MP0_wrapper/hw
TRACE::2026-01-29.17:30:04::SCWPlatform:: Platform Path X:/cpre488/Labs/MP-0/vitus/MP0_wrapper/hw/MP0_wrapper.xsa
TRACE::2026-01-29.17:30:04::SCWPlatform:: Unique name xilinx:zed::0.0
TRACE::2026-01-29.17:30:04::SCWPlatform::Trying to set the existing hwdb with name MP0_wrapper_0
TRACE::2026-01-29.17:30:04::SCWPlatform::Opened existing hwdb MP0_wrapper_0
TRACE::2026-01-29.17:30:04::SCWPlatform::Found the Hw Db part of the input DSA
TRACE::2026-01-29.17:30:04::SCWMssOS::Checking the sw design at  X:/cpre488/Labs/MP-0/vitus/MP0_wrapper/zynq_fsbl/zynq_fsbl_bsp/system.mss
TRACE::2026-01-29.17:30:04::SCWMssOS::DEBUG:  swdes dump  X:/cpre488/Labs/MP-0/vitus/MP0_wrapper/ps7_cortexa9_0/domain_ps7_cortexa9_0/bsp/system.mss|system_0||
X:/cpre488/Labs/MP-0/vitus/MP0_wrapper/zynq_fsbl/zynq_fsbl_bsp/system.mss|system||

TRACE::2026-01-29.17:30:04::SCWMssOS::Sw design exists and opened at  X:/cpre488/Labs/MP-0/vitus/MP0_wrapper/zynq_fsbl/zynq_fsbl_bsp/system.mss
TRACE::2026-01-29.17:30:04::SCWPlatform::Trying to open the hw design at X:/cpre488/Labs/MP-0/vitus/MP0_wrapper/hw/MP0_wrapper.xsa
TRACE::2026-01-29.17:30:04::SCWPlatform::DSA given X:/cpre488/Labs/MP-0/vitus/MP0_wrapper/hw/MP0_wrapper.xsa
TRACE::2026-01-29.17:30:04::SCWPlatform::DSA absoulate path X:/cpre488/Labs/MP-0/vitus/MP0_wrapper/hw/MP0_wrapper.xsa
TRACE::2026-01-29.17:30:04::SCWPlatform::DSA directory X:/cpre488/Labs/MP-0/vitus/MP0_wrapper/hw
TRACE::2026-01-29.17:30:04::SCWPlatform:: Platform Path X:/cpre488/Labs/MP-0/vitus/MP0_wrapper/hw/MP0_wrapper.xsa
TRACE::2026-01-29.17:30:04::SCWPlatform:: Unique name xilinx:zed::0.0
TRACE::2026-01-29.17:30:04::SCWPlatform::Trying to set the existing hwdb with name MP0_wrapper_0
TRACE::2026-01-29.17:30:04::SCWPlatform::Opened existing hwdb MP0_wrapper_0
TRACE::2026-01-29.17:30:04::SCWPlatform::Found the Hw Db part of the input DSA
TRACE::2026-01-29.17:30:04::SCWMssOS::Checking the sw design at  X:/cpre488/Labs/MP-0/vitus/MP0_wrapper/zynq_fsbl/zynq_fsbl_bsp/system.mss
TRACE::2026-01-29.17:30:04::SCWMssOS::DEBUG:  swdes dump  X:/cpre488/Labs/MP-0/vitus/MP0_wrapper/ps7_cortexa9_0/domain_ps7_cortexa9_0/bsp/system.mss|system_0||
X:/cpre488/Labs/MP-0/vitus/MP0_wrapper/zynq_fsbl/zynq_fsbl_bsp/system.mss|system||

TRACE::2026-01-29.17:30:04::SCWMssOS::Sw design exists and opened at  X:/cpre488/Labs/MP-0/vitus/MP0_wrapper/zynq_fsbl/zynq_fsbl_bsp/system.mss
TRACE::2026-01-29.17:30:04::SCWPlatform::Trying to open the hw design at X:/cpre488/Labs/MP-0/vitus/MP0_wrapper/hw/MP0_wrapper.xsa
TRACE::2026-01-29.17:30:04::SCWPlatform::DSA given X:/cpre488/Labs/MP-0/vitus/MP0_wrapper/hw/MP0_wrapper.xsa
TRACE::2026-01-29.17:30:04::SCWPlatform::DSA absoulate path X:/cpre488/Labs/MP-0/vitus/MP0_wrapper/hw/MP0_wrapper.xsa
TRACE::2026-01-29.17:30:04::SCWPlatform::DSA directory X:/cpre488/Labs/MP-0/vitus/MP0_wrapper/hw
TRACE::2026-01-29.17:30:04::SCWPlatform:: Platform Path X:/cpre488/Labs/MP-0/vitus/MP0_wrapper/hw/MP0_wrapper.xsa
TRACE::2026-01-29.17:30:04::SCWPlatform:: Unique name xilinx:zed::0.0
TRACE::2026-01-29.17:30:04::SCWPlatform::Trying to set the existing hwdb with name MP0_wrapper_0
TRACE::2026-01-29.17:30:04::SCWPlatform::Opened existing hwdb MP0_wrapper_0
TRACE::2026-01-29.17:30:04::SCWPlatform::Found the Hw Db part of the input DSA
TRACE::2026-01-29.17:30:04::SCWMssOS::Checking the sw design at  X:/cpre488/Labs/MP-0/vitus/MP0_wrapper/ps7_cortexa9_0/domain_ps7_cortexa9_0/bsp/system.mss
TRACE::2026-01-29.17:30:04::SCWMssOS::DEBUG:  swdes dump  X:/cpre488/Labs/MP-0/vitus/MP0_wrapper/ps7_cortexa9_0/domain_ps7_cortexa9_0/bsp/system.mss|system_0||
X:/cpre488/Labs/MP-0/vitus/MP0_wrapper/zynq_fsbl/zynq_fsbl_bsp/system.mss|system||

TRACE::2026-01-29.17:30:04::SCWMssOS::Sw design exists and opened at  X:/cpre488/Labs/MP-0/vitus/MP0_wrapper/ps7_cortexa9_0/domain_ps7_cortexa9_0/bsp/system.mss
TRACE::2026-01-29.17:30:04::SCWPlatform::Trying to open the hw design at X:/cpre488/Labs/MP-0/vitus/MP0_wrapper/hw/MP0_wrapper.xsa
TRACE::2026-01-29.17:30:04::SCWPlatform::DSA given X:/cpre488/Labs/MP-0/vitus/MP0_wrapper/hw/MP0_wrapper.xsa
TRACE::2026-01-29.17:30:04::SCWPlatform::DSA absoulate path X:/cpre488/Labs/MP-0/vitus/MP0_wrapper/hw/MP0_wrapper.xsa
TRACE::2026-01-29.17:30:04::SCWPlatform::DSA directory X:/cpre488/Labs/MP-0/vitus/MP0_wrapper/hw
TRACE::2026-01-29.17:30:04::SCWPlatform:: Platform Path X:/cpre488/Labs/MP-0/vitus/MP0_wrapper/hw/MP0_wrapper.xsa
TRACE::2026-01-29.17:30:04::SCWPlatform:: Unique name xilinx:zed::0.0
TRACE::2026-01-29.17:30:04::SCWPlatform::Trying to set the existing hwdb with name MP0_wrapper_0
TRACE::2026-01-29.17:30:04::SCWPlatform::Opened existing hwdb MP0_wrapper_0
TRACE::2026-01-29.17:30:04::SCWPlatform::Found the Hw Db part of the input DSA
TRACE::2026-01-29.17:30:04::SCWMssOS::Checking the sw design at  X:/cpre488/Labs/MP-0/vitus/MP0_wrapper/ps7_cortexa9_0/domain_ps7_cortexa9_0/bsp/system.mss
TRACE::2026-01-29.17:30:04::SCWMssOS::DEBUG:  swdes dump  X:/cpre488/Labs/MP-0/vitus/MP0_wrapper/ps7_cortexa9_0/domain_ps7_cortexa9_0/bsp/system.mss|system_0||
X:/cpre488/Labs/MP-0/vitus/MP0_wrapper/zynq_fsbl/zynq_fsbl_bsp/system.mss|system||

TRACE::2026-01-29.17:30:04::SCWMssOS::Sw design exists and opened at  X:/cpre488/Labs/MP-0/vitus/MP0_wrapper/ps7_cortexa9_0/domain_ps7_cortexa9_0/bsp/system.mss
TRACE::2026-01-29.17:30:04::SCWPlatform::Trying to open the hw design at X:/cpre488/Labs/MP-0/vitus/MP0_wrapper/hw/MP0_wrapper.xsa
TRACE::2026-01-29.17:30:04::SCWPlatform::DSA given X:/cpre488/Labs/MP-0/vitus/MP0_wrapper/hw/MP0_wrapper.xsa
TRACE::2026-01-29.17:30:04::SCWPlatform::DSA absoulate path X:/cpre488/Labs/MP-0/vitus/MP0_wrapper/hw/MP0_wrapper.xsa
TRACE::2026-01-29.17:30:04::SCWPlatform::DSA directory X:/cpre488/Labs/MP-0/vitus/MP0_wrapper/hw
TRACE::2026-01-29.17:30:04::SCWPlatform:: Platform Path X:/cpre488/Labs/MP-0/vitus/MP0_wrapper/hw/MP0_wrapper.xsa
TRACE::2026-01-29.17:30:04::SCWPlatform:: Unique name xilinx:zed::0.0
TRACE::2026-01-29.17:30:04::SCWPlatform::Trying to set the existing hwdb with name MP0_wrapper_0
TRACE::2026-01-29.17:30:04::SCWPlatform::Opened existing hwdb MP0_wrapper_0
TRACE::2026-01-29.17:30:04::SCWPlatform::Found the Hw Db part of the input DSA
TRACE::2026-01-29.17:30:04::SCWMssOS::Checking the sw design at  X:/cpre488/Labs/MP-0/vitus/MP0_wrapper/ps7_cortexa9_0/domain_ps7_cortexa9_0/bsp/system.mss
TRACE::2026-01-29.17:30:04::SCWMssOS::DEBUG:  swdes dump  X:/cpre488/Labs/MP-0/vitus/MP0_wrapper/ps7_cortexa9_0/domain_ps7_cortexa9_0/bsp/system.mss|system_0||
X:/cpre488/Labs/MP-0/vitus/MP0_wrapper/zynq_fsbl/zynq_fsbl_bsp/system.mss|system||

TRACE::2026-01-29.17:30:04::SCWMssOS::Sw design exists and opened at  X:/cpre488/Labs/MP-0/vitus/MP0_wrapper/ps7_cortexa9_0/domain_ps7_cortexa9_0/bsp/system.mss
TRACE::2026-01-29.17:30:04::SCWWriter::formatted JSON is {
	"platformName":	"MP0_wrapper",
	"sprVersion":	"2.0",
	"mode":	"gui",
	"dsaType":	"Fixed",
	"platformDesc":	"MP0_wrapper",
	"platHandOff":	"X:/cpre488/Labs/MP-0/MP-0/MP0_wrapper.xsa",
	"platIntHandOff":	"<platformDir>/hw/MP0_wrapper.xsa",
	"deviceType":	"zynq",
	"platIsPrebuiltAutogen":	"false",
	"platIsNoBootBsp":	"false",
	"platFsblTarget":	"ps7_cortexa9_0",
	"hasFsblMakeHasChanges":	"false",
	"hasPmufwMakeHasChanges":	"false",
	"fsblExtraCompilerFlags":	"-MMD -MP       -mcpu=cortex-a9 -mfpu=vfpv3 -mfloat-abi=hard ",
	"platPreBuiltFlag":	false,
	"platformSamplesDir":	"",
	"platActiveSys":	"MP0_wrapper",
	"systems":	[{
			"systemName":	"MP0_wrapper",
			"systemDesc":	"MP0_wrapper",
			"sysIsBootAutoGen":	"true",
			"systemDispName":	"MP0_wrapper",
			"sysActiveDom":	"domain_ps7_cortexa9_0",
			"sysDefaultDom":	"domain_ps7_cortexa9_0",
			"domains":	[{
					"domainName":	"zynq_fsbl",
					"domainDispName":	"zynq_fsbl",
					"domainDesc":	"FSBL Application BSP - Auto Generated.",
					"processors":	"ps7_cortexa9_0",
					"os":	"standalone",
					"sdxOs":	"standalone",
					"debugEnable":	"",
					"domRuntimes":	["cpp"],
					"swRepo":	"",
					"mssOsVer":	"7.2",
					"mssFile":	"",
					"md5Digest":	"d070912764dbc9091b0675940dbd0d2a",
					"compatibleApp":	"zynq_fsbl",
					"domType":	"bootDomain",
					"arch":	"32-bit",
					"appSettings":	{
						"appCompilerFlags":	"",
						"appLinkerFlags":	""
					},
					"addedLibs":	["xilffs:4.3", "xilrsa:1.6"],
					"libOptions":	{
						"libsContainingOptions":	[]
					},
					"prebuiltLibs":	{
						"prebuiltIncPath":	[],
						"prebuiltLibPath":	[]
					},
					"isolation":	{
					}
				}, {
					"domainName":	"domain_ps7_cortexa9_0",
					"domainDispName":	"domain_ps7_cortexa9_0",
					"domainDesc":	"domain_ps7_cortexa9_0",
					"processors":	"ps7_cortexa9_0",
					"os":	"standalone",
					"sdxOs":	"standalone",
					"qemuArgs":	"C:/Xilinx/Vitis/2020.1/data/emulation/platforms/zynq/qemu/qemu_args.txt",
					"qemuData":	"C:/Xilinx/Vitis/2020.1/data/emulation/platforms/zynq/qemu/",
					"debugEnable":	"False",
					"domRuntimes":	["cpp"],
					"swRepo":	"",
					"mssOsVer":	"7.2",
					"mssFile":	"",
					"md5Digest":	"5ae316de3f4391f8eb31fb72c822226d",
					"compatibleApp":	"peripheral_tests",
					"domType":	"mssDomain",
					"arch":	"32-bit",
					"appSettings":	{
						"appCompilerFlags":	"",
						"appLinkerFlags":	""
					},
					"addedLibs":	[],
					"libOptions":	{
						"libsContainingOptions":	[]
					},
					"prebuiltLibs":	{
						"prebuiltIncPath":	[],
						"prebuiltLibPath":	[]
					},
					"isolation":	{
					}
				}]
		}]
}
KEYINFO::2026-01-29.17:30:04::SCWPlatform::updated the xpfm file.
TRACE::2026-01-29.17:30:04::SCWPlatform::Trying to open the hw design at X:/cpre488/Labs/MP-0/vitus/MP0_wrapper/hw/MP0_wrapper.xsa
TRACE::2026-01-29.17:30:04::SCWPlatform::DSA given X:/cpre488/Labs/MP-0/vitus/MP0_wrapper/hw/MP0_wrapper.xsa
TRACE::2026-01-29.17:30:04::SCWPlatform::DSA absoulate path X:/cpre488/Labs/MP-0/vitus/MP0_wrapper/hw/MP0_wrapper.xsa
TRACE::2026-01-29.17:30:04::SCWPlatform::DSA directory X:/cpre488/Labs/MP-0/vitus/MP0_wrapper/hw
TRACE::2026-01-29.17:30:04::SCWPlatform:: Platform Path X:/cpre488/Labs/MP-0/vitus/MP0_wrapper/hw/MP0_wrapper.xsa
TRACE::2026-01-29.17:30:04::SCWPlatform:: Unique name xilinx:zed::0.0
TRACE::2026-01-29.17:30:04::SCWPlatform::Trying to set the existing hwdb with name MP0_wrapper_0
TRACE::2026-01-29.17:30:04::SCWPlatform::Opened existing hwdb MP0_wrapper_0
TRACE::2026-01-29.17:30:04::SCWPlatform::Found the Hw Db part of the input DSA
TRACE::2026-01-29.17:30:04::SCWMssOS::Checking the sw design at  X:/cpre488/Labs/MP-0/vitus/MP0_wrapper/ps7_cortexa9_0/domain_ps7_cortexa9_0/bsp/system.mss
TRACE::2026-01-29.17:30:04::SCWMssOS::DEBUG:  swdes dump  X:/cpre488/Labs/MP-0/vitus/MP0_wrapper/ps7_cortexa9_0/domain_ps7_cortexa9_0/bsp/system.mss|system_0||
X:/cpre488/Labs/MP-0/vitus/MP0_wrapper/zynq_fsbl/zynq_fsbl_bsp/system.mss|system||

TRACE::2026-01-29.17:30:04::SCWMssOS::Sw design exists and opened at  X:/cpre488/Labs/MP-0/vitus/MP0_wrapper/ps7_cortexa9_0/domain_ps7_cortexa9_0/bsp/system.mss
TRACE::2026-01-29.17:30:04::SCWMssOS::Saving the mss changes X:/cpre488/Labs/MP-0/vitus/MP0_wrapper/zynq_fsbl/zynq_fsbl_bsp/system.mss
TRACE::2026-01-29.17:30:04::SCWMssOS::Found a swdesign opened with the mssfile.
TRACE::2026-01-29.17:30:04::SCWMssOS::Completed writemss as part of save.
TRACE::2026-01-29.17:30:04::SCWMssOS::Commit changes completed.
TRACE::2026-01-29.17:30:04::SCWMssOS::Saving the mss changes X:/cpre488/Labs/MP-0/vitus/MP0_wrapper/ps7_cortexa9_0/domain_ps7_cortexa9_0/bsp/system.mss
TRACE::2026-01-29.17:30:04::SCWMssOS::Found a swdesign opened with the mssfile.
TRACE::2026-01-29.17:30:04::SCWMssOS::Completed writemss as part of save.
TRACE::2026-01-29.17:30:04::SCWMssOS::Commit changes completed.
TRACE::2026-01-29.17:30:04::SCWPlatform::Trying to open the hw design at X:/cpre488/Labs/MP-0/vitus/MP0_wrapper/hw/MP0_wrapper.xsa
TRACE::2026-01-29.17:30:04::SCWPlatform::DSA given X:/cpre488/Labs/MP-0/vitus/MP0_wrapper/hw/MP0_wrapper.xsa
TRACE::2026-01-29.17:30:04::SCWPlatform::DSA absoulate path X:/cpre488/Labs/MP-0/vitus/MP0_wrapper/hw/MP0_wrapper.xsa
TRACE::2026-01-29.17:30:04::SCWPlatform::DSA directory X:/cpre488/Labs/MP-0/vitus/MP0_wrapper/hw
TRACE::2026-01-29.17:30:04::SCWPlatform:: Platform Path X:/cpre488/Labs/MP-0/vitus/MP0_wrapper/hw/MP0_wrapper.xsa
TRACE::2026-01-29.17:30:04::SCWPlatform:: Unique name xilinx:zed::0.0
TRACE::2026-01-29.17:30:04::SCWPlatform::Trying to set the existing hwdb with name MP0_wrapper_0
TRACE::2026-01-29.17:30:04::SCWPlatform::Opened existing hwdb MP0_wrapper_0
TRACE::2026-01-29.17:30:04::SCWPlatform::Found the Hw Db part of the input DSA
TRACE::2026-01-29.17:30:04::SCWMssOS::Checking the sw design at  X:/cpre488/Labs/MP-0/vitus/MP0_wrapper/zynq_fsbl/zynq_fsbl_bsp/system.mss
TRACE::2026-01-29.17:30:04::SCWMssOS::DEBUG:  swdes dump  X:/cpre488/Labs/MP-0/vitus/MP0_wrapper/ps7_cortexa9_0/domain_ps7_cortexa9_0/bsp/system.mss|system_0||
X:/cpre488/Labs/MP-0/vitus/MP0_wrapper/zynq_fsbl/zynq_fsbl_bsp/system.mss|system||

TRACE::2026-01-29.17:30:04::SCWMssOS::Sw design exists and opened at  X:/cpre488/Labs/MP-0/vitus/MP0_wrapper/zynq_fsbl/zynq_fsbl_bsp/system.mss
TRACE::2026-01-29.17:30:04::SCWPlatform::Trying to open the hw design at X:/cpre488/Labs/MP-0/vitus/MP0_wrapper/hw/MP0_wrapper.xsa
TRACE::2026-01-29.17:30:04::SCWPlatform::DSA given X:/cpre488/Labs/MP-0/vitus/MP0_wrapper/hw/MP0_wrapper.xsa
TRACE::2026-01-29.17:30:04::SCWPlatform::DSA absoulate path X:/cpre488/Labs/MP-0/vitus/MP0_wrapper/hw/MP0_wrapper.xsa
TRACE::2026-01-29.17:30:04::SCWPlatform::DSA directory X:/cpre488/Labs/MP-0/vitus/MP0_wrapper/hw
TRACE::2026-01-29.17:30:04::SCWPlatform:: Platform Path X:/cpre488/Labs/MP-0/vitus/MP0_wrapper/hw/MP0_wrapper.xsa
TRACE::2026-01-29.17:30:04::SCWPlatform:: Unique name xilinx:zed::0.0
TRACE::2026-01-29.17:30:04::SCWPlatform::Trying to set the existing hwdb with name MP0_wrapper_0
TRACE::2026-01-29.17:30:04::SCWPlatform::Opened existing hwdb MP0_wrapper_0
TRACE::2026-01-29.17:30:04::SCWPlatform::Found the Hw Db part of the input DSA
TRACE::2026-01-29.17:30:04::SCWMssOS::Checking the sw design at  X:/cpre488/Labs/MP-0/vitus/MP0_wrapper/zynq_fsbl/zynq_fsbl_bsp/system.mss
TRACE::2026-01-29.17:30:04::SCWMssOS::DEBUG:  swdes dump  X:/cpre488/Labs/MP-0/vitus/MP0_wrapper/ps7_cortexa9_0/domain_ps7_cortexa9_0/bsp/system.mss|system_0||
X:/cpre488/Labs/MP-0/vitus/MP0_wrapper/zynq_fsbl/zynq_fsbl_bsp/system.mss|system||

TRACE::2026-01-29.17:30:04::SCWMssOS::Sw design exists and opened at  X:/cpre488/Labs/MP-0/vitus/MP0_wrapper/zynq_fsbl/zynq_fsbl_bsp/system.mss
TRACE::2026-01-29.17:30:04::SCWPlatform::Trying to open the hw design at X:/cpre488/Labs/MP-0/vitus/MP0_wrapper/hw/MP0_wrapper.xsa
TRACE::2026-01-29.17:30:04::SCWPlatform::DSA given X:/cpre488/Labs/MP-0/vitus/MP0_wrapper/hw/MP0_wrapper.xsa
TRACE::2026-01-29.17:30:04::SCWPlatform::DSA absoulate path X:/cpre488/Labs/MP-0/vitus/MP0_wrapper/hw/MP0_wrapper.xsa
TRACE::2026-01-29.17:30:04::SCWPlatform::DSA directory X:/cpre488/Labs/MP-0/vitus/MP0_wrapper/hw
TRACE::2026-01-29.17:30:04::SCWPlatform:: Platform Path X:/cpre488/Labs/MP-0/vitus/MP0_wrapper/hw/MP0_wrapper.xsa
TRACE::2026-01-29.17:30:04::SCWPlatform:: Unique name xilinx:zed::0.0
TRACE::2026-01-29.17:30:04::SCWPlatform::Trying to set the existing hwdb with name MP0_wrapper_0
TRACE::2026-01-29.17:30:04::SCWPlatform::Opened existing hwdb MP0_wrapper_0
TRACE::2026-01-29.17:30:04::SCWPlatform::Found the Hw Db part of the input DSA
TRACE::2026-01-29.17:30:04::SCWMssOS::Checking the sw design at  X:/cpre488/Labs/MP-0/vitus/MP0_wrapper/zynq_fsbl/zynq_fsbl_bsp/system.mss
TRACE::2026-01-29.17:30:04::SCWMssOS::DEBUG:  swdes dump  X:/cpre488/Labs/MP-0/vitus/MP0_wrapper/ps7_cortexa9_0/domain_ps7_cortexa9_0/bsp/system.mss|system_0||
X:/cpre488/Labs/MP-0/vitus/MP0_wrapper/zynq_fsbl/zynq_fsbl_bsp/system.mss|system||

TRACE::2026-01-29.17:30:04::SCWMssOS::Sw design exists and opened at  X:/cpre488/Labs/MP-0/vitus/MP0_wrapper/zynq_fsbl/zynq_fsbl_bsp/system.mss
TRACE::2026-01-29.17:30:04::SCWPlatform::Trying to open the hw design at X:/cpre488/Labs/MP-0/vitus/MP0_wrapper/hw/MP0_wrapper.xsa
TRACE::2026-01-29.17:30:04::SCWPlatform::DSA given X:/cpre488/Labs/MP-0/vitus/MP0_wrapper/hw/MP0_wrapper.xsa
TRACE::2026-01-29.17:30:04::SCWPlatform::DSA absoulate path X:/cpre488/Labs/MP-0/vitus/MP0_wrapper/hw/MP0_wrapper.xsa
TRACE::2026-01-29.17:30:04::SCWPlatform::DSA directory X:/cpre488/Labs/MP-0/vitus/MP0_wrapper/hw
TRACE::2026-01-29.17:30:04::SCWPlatform:: Platform Path X:/cpre488/Labs/MP-0/vitus/MP0_wrapper/hw/MP0_wrapper.xsa
TRACE::2026-01-29.17:30:04::SCWPlatform:: Unique name xilinx:zed::0.0
TRACE::2026-01-29.17:30:04::SCWPlatform::Trying to set the existing hwdb with name MP0_wrapper_0
TRACE::2026-01-29.17:30:04::SCWPlatform::Opened existing hwdb MP0_wrapper_0
TRACE::2026-01-29.17:30:04::SCWPlatform::Found the Hw Db part of the input DSA
TRACE::2026-01-29.17:30:04::SCWMssOS::Checking the sw design at  X:/cpre488/Labs/MP-0/vitus/MP0_wrapper/ps7_cortexa9_0/domain_ps7_cortexa9_0/bsp/system.mss
TRACE::2026-01-29.17:30:04::SCWMssOS::DEBUG:  swdes dump  X:/cpre488/Labs/MP-0/vitus/MP0_wrapper/ps7_cortexa9_0/domain_ps7_cortexa9_0/bsp/system.mss|system_0||
X:/cpre488/Labs/MP-0/vitus/MP0_wrapper/zynq_fsbl/zynq_fsbl_bsp/system.mss|system||

TRACE::2026-01-29.17:30:04::SCWMssOS::Sw design exists and opened at  X:/cpre488/Labs/MP-0/vitus/MP0_wrapper/ps7_cortexa9_0/domain_ps7_cortexa9_0/bsp/system.mss
TRACE::2026-01-29.17:30:04::SCWPlatform::Trying to open the hw design at X:/cpre488/Labs/MP-0/vitus/MP0_wrapper/hw/MP0_wrapper.xsa
TRACE::2026-01-29.17:30:04::SCWPlatform::DSA given X:/cpre488/Labs/MP-0/vitus/MP0_wrapper/hw/MP0_wrapper.xsa
TRACE::2026-01-29.17:30:04::SCWPlatform::DSA absoulate path X:/cpre488/Labs/MP-0/vitus/MP0_wrapper/hw/MP0_wrapper.xsa
TRACE::2026-01-29.17:30:04::SCWPlatform::DSA directory X:/cpre488/Labs/MP-0/vitus/MP0_wrapper/hw
TRACE::2026-01-29.17:30:04::SCWPlatform:: Platform Path X:/cpre488/Labs/MP-0/vitus/MP0_wrapper/hw/MP0_wrapper.xsa
TRACE::2026-01-29.17:30:04::SCWPlatform:: Unique name xilinx:zed::0.0
TRACE::2026-01-29.17:30:04::SCWPlatform::Trying to set the existing hwdb with name MP0_wrapper_0
TRACE::2026-01-29.17:30:04::SCWPlatform::Opened existing hwdb MP0_wrapper_0
TRACE::2026-01-29.17:30:04::SCWPlatform::Found the Hw Db part of the input DSA
TRACE::2026-01-29.17:30:04::SCWMssOS::Checking the sw design at  X:/cpre488/Labs/MP-0/vitus/MP0_wrapper/ps7_cortexa9_0/domain_ps7_cortexa9_0/bsp/system.mss
TRACE::2026-01-29.17:30:04::SCWMssOS::DEBUG:  swdes dump  X:/cpre488/Labs/MP-0/vitus/MP0_wrapper/ps7_cortexa9_0/domain_ps7_cortexa9_0/bsp/system.mss|system_0||
X:/cpre488/Labs/MP-0/vitus/MP0_wrapper/zynq_fsbl/zynq_fsbl_bsp/system.mss|system||

TRACE::2026-01-29.17:30:04::SCWMssOS::Sw design exists and opened at  X:/cpre488/Labs/MP-0/vitus/MP0_wrapper/ps7_cortexa9_0/domain_ps7_cortexa9_0/bsp/system.mss
TRACE::2026-01-29.17:30:04::SCWPlatform::Trying to open the hw design at X:/cpre488/Labs/MP-0/vitus/MP0_wrapper/hw/MP0_wrapper.xsa
TRACE::2026-01-29.17:30:04::SCWPlatform::DSA given X:/cpre488/Labs/MP-0/vitus/MP0_wrapper/hw/MP0_wrapper.xsa
TRACE::2026-01-29.17:30:04::SCWPlatform::DSA absoulate path X:/cpre488/Labs/MP-0/vitus/MP0_wrapper/hw/MP0_wrapper.xsa
TRACE::2026-01-29.17:30:04::SCWPlatform::DSA directory X:/cpre488/Labs/MP-0/vitus/MP0_wrapper/hw
TRACE::2026-01-29.17:30:04::SCWPlatform:: Platform Path X:/cpre488/Labs/MP-0/vitus/MP0_wrapper/hw/MP0_wrapper.xsa
TRACE::2026-01-29.17:30:04::SCWPlatform:: Unique name xilinx:zed::0.0
TRACE::2026-01-29.17:30:04::SCWPlatform::Trying to set the existing hwdb with name MP0_wrapper_0
TRACE::2026-01-29.17:30:04::SCWPlatform::Opened existing hwdb MP0_wrapper_0
TRACE::2026-01-29.17:30:04::SCWPlatform::Found the Hw Db part of the input DSA
TRACE::2026-01-29.17:30:04::SCWMssOS::Checking the sw design at  X:/cpre488/Labs/MP-0/vitus/MP0_wrapper/ps7_cortexa9_0/domain_ps7_cortexa9_0/bsp/system.mss
TRACE::2026-01-29.17:30:04::SCWMssOS::DEBUG:  swdes dump  X:/cpre488/Labs/MP-0/vitus/MP0_wrapper/ps7_cortexa9_0/domain_ps7_cortexa9_0/bsp/system.mss|system_0||
X:/cpre488/Labs/MP-0/vitus/MP0_wrapper/zynq_fsbl/zynq_fsbl_bsp/system.mss|system||

TRACE::2026-01-29.17:30:04::SCWMssOS::Sw design exists and opened at  X:/cpre488/Labs/MP-0/vitus/MP0_wrapper/ps7_cortexa9_0/domain_ps7_cortexa9_0/bsp/system.mss
TRACE::2026-01-29.17:30:04::SCWWriter::formatted JSON is {
	"platformName":	"MP0_wrapper",
	"sprVersion":	"2.0",
	"mode":	"gui",
	"dsaType":	"Fixed",
	"platformDesc":	"MP0_wrapper",
	"platHandOff":	"X:/cpre488/Labs/MP-0/MP-0/MP0_wrapper.xsa",
	"platIntHandOff":	"<platformDir>/hw/MP0_wrapper.xsa",
	"deviceType":	"zynq",
	"platIsPrebuiltAutogen":	"false",
	"platIsNoBootBsp":	"false",
	"platFsblTarget":	"ps7_cortexa9_0",
	"hasFsblMakeHasChanges":	"false",
	"hasPmufwMakeHasChanges":	"false",
	"fsblExtraCompilerFlags":	"-MMD -MP       -mcpu=cortex-a9 -mfpu=vfpv3 -mfloat-abi=hard ",
	"platPreBuiltFlag":	false,
	"platformSamplesDir":	"",
	"platActiveSys":	"MP0_wrapper",
	"systems":	[{
			"systemName":	"MP0_wrapper",
			"systemDesc":	"MP0_wrapper",
			"sysIsBootAutoGen":	"true",
			"systemDispName":	"MP0_wrapper",
			"sysActiveDom":	"domain_ps7_cortexa9_0",
			"sysDefaultDom":	"domain_ps7_cortexa9_0",
			"domains":	[{
					"domainName":	"zynq_fsbl",
					"domainDispName":	"zynq_fsbl",
					"domainDesc":	"FSBL Application BSP - Auto Generated.",
					"processors":	"ps7_cortexa9_0",
					"os":	"standalone",
					"sdxOs":	"standalone",
					"debugEnable":	"",
					"domRuntimes":	["cpp"],
					"swRepo":	"",
					"mssOsVer":	"7.2",
					"mssFile":	"",
					"md5Digest":	"d070912764dbc9091b0675940dbd0d2a",
					"compatibleApp":	"zynq_fsbl",
					"domType":	"bootDomain",
					"arch":	"32-bit",
					"appSettings":	{
						"appCompilerFlags":	"",
						"appLinkerFlags":	""
					},
					"addedLibs":	["xilffs:4.3", "xilrsa:1.6"],
					"libOptions":	{
						"libsContainingOptions":	[]
					},
					"prebuiltLibs":	{
						"prebuiltIncPath":	[],
						"prebuiltLibPath":	[]
					},
					"isolation":	{
					}
				}, {
					"domainName":	"domain_ps7_cortexa9_0",
					"domainDispName":	"domain_ps7_cortexa9_0",
					"domainDesc":	"domain_ps7_cortexa9_0",
					"processors":	"ps7_cortexa9_0",
					"os":	"standalone",
					"sdxOs":	"standalone",
					"qemuArgs":	"C:/Xilinx/Vitis/2020.1/data/emulation/platforms/zynq/qemu/qemu_args.txt",
					"qemuData":	"C:/Xilinx/Vitis/2020.1/data/emulation/platforms/zynq/qemu/",
					"debugEnable":	"False",
					"domRuntimes":	["cpp"],
					"swRepo":	"",
					"mssOsVer":	"7.2",
					"mssFile":	"",
					"md5Digest":	"5ae316de3f4391f8eb31fb72c822226d",
					"compatibleApp":	"peripheral_tests",
					"domType":	"mssDomain",
					"arch":	"32-bit",
					"appSettings":	{
						"appCompilerFlags":	"",
						"appLinkerFlags":	""
					},
					"addedLibs":	[],
					"libOptions":	{
						"libsContainingOptions":	[]
					},
					"prebuiltLibs":	{
						"prebuiltIncPath":	[],
						"prebuiltLibPath":	[]
					},
					"isolation":	{
					}
				}]
		}]
}
TRACE::2026-01-29.17:30:04::SCWPlatform::Trying to open the hw design at X:/cpre488/Labs/MP-0/vitus/MP0_wrapper/hw/MP0_wrapper.xsa
TRACE::2026-01-29.17:30:04::SCWPlatform::DSA given X:/cpre488/Labs/MP-0/vitus/MP0_wrapper/hw/MP0_wrapper.xsa
TRACE::2026-01-29.17:30:04::SCWPlatform::DSA absoulate path X:/cpre488/Labs/MP-0/vitus/MP0_wrapper/hw/MP0_wrapper.xsa
TRACE::2026-01-29.17:30:04::SCWPlatform::DSA directory X:/cpre488/Labs/MP-0/vitus/MP0_wrapper/hw
TRACE::2026-01-29.17:30:04::SCWPlatform:: Platform Path X:/cpre488/Labs/MP-0/vitus/MP0_wrapper/hw/MP0_wrapper.xsa
TRACE::2026-01-29.17:30:04::SCWPlatform:: Unique name xilinx:zed::0.0
TRACE::2026-01-29.17:30:04::SCWPlatform::Trying to set the existing hwdb with name MP0_wrapper_0
TRACE::2026-01-29.17:30:04::SCWPlatform::Opened existing hwdb MP0_wrapper_0
TRACE::2026-01-29.17:30:04::SCWPlatform::Found the Hw Db part of the input DSA
TRACE::2026-01-29.17:30:04::SCWMssOS::Checking the sw design at  X:/cpre488/Labs/MP-0/vitus/MP0_wrapper/ps7_cortexa9_0/domain_ps7_cortexa9_0/bsp/system.mss
TRACE::2026-01-29.17:30:04::SCWMssOS::DEBUG:  swdes dump  X:/cpre488/Labs/MP-0/vitus/MP0_wrapper/ps7_cortexa9_0/domain_ps7_cortexa9_0/bsp/system.mss|system_0||
X:/cpre488/Labs/MP-0/vitus/MP0_wrapper/zynq_fsbl/zynq_fsbl_bsp/system.mss|system||

TRACE::2026-01-29.17:30:04::SCWMssOS::Sw design exists and opened at  X:/cpre488/Labs/MP-0/vitus/MP0_wrapper/ps7_cortexa9_0/domain_ps7_cortexa9_0/bsp/system.mss
TRACE::2026-01-29.17:30:04::SCWPlatform::Trying to open the hw design at X:/cpre488/Labs/MP-0/vitus/MP0_wrapper/hw/MP0_wrapper.xsa
TRACE::2026-01-29.17:30:04::SCWPlatform::DSA given X:/cpre488/Labs/MP-0/vitus/MP0_wrapper/hw/MP0_wrapper.xsa
TRACE::2026-01-29.17:30:04::SCWPlatform::DSA absoulate path X:/cpre488/Labs/MP-0/vitus/MP0_wrapper/hw/MP0_wrapper.xsa
TRACE::2026-01-29.17:30:04::SCWPlatform::DSA directory X:/cpre488/Labs/MP-0/vitus/MP0_wrapper/hw
TRACE::2026-01-29.17:30:04::SCWPlatform:: Platform Path X:/cpre488/Labs/MP-0/vitus/MP0_wrapper/hw/MP0_wrapper.xsa
TRACE::2026-01-29.17:30:04::SCWPlatform:: Unique name xilinx:zed::0.0
TRACE::2026-01-29.17:30:04::SCWPlatform::Trying to set the existing hwdb with name MP0_wrapper_0
TRACE::2026-01-29.17:30:04::SCWPlatform::Opened existing hwdb MP0_wrapper_0
TRACE::2026-01-29.17:30:04::SCWPlatform::Found the Hw Db part of the input DSA
TRACE::2026-01-29.17:30:04::SCWMssOS::Checking the sw design at  X:/cpre488/Labs/MP-0/vitus/MP0_wrapper/ps7_cortexa9_0/domain_ps7_cortexa9_0/bsp/system.mss
TRACE::2026-01-29.17:30:04::SCWMssOS::DEBUG:  swdes dump  X:/cpre488/Labs/MP-0/vitus/MP0_wrapper/ps7_cortexa9_0/domain_ps7_cortexa9_0/bsp/system.mss|system_0||
X:/cpre488/Labs/MP-0/vitus/MP0_wrapper/zynq_fsbl/zynq_fsbl_bsp/system.mss|system||

TRACE::2026-01-29.17:30:04::SCWMssOS::Sw design exists and opened at  X:/cpre488/Labs/MP-0/vitus/MP0_wrapper/ps7_cortexa9_0/domain_ps7_cortexa9_0/bsp/system.mss
TRACE::2026-01-29.17:30:04::SCWMssOS::Saving the mss changes X:/cpre488/Labs/MP-0/vitus/MP0_wrapper/zynq_fsbl/zynq_fsbl_bsp/system.mss
TRACE::2026-01-29.17:30:04::SCWMssOS::Found a swdesign opened with the mssfile.
TRACE::2026-01-29.17:30:04::SCWMssOS::Completed writemss as part of save.
TRACE::2026-01-29.17:30:04::SCWMssOS::Commit changes completed.
TRACE::2026-01-29.17:30:04::SCWMssOS::Saving the mss changes X:/cpre488/Labs/MP-0/vitus/MP0_wrapper/ps7_cortexa9_0/domain_ps7_cortexa9_0/bsp/system.mss
TRACE::2026-01-29.17:30:04::SCWMssOS::Found a swdesign opened with the mssfile.
TRACE::2026-01-29.17:30:04::SCWMssOS::Completed writemss as part of save.
TRACE::2026-01-29.17:30:04::SCWMssOS::Commit changes completed.
TRACE::2026-01-29.17:30:04::SCWPlatform::Trying to open the hw design at X:/cpre488/Labs/MP-0/vitus/MP0_wrapper/hw/MP0_wrapper.xsa
TRACE::2026-01-29.17:30:04::SCWPlatform::DSA given X:/cpre488/Labs/MP-0/vitus/MP0_wrapper/hw/MP0_wrapper.xsa
TRACE::2026-01-29.17:30:04::SCWPlatform::DSA absoulate path X:/cpre488/Labs/MP-0/vitus/MP0_wrapper/hw/MP0_wrapper.xsa
TRACE::2026-01-29.17:30:04::SCWPlatform::DSA directory X:/cpre488/Labs/MP-0/vitus/MP0_wrapper/hw
TRACE::2026-01-29.17:30:04::SCWPlatform:: Platform Path X:/cpre488/Labs/MP-0/vitus/MP0_wrapper/hw/MP0_wrapper.xsa
TRACE::2026-01-29.17:30:04::SCWPlatform:: Unique name xilinx:zed::0.0
TRACE::2026-01-29.17:30:04::SCWPlatform::Trying to set the existing hwdb with name MP0_wrapper_0
TRACE::2026-01-29.17:30:04::SCWPlatform::Opened existing hwdb MP0_wrapper_0
TRACE::2026-01-29.17:30:04::SCWPlatform::Found the Hw Db part of the input DSA
TRACE::2026-01-29.17:30:04::SCWMssOS::Checking the sw design at  X:/cpre488/Labs/MP-0/vitus/MP0_wrapper/zynq_fsbl/zynq_fsbl_bsp/system.mss
TRACE::2026-01-29.17:30:04::SCWMssOS::DEBUG:  swdes dump  X:/cpre488/Labs/MP-0/vitus/MP0_wrapper/ps7_cortexa9_0/domain_ps7_cortexa9_0/bsp/system.mss|system_0||
X:/cpre488/Labs/MP-0/vitus/MP0_wrapper/zynq_fsbl/zynq_fsbl_bsp/system.mss|system||

TRACE::2026-01-29.17:30:04::SCWMssOS::Sw design exists and opened at  X:/cpre488/Labs/MP-0/vitus/MP0_wrapper/zynq_fsbl/zynq_fsbl_bsp/system.mss
TRACE::2026-01-29.17:30:04::SCWPlatform::Trying to open the hw design at X:/cpre488/Labs/MP-0/vitus/MP0_wrapper/hw/MP0_wrapper.xsa
TRACE::2026-01-29.17:30:04::SCWPlatform::DSA given X:/cpre488/Labs/MP-0/vitus/MP0_wrapper/hw/MP0_wrapper.xsa
TRACE::2026-01-29.17:30:04::SCWPlatform::DSA absoulate path X:/cpre488/Labs/MP-0/vitus/MP0_wrapper/hw/MP0_wrapper.xsa
TRACE::2026-01-29.17:30:04::SCWPlatform::DSA directory X:/cpre488/Labs/MP-0/vitus/MP0_wrapper/hw
TRACE::2026-01-29.17:30:04::SCWPlatform:: Platform Path X:/cpre488/Labs/MP-0/vitus/MP0_wrapper/hw/MP0_wrapper.xsa
TRACE::2026-01-29.17:30:04::SCWPlatform:: Unique name xilinx:zed::0.0
TRACE::2026-01-29.17:30:04::SCWPlatform::Trying to set the existing hwdb with name MP0_wrapper_0
TRACE::2026-01-29.17:30:04::SCWPlatform::Opened existing hwdb MP0_wrapper_0
TRACE::2026-01-29.17:30:04::SCWPlatform::Found the Hw Db part of the input DSA
TRACE::2026-01-29.17:30:04::SCWMssOS::Checking the sw design at  X:/cpre488/Labs/MP-0/vitus/MP0_wrapper/zynq_fsbl/zynq_fsbl_bsp/system.mss
TRACE::2026-01-29.17:30:04::SCWMssOS::DEBUG:  swdes dump  X:/cpre488/Labs/MP-0/vitus/MP0_wrapper/ps7_cortexa9_0/domain_ps7_cortexa9_0/bsp/system.mss|system_0||
X:/cpre488/Labs/MP-0/vitus/MP0_wrapper/zynq_fsbl/zynq_fsbl_bsp/system.mss|system||

TRACE::2026-01-29.17:30:04::SCWMssOS::Sw design exists and opened at  X:/cpre488/Labs/MP-0/vitus/MP0_wrapper/zynq_fsbl/zynq_fsbl_bsp/system.mss
TRACE::2026-01-29.17:30:04::SCWPlatform::Trying to open the hw design at X:/cpre488/Labs/MP-0/vitus/MP0_wrapper/hw/MP0_wrapper.xsa
TRACE::2026-01-29.17:30:04::SCWPlatform::DSA given X:/cpre488/Labs/MP-0/vitus/MP0_wrapper/hw/MP0_wrapper.xsa
TRACE::2026-01-29.17:30:04::SCWPlatform::DSA absoulate path X:/cpre488/Labs/MP-0/vitus/MP0_wrapper/hw/MP0_wrapper.xsa
TRACE::2026-01-29.17:30:04::SCWPlatform::DSA directory X:/cpre488/Labs/MP-0/vitus/MP0_wrapper/hw
TRACE::2026-01-29.17:30:04::SCWPlatform:: Platform Path X:/cpre488/Labs/MP-0/vitus/MP0_wrapper/hw/MP0_wrapper.xsa
TRACE::2026-01-29.17:30:04::SCWPlatform:: Unique name xilinx:zed::0.0
TRACE::2026-01-29.17:30:04::SCWPlatform::Trying to set the existing hwdb with name MP0_wrapper_0
TRACE::2026-01-29.17:30:04::SCWPlatform::Opened existing hwdb MP0_wrapper_0
TRACE::2026-01-29.17:30:04::SCWPlatform::Found the Hw Db part of the input DSA
TRACE::2026-01-29.17:30:04::SCWMssOS::Checking the sw design at  X:/cpre488/Labs/MP-0/vitus/MP0_wrapper/zynq_fsbl/zynq_fsbl_bsp/system.mss
TRACE::2026-01-29.17:30:04::SCWMssOS::DEBUG:  swdes dump  X:/cpre488/Labs/MP-0/vitus/MP0_wrapper/ps7_cortexa9_0/domain_ps7_cortexa9_0/bsp/system.mss|system_0||
X:/cpre488/Labs/MP-0/vitus/MP0_wrapper/zynq_fsbl/zynq_fsbl_bsp/system.mss|system||

TRACE::2026-01-29.17:30:04::SCWMssOS::Sw design exists and opened at  X:/cpre488/Labs/MP-0/vitus/MP0_wrapper/zynq_fsbl/zynq_fsbl_bsp/system.mss
TRACE::2026-01-29.17:30:04::SCWPlatform::Trying to open the hw design at X:/cpre488/Labs/MP-0/vitus/MP0_wrapper/hw/MP0_wrapper.xsa
TRACE::2026-01-29.17:30:04::SCWPlatform::DSA given X:/cpre488/Labs/MP-0/vitus/MP0_wrapper/hw/MP0_wrapper.xsa
TRACE::2026-01-29.17:30:04::SCWPlatform::DSA absoulate path X:/cpre488/Labs/MP-0/vitus/MP0_wrapper/hw/MP0_wrapper.xsa
TRACE::2026-01-29.17:30:04::SCWPlatform::DSA directory X:/cpre488/Labs/MP-0/vitus/MP0_wrapper/hw
TRACE::2026-01-29.17:30:04::SCWPlatform:: Platform Path X:/cpre488/Labs/MP-0/vitus/MP0_wrapper/hw/MP0_wrapper.xsa
TRACE::2026-01-29.17:30:04::SCWPlatform:: Unique name xilinx:zed::0.0
TRACE::2026-01-29.17:30:04::SCWPlatform::Trying to set the existing hwdb with name MP0_wrapper_0
TRACE::2026-01-29.17:30:04::SCWPlatform::Opened existing hwdb MP0_wrapper_0
TRACE::2026-01-29.17:30:04::SCWPlatform::Found the Hw Db part of the input DSA
TRACE::2026-01-29.17:30:04::SCWMssOS::Checking the sw design at  X:/cpre488/Labs/MP-0/vitus/MP0_wrapper/ps7_cortexa9_0/domain_ps7_cortexa9_0/bsp/system.mss
TRACE::2026-01-29.17:30:04::SCWMssOS::DEBUG:  swdes dump  X:/cpre488/Labs/MP-0/vitus/MP0_wrapper/ps7_cortexa9_0/domain_ps7_cortexa9_0/bsp/system.mss|system_0||
X:/cpre488/Labs/MP-0/vitus/MP0_wrapper/zynq_fsbl/zynq_fsbl_bsp/system.mss|system||

TRACE::2026-01-29.17:30:04::SCWMssOS::Sw design exists and opened at  X:/cpre488/Labs/MP-0/vitus/MP0_wrapper/ps7_cortexa9_0/domain_ps7_cortexa9_0/bsp/system.mss
TRACE::2026-01-29.17:30:04::SCWPlatform::Trying to open the hw design at X:/cpre488/Labs/MP-0/vitus/MP0_wrapper/hw/MP0_wrapper.xsa
TRACE::2026-01-29.17:30:04::SCWPlatform::DSA given X:/cpre488/Labs/MP-0/vitus/MP0_wrapper/hw/MP0_wrapper.xsa
TRACE::2026-01-29.17:30:04::SCWPlatform::DSA absoulate path X:/cpre488/Labs/MP-0/vitus/MP0_wrapper/hw/MP0_wrapper.xsa
TRACE::2026-01-29.17:30:04::SCWPlatform::DSA directory X:/cpre488/Labs/MP-0/vitus/MP0_wrapper/hw
TRACE::2026-01-29.17:30:04::SCWPlatform:: Platform Path X:/cpre488/Labs/MP-0/vitus/MP0_wrapper/hw/MP0_wrapper.xsa
TRACE::2026-01-29.17:30:04::SCWPlatform:: Unique name xilinx:zed::0.0
TRACE::2026-01-29.17:30:04::SCWPlatform::Trying to set the existing hwdb with name MP0_wrapper_0
TRACE::2026-01-29.17:30:04::SCWPlatform::Opened existing hwdb MP0_wrapper_0
TRACE::2026-01-29.17:30:04::SCWPlatform::Found the Hw Db part of the input DSA
TRACE::2026-01-29.17:30:04::SCWMssOS::Checking the sw design at  X:/cpre488/Labs/MP-0/vitus/MP0_wrapper/ps7_cortexa9_0/domain_ps7_cortexa9_0/bsp/system.mss
TRACE::2026-01-29.17:30:04::SCWMssOS::DEBUG:  swdes dump  X:/cpre488/Labs/MP-0/vitus/MP0_wrapper/ps7_cortexa9_0/domain_ps7_cortexa9_0/bsp/system.mss|system_0||
X:/cpre488/Labs/MP-0/vitus/MP0_wrapper/zynq_fsbl/zynq_fsbl_bsp/system.mss|system||

TRACE::2026-01-29.17:30:04::SCWMssOS::Sw design exists and opened at  X:/cpre488/Labs/MP-0/vitus/MP0_wrapper/ps7_cortexa9_0/domain_ps7_cortexa9_0/bsp/system.mss
TRACE::2026-01-29.17:30:04::SCWPlatform::Trying to open the hw design at X:/cpre488/Labs/MP-0/vitus/MP0_wrapper/hw/MP0_wrapper.xsa
TRACE::2026-01-29.17:30:04::SCWPlatform::DSA given X:/cpre488/Labs/MP-0/vitus/MP0_wrapper/hw/MP0_wrapper.xsa
TRACE::2026-01-29.17:30:04::SCWPlatform::DSA absoulate path X:/cpre488/Labs/MP-0/vitus/MP0_wrapper/hw/MP0_wrapper.xsa
TRACE::2026-01-29.17:30:04::SCWPlatform::DSA directory X:/cpre488/Labs/MP-0/vitus/MP0_wrapper/hw
TRACE::2026-01-29.17:30:04::SCWPlatform:: Platform Path X:/cpre488/Labs/MP-0/vitus/MP0_wrapper/hw/MP0_wrapper.xsa
TRACE::2026-01-29.17:30:04::SCWPlatform:: Unique name xilinx:zed::0.0
TRACE::2026-01-29.17:30:04::SCWPlatform::Trying to set the existing hwdb with name MP0_wrapper_0
TRACE::2026-01-29.17:30:04::SCWPlatform::Opened existing hwdb MP0_wrapper_0
TRACE::2026-01-29.17:30:04::SCWPlatform::Found the Hw Db part of the input DSA
TRACE::2026-01-29.17:30:04::SCWMssOS::Checking the sw design at  X:/cpre488/Labs/MP-0/vitus/MP0_wrapper/ps7_cortexa9_0/domain_ps7_cortexa9_0/bsp/system.mss
TRACE::2026-01-29.17:30:04::SCWMssOS::DEBUG:  swdes dump  X:/cpre488/Labs/MP-0/vitus/MP0_wrapper/ps7_cortexa9_0/domain_ps7_cortexa9_0/bsp/system.mss|system_0||
X:/cpre488/Labs/MP-0/vitus/MP0_wrapper/zynq_fsbl/zynq_fsbl_bsp/system.mss|system||

TRACE::2026-01-29.17:30:04::SCWMssOS::Sw design exists and opened at  X:/cpre488/Labs/MP-0/vitus/MP0_wrapper/ps7_cortexa9_0/domain_ps7_cortexa9_0/bsp/system.mss
TRACE::2026-01-29.17:30:04::SCWWriter::formatted JSON is {
	"platformName":	"MP0_wrapper",
	"sprVersion":	"2.0",
	"mode":	"gui",
	"dsaType":	"Fixed",
	"platformDesc":	"MP0_wrapper",
	"platHandOff":	"X:/cpre488/Labs/MP-0/MP-0/MP0_wrapper.xsa",
	"platIntHandOff":	"<platformDir>/hw/MP0_wrapper.xsa",
	"deviceType":	"zynq",
	"platIsPrebuiltAutogen":	"false",
	"platIsNoBootBsp":	"false",
	"platFsblTarget":	"ps7_cortexa9_0",
	"hasFsblMakeHasChanges":	"false",
	"hasPmufwMakeHasChanges":	"false",
	"fsblExtraCompilerFlags":	"-MMD -MP       -mcpu=cortex-a9 -mfpu=vfpv3 -mfloat-abi=hard ",
	"platPreBuiltFlag":	false,
	"platformSamplesDir":	"",
	"platActiveSys":	"MP0_wrapper",
	"systems":	[{
			"systemName":	"MP0_wrapper",
			"systemDesc":	"MP0_wrapper",
			"sysIsBootAutoGen":	"true",
			"systemDispName":	"MP0_wrapper",
			"sysActiveDom":	"domain_ps7_cortexa9_0",
			"sysDefaultDom":	"domain_ps7_cortexa9_0",
			"domains":	[{
					"domainName":	"zynq_fsbl",
					"domainDispName":	"zynq_fsbl",
					"domainDesc":	"FSBL Application BSP - Auto Generated.",
					"processors":	"ps7_cortexa9_0",
					"os":	"standalone",
					"sdxOs":	"standalone",
					"debugEnable":	"",
					"domRuntimes":	["cpp"],
					"swRepo":	"",
					"mssOsVer":	"7.2",
					"mssFile":	"",
					"md5Digest":	"d070912764dbc9091b0675940dbd0d2a",
					"compatibleApp":	"zynq_fsbl",
					"domType":	"bootDomain",
					"arch":	"32-bit",
					"appSettings":	{
						"appCompilerFlags":	"",
						"appLinkerFlags":	""
					},
					"addedLibs":	["xilffs:4.3", "xilrsa:1.6"],
					"libOptions":	{
						"libsContainingOptions":	[]
					},
					"prebuiltLibs":	{
						"prebuiltIncPath":	[],
						"prebuiltLibPath":	[]
					},
					"isolation":	{
					}
				}, {
					"domainName":	"domain_ps7_cortexa9_0",
					"domainDispName":	"domain_ps7_cortexa9_0",
					"domainDesc":	"domain_ps7_cortexa9_0",
					"processors":	"ps7_cortexa9_0",
					"os":	"standalone",
					"sdxOs":	"standalone",
					"qemuArgs":	"C:/Xilinx/Vitis/2020.1/data/emulation/platforms/zynq/qemu/qemu_args.txt",
					"qemuData":	"C:/Xilinx/Vitis/2020.1/data/emulation/platforms/zynq/qemu/",
					"debugEnable":	"False",
					"domRuntimes":	["cpp"],
					"swRepo":	"",
					"mssOsVer":	"7.2",
					"mssFile":	"",
					"md5Digest":	"5ae316de3f4391f8eb31fb72c822226d",
					"compatibleApp":	"peripheral_tests",
					"domType":	"mssDomain",
					"arch":	"32-bit",
					"appSettings":	{
						"appCompilerFlags":	"",
						"appLinkerFlags":	""
					},
					"addedLibs":	[],
					"libOptions":	{
						"libsContainingOptions":	[]
					},
					"prebuiltLibs":	{
						"prebuiltIncPath":	[],
						"prebuiltLibPath":	[]
					},
					"isolation":	{
					}
				}]
		}]
}
LOG::2026-01-29.17:30:04::SCWPlatform::Started generating the artifacts platform MP0_wrapper
TRACE::2026-01-29.17:30:04::SCWPlatform::Sanity checking of platform is completed
LOG::2026-01-29.17:30:04::SCWPlatform::Started generating the artifacts for system configuration MP0_wrapper
LOG::2026-01-29.17:30:04::SCWSystem::Started Processing the domain domain_ps7_cortexa9_0
TRACE::2026-01-29.17:30:04::SCWDomain::Generating domain artifcats
TRACE::2026-01-29.17:30:04::SCWMssOS::Generating standalone artifcats
TRACE::2026-01-29.17:30:04::SCWMssOS::Copying the qemu file from  C:/Xilinx/Vitis/2020.1/data/emulation/platforms/zynq/qemu/qemu_args.txt To X:/cpre488/Labs/MP-0/vitus/MP0_wrapper/export/MP0_wrapper/sw/MP0_wrapper/qemu/
TRACE::2026-01-29.17:30:04::SCWMssOS::Copying the qemu file from  C:/Xilinx/Vitis/2020.1/data/emulation/platforms/zynq/qemu/qemu_args.txt To X:/cpre488/Labs/MP-0/vitus/MP0_wrapper/export/MP0_wrapper/sw/MP0_wrapper/domain_ps7_cortexa9_0/qemu/
TRACE::2026-01-29.17:30:04::SCWMssOS:: Copying the user libraries. 
TRACE::2026-01-29.17:30:04::SCWPlatform::Trying to open the hw design at X:/cpre488/Labs/MP-0/vitus/MP0_wrapper/hw/MP0_wrapper.xsa
TRACE::2026-01-29.17:30:04::SCWPlatform::DSA given X:/cpre488/Labs/MP-0/vitus/MP0_wrapper/hw/MP0_wrapper.xsa
TRACE::2026-01-29.17:30:04::SCWPlatform::DSA absoulate path X:/cpre488/Labs/MP-0/vitus/MP0_wrapper/hw/MP0_wrapper.xsa
TRACE::2026-01-29.17:30:04::SCWPlatform::DSA directory X:/cpre488/Labs/MP-0/vitus/MP0_wrapper/hw
TRACE::2026-01-29.17:30:04::SCWPlatform:: Platform Path X:/cpre488/Labs/MP-0/vitus/MP0_wrapper/hw/MP0_wrapper.xsa
TRACE::2026-01-29.17:30:04::SCWPlatform:: Unique name xilinx:zed::0.0
TRACE::2026-01-29.17:30:04::SCWPlatform::Trying to set the existing hwdb with name MP0_wrapper_0
TRACE::2026-01-29.17:30:04::SCWPlatform::Opened existing hwdb MP0_wrapper_0
TRACE::2026-01-29.17:30:04::SCWPlatform::Found the Hw Db part of the input DSA
TRACE::2026-01-29.17:30:04::SCWMssOS::Checking the sw design at  X:/cpre488/Labs/MP-0/vitus/MP0_wrapper/ps7_cortexa9_0/domain_ps7_cortexa9_0/bsp/system.mss
TRACE::2026-01-29.17:30:04::SCWMssOS::DEBUG:  swdes dump  X:/cpre488/Labs/MP-0/vitus/MP0_wrapper/ps7_cortexa9_0/domain_ps7_cortexa9_0/bsp/system.mss|system_0||
X:/cpre488/Labs/MP-0/vitus/MP0_wrapper/zynq_fsbl/zynq_fsbl_bsp/system.mss|system||

TRACE::2026-01-29.17:30:04::SCWMssOS::Sw design exists and opened at  X:/cpre488/Labs/MP-0/vitus/MP0_wrapper/ps7_cortexa9_0/domain_ps7_cortexa9_0/bsp/system.mss
TRACE::2026-01-29.17:30:04::SCWMssOS::Completed writing the mss file at X:/cpre488/Labs/MP-0/vitus/MP0_wrapper/ps7_cortexa9_0/domain_ps7_cortexa9_0/bsp
TRACE::2026-01-29.17:30:04::SCWMssOS::Mss edits present, copying mssfile into export location X:/cpre488/Labs/MP-0/vitus/MP0_wrapper/ps7_cortexa9_0/domain_ps7_cortexa9_0/bsp/system.mss
TRACE::2026-01-29.17:30:05::SCWMssOS::bsp generated is upto date with the mss file. Skipping bsp generation.
TRACE::2026-01-29.17:30:05::SCWMssOS::BSP is already built. skipping the bsp build ... 
TRACE::2026-01-29.17:30:05::SCWDomain::Building the domain as part of full build :  domain_ps7_cortexa9_0
TRACE::2026-01-29.17:30:05::SCWMssOS::skipping the bsp build ... 
TRACE::2026-01-29.17:30:05::SCWMssOS::Copying to export directory.
TRACE::2026-01-29.17:30:05::SCWMssOS:: Checking if to create the Supporting Applications
TRACE::2026-01-29.17:30:05::SCWMssOS:: No Linux domain exists, trying to generate FSBL 
TRACE::2026-01-29.17:30:05::SCWMssOS:: Completed Standalone Artifacts creation 
LOG::2026-01-29.17:30:05::SCWSystem::Completed Processing the domain domain_ps7_cortexa9_0
LOG::2026-01-29.17:30:05::SCWSystem::Completed Processing the sysconfig MP0_wrapper
LOG::2026-01-29.17:30:05::SCWPlatform::Completed generating the artifacts for system configuration MP0_wrapper
TRACE::2026-01-29.17:30:05::SCWPlatform::Started preparing the platform 
TRACE::2026-01-29.17:30:05::SCWSystem::Writing the bif file for system config MP0_wrapper
TRACE::2026-01-29.17:30:05::SCWSystem::dir created 
TRACE::2026-01-29.17:30:05::SCWSystem::Writing the bif 
TRACE::2026-01-29.17:30:05::SCWPlatform::Started writing the spfm file 
TRACE::2026-01-29.17:30:05::SCWPlatform::Started writing the xpfm file 
TRACE::2026-01-29.17:30:05::SCWPlatform::Completed generating the platform
TRACE::2026-01-29.17:30:05::SCWMssOS::Saving the mss changes X:/cpre488/Labs/MP-0/vitus/MP0_wrapper/zynq_fsbl/zynq_fsbl_bsp/system.mss
TRACE::2026-01-29.17:30:05::SCWMssOS::Found a swdesign opened with the mssfile.
TRACE::2026-01-29.17:30:05::SCWMssOS::Completed writemss as part of save.
TRACE::2026-01-29.17:30:05::SCWMssOS::Commit changes completed.
TRACE::2026-01-29.17:30:05::SCWMssOS::Saving the mss changes X:/cpre488/Labs/MP-0/vitus/MP0_wrapper/ps7_cortexa9_0/domain_ps7_cortexa9_0/bsp/system.mss
TRACE::2026-01-29.17:30:05::SCWMssOS::Found a swdesign opened with the mssfile.
TRACE::2026-01-29.17:30:05::SCWMssOS::Completed writemss as part of save.
TRACE::2026-01-29.17:30:05::SCWMssOS::Commit changes completed.
TRACE::2026-01-29.17:30:05::SCWPlatform::Trying to open the hw design at X:/cpre488/Labs/MP-0/vitus/MP0_wrapper/hw/MP0_wrapper.xsa
TRACE::2026-01-29.17:30:05::SCWPlatform::DSA given X:/cpre488/Labs/MP-0/vitus/MP0_wrapper/hw/MP0_wrapper.xsa
TRACE::2026-01-29.17:30:05::SCWPlatform::DSA absoulate path X:/cpre488/Labs/MP-0/vitus/MP0_wrapper/hw/MP0_wrapper.xsa
TRACE::2026-01-29.17:30:05::SCWPlatform::DSA directory X:/cpre488/Labs/MP-0/vitus/MP0_wrapper/hw
TRACE::2026-01-29.17:30:05::SCWPlatform:: Platform Path X:/cpre488/Labs/MP-0/vitus/MP0_wrapper/hw/MP0_wrapper.xsa
TRACE::2026-01-29.17:30:05::SCWPlatform:: Unique name xilinx:zed::0.0
TRACE::2026-01-29.17:30:05::SCWPlatform::Trying to set the existing hwdb with name MP0_wrapper_0
TRACE::2026-01-29.17:30:05::SCWPlatform::Opened existing hwdb MP0_wrapper_0
TRACE::2026-01-29.17:30:05::SCWPlatform::Found the Hw Db part of the input DSA
TRACE::2026-01-29.17:30:05::SCWMssOS::Checking the sw design at  X:/cpre488/Labs/MP-0/vitus/MP0_wrapper/zynq_fsbl/zynq_fsbl_bsp/system.mss
TRACE::2026-01-29.17:30:05::SCWMssOS::DEBUG:  swdes dump  X:/cpre488/Labs/MP-0/vitus/MP0_wrapper/ps7_cortexa9_0/domain_ps7_cortexa9_0/bsp/system.mss|system_0||
X:/cpre488/Labs/MP-0/vitus/MP0_wrapper/zynq_fsbl/zynq_fsbl_bsp/system.mss|system||

TRACE::2026-01-29.17:30:05::SCWMssOS::Sw design exists and opened at  X:/cpre488/Labs/MP-0/vitus/MP0_wrapper/zynq_fsbl/zynq_fsbl_bsp/system.mss
TRACE::2026-01-29.17:30:05::SCWPlatform::Trying to open the hw design at X:/cpre488/Labs/MP-0/vitus/MP0_wrapper/hw/MP0_wrapper.xsa
TRACE::2026-01-29.17:30:05::SCWPlatform::DSA given X:/cpre488/Labs/MP-0/vitus/MP0_wrapper/hw/MP0_wrapper.xsa
TRACE::2026-01-29.17:30:05::SCWPlatform::DSA absoulate path X:/cpre488/Labs/MP-0/vitus/MP0_wrapper/hw/MP0_wrapper.xsa
TRACE::2026-01-29.17:30:05::SCWPlatform::DSA directory X:/cpre488/Labs/MP-0/vitus/MP0_wrapper/hw
TRACE::2026-01-29.17:30:05::SCWPlatform:: Platform Path X:/cpre488/Labs/MP-0/vitus/MP0_wrapper/hw/MP0_wrapper.xsa
TRACE::2026-01-29.17:30:05::SCWPlatform:: Unique name xilinx:zed::0.0
TRACE::2026-01-29.17:30:05::SCWPlatform::Trying to set the existing hwdb with name MP0_wrapper_0
TRACE::2026-01-29.17:30:05::SCWPlatform::Opened existing hwdb MP0_wrapper_0
TRACE::2026-01-29.17:30:05::SCWPlatform::Found the Hw Db part of the input DSA
TRACE::2026-01-29.17:30:05::SCWMssOS::Checking the sw design at  X:/cpre488/Labs/MP-0/vitus/MP0_wrapper/zynq_fsbl/zynq_fsbl_bsp/system.mss
TRACE::2026-01-29.17:30:05::SCWMssOS::DEBUG:  swdes dump  X:/cpre488/Labs/MP-0/vitus/MP0_wrapper/ps7_cortexa9_0/domain_ps7_cortexa9_0/bsp/system.mss|system_0||
X:/cpre488/Labs/MP-0/vitus/MP0_wrapper/zynq_fsbl/zynq_fsbl_bsp/system.mss|system||

TRACE::2026-01-29.17:30:05::SCWMssOS::Sw design exists and opened at  X:/cpre488/Labs/MP-0/vitus/MP0_wrapper/zynq_fsbl/zynq_fsbl_bsp/system.mss
TRACE::2026-01-29.17:30:05::SCWPlatform::Trying to open the hw design at X:/cpre488/Labs/MP-0/vitus/MP0_wrapper/hw/MP0_wrapper.xsa
TRACE::2026-01-29.17:30:05::SCWPlatform::DSA given X:/cpre488/Labs/MP-0/vitus/MP0_wrapper/hw/MP0_wrapper.xsa
TRACE::2026-01-29.17:30:05::SCWPlatform::DSA absoulate path X:/cpre488/Labs/MP-0/vitus/MP0_wrapper/hw/MP0_wrapper.xsa
TRACE::2026-01-29.17:30:05::SCWPlatform::DSA directory X:/cpre488/Labs/MP-0/vitus/MP0_wrapper/hw
TRACE::2026-01-29.17:30:05::SCWPlatform:: Platform Path X:/cpre488/Labs/MP-0/vitus/MP0_wrapper/hw/MP0_wrapper.xsa
TRACE::2026-01-29.17:30:05::SCWPlatform:: Unique name xilinx:zed::0.0
TRACE::2026-01-29.17:30:05::SCWPlatform::Trying to set the existing hwdb with name MP0_wrapper_0
TRACE::2026-01-29.17:30:05::SCWPlatform::Opened existing hwdb MP0_wrapper_0
TRACE::2026-01-29.17:30:05::SCWPlatform::Found the Hw Db part of the input DSA
TRACE::2026-01-29.17:30:05::SCWMssOS::Checking the sw design at  X:/cpre488/Labs/MP-0/vitus/MP0_wrapper/zynq_fsbl/zynq_fsbl_bsp/system.mss
TRACE::2026-01-29.17:30:05::SCWMssOS::DEBUG:  swdes dump  X:/cpre488/Labs/MP-0/vitus/MP0_wrapper/ps7_cortexa9_0/domain_ps7_cortexa9_0/bsp/system.mss|system_0||
X:/cpre488/Labs/MP-0/vitus/MP0_wrapper/zynq_fsbl/zynq_fsbl_bsp/system.mss|system||

TRACE::2026-01-29.17:30:05::SCWMssOS::Sw design exists and opened at  X:/cpre488/Labs/MP-0/vitus/MP0_wrapper/zynq_fsbl/zynq_fsbl_bsp/system.mss
TRACE::2026-01-29.17:30:05::SCWPlatform::Trying to open the hw design at X:/cpre488/Labs/MP-0/vitus/MP0_wrapper/hw/MP0_wrapper.xsa
TRACE::2026-01-29.17:30:05::SCWPlatform::DSA given X:/cpre488/Labs/MP-0/vitus/MP0_wrapper/hw/MP0_wrapper.xsa
TRACE::2026-01-29.17:30:05::SCWPlatform::DSA absoulate path X:/cpre488/Labs/MP-0/vitus/MP0_wrapper/hw/MP0_wrapper.xsa
TRACE::2026-01-29.17:30:05::SCWPlatform::DSA directory X:/cpre488/Labs/MP-0/vitus/MP0_wrapper/hw
TRACE::2026-01-29.17:30:05::SCWPlatform:: Platform Path X:/cpre488/Labs/MP-0/vitus/MP0_wrapper/hw/MP0_wrapper.xsa
TRACE::2026-01-29.17:30:05::SCWPlatform:: Unique name xilinx:zed::0.0
TRACE::2026-01-29.17:30:05::SCWPlatform::Trying to set the existing hwdb with name MP0_wrapper_0
TRACE::2026-01-29.17:30:05::SCWPlatform::Opened existing hwdb MP0_wrapper_0
TRACE::2026-01-29.17:30:05::SCWPlatform::Found the Hw Db part of the input DSA
TRACE::2026-01-29.17:30:05::SCWMssOS::Checking the sw design at  X:/cpre488/Labs/MP-0/vitus/MP0_wrapper/ps7_cortexa9_0/domain_ps7_cortexa9_0/bsp/system.mss
TRACE::2026-01-29.17:30:05::SCWMssOS::DEBUG:  swdes dump  X:/cpre488/Labs/MP-0/vitus/MP0_wrapper/ps7_cortexa9_0/domain_ps7_cortexa9_0/bsp/system.mss|system_0||
X:/cpre488/Labs/MP-0/vitus/MP0_wrapper/zynq_fsbl/zynq_fsbl_bsp/system.mss|system||

TRACE::2026-01-29.17:30:05::SCWMssOS::Sw design exists and opened at  X:/cpre488/Labs/MP-0/vitus/MP0_wrapper/ps7_cortexa9_0/domain_ps7_cortexa9_0/bsp/system.mss
TRACE::2026-01-29.17:30:05::SCWPlatform::Trying to open the hw design at X:/cpre488/Labs/MP-0/vitus/MP0_wrapper/hw/MP0_wrapper.xsa
TRACE::2026-01-29.17:30:05::SCWPlatform::DSA given X:/cpre488/Labs/MP-0/vitus/MP0_wrapper/hw/MP0_wrapper.xsa
TRACE::2026-01-29.17:30:05::SCWPlatform::DSA absoulate path X:/cpre488/Labs/MP-0/vitus/MP0_wrapper/hw/MP0_wrapper.xsa
TRACE::2026-01-29.17:30:05::SCWPlatform::DSA directory X:/cpre488/Labs/MP-0/vitus/MP0_wrapper/hw
TRACE::2026-01-29.17:30:05::SCWPlatform:: Platform Path X:/cpre488/Labs/MP-0/vitus/MP0_wrapper/hw/MP0_wrapper.xsa
TRACE::2026-01-29.17:30:05::SCWPlatform:: Unique name xilinx:zed::0.0
TRACE::2026-01-29.17:30:05::SCWPlatform::Trying to set the existing hwdb with name MP0_wrapper_0
TRACE::2026-01-29.17:30:05::SCWPlatform::Opened existing hwdb MP0_wrapper_0
TRACE::2026-01-29.17:30:05::SCWPlatform::Found the Hw Db part of the input DSA
TRACE::2026-01-29.17:30:05::SCWMssOS::Checking the sw design at  X:/cpre488/Labs/MP-0/vitus/MP0_wrapper/ps7_cortexa9_0/domain_ps7_cortexa9_0/bsp/system.mss
TRACE::2026-01-29.17:30:05::SCWMssOS::DEBUG:  swdes dump  X:/cpre488/Labs/MP-0/vitus/MP0_wrapper/ps7_cortexa9_0/domain_ps7_cortexa9_0/bsp/system.mss|system_0||
X:/cpre488/Labs/MP-0/vitus/MP0_wrapper/zynq_fsbl/zynq_fsbl_bsp/system.mss|system||

TRACE::2026-01-29.17:30:05::SCWMssOS::Sw design exists and opened at  X:/cpre488/Labs/MP-0/vitus/MP0_wrapper/ps7_cortexa9_0/domain_ps7_cortexa9_0/bsp/system.mss
TRACE::2026-01-29.17:30:05::SCWPlatform::Trying to open the hw design at X:/cpre488/Labs/MP-0/vitus/MP0_wrapper/hw/MP0_wrapper.xsa
TRACE::2026-01-29.17:30:05::SCWPlatform::DSA given X:/cpre488/Labs/MP-0/vitus/MP0_wrapper/hw/MP0_wrapper.xsa
TRACE::2026-01-29.17:30:05::SCWPlatform::DSA absoulate path X:/cpre488/Labs/MP-0/vitus/MP0_wrapper/hw/MP0_wrapper.xsa
TRACE::2026-01-29.17:30:05::SCWPlatform::DSA directory X:/cpre488/Labs/MP-0/vitus/MP0_wrapper/hw
TRACE::2026-01-29.17:30:05::SCWPlatform:: Platform Path X:/cpre488/Labs/MP-0/vitus/MP0_wrapper/hw/MP0_wrapper.xsa
TRACE::2026-01-29.17:30:05::SCWPlatform:: Unique name xilinx:zed::0.0
TRACE::2026-01-29.17:30:05::SCWPlatform::Trying to set the existing hwdb with name MP0_wrapper_0
TRACE::2026-01-29.17:30:05::SCWPlatform::Opened existing hwdb MP0_wrapper_0
TRACE::2026-01-29.17:30:05::SCWPlatform::Found the Hw Db part of the input DSA
TRACE::2026-01-29.17:30:05::SCWMssOS::Checking the sw design at  X:/cpre488/Labs/MP-0/vitus/MP0_wrapper/ps7_cortexa9_0/domain_ps7_cortexa9_0/bsp/system.mss
TRACE::2026-01-29.17:30:05::SCWMssOS::DEBUG:  swdes dump  X:/cpre488/Labs/MP-0/vitus/MP0_wrapper/ps7_cortexa9_0/domain_ps7_cortexa9_0/bsp/system.mss|system_0||
X:/cpre488/Labs/MP-0/vitus/MP0_wrapper/zynq_fsbl/zynq_fsbl_bsp/system.mss|system||

TRACE::2026-01-29.17:30:05::SCWMssOS::Sw design exists and opened at  X:/cpre488/Labs/MP-0/vitus/MP0_wrapper/ps7_cortexa9_0/domain_ps7_cortexa9_0/bsp/system.mss
TRACE::2026-01-29.17:30:05::SCWWriter::formatted JSON is {
	"platformName":	"MP0_wrapper",
	"sprVersion":	"2.0",
	"mode":	"gui",
	"dsaType":	"Fixed",
	"platformDesc":	"MP0_wrapper",
	"platHandOff":	"X:/cpre488/Labs/MP-0/MP-0/MP0_wrapper.xsa",
	"platIntHandOff":	"<platformDir>/hw/MP0_wrapper.xsa",
	"deviceType":	"zynq",
	"platIsPrebuiltAutogen":	"false",
	"platIsNoBootBsp":	"false",
	"platFsblTarget":	"ps7_cortexa9_0",
	"hasFsblMakeHasChanges":	"false",
	"hasPmufwMakeHasChanges":	"false",
	"fsblExtraCompilerFlags":	"-MMD -MP       -mcpu=cortex-a9 -mfpu=vfpv3 -mfloat-abi=hard ",
	"platPreBuiltFlag":	false,
	"platformSamplesDir":	"",
	"platActiveSys":	"MP0_wrapper",
	"systems":	[{
			"systemName":	"MP0_wrapper",
			"systemDesc":	"MP0_wrapper",
			"sysIsBootAutoGen":	"true",
			"systemDispName":	"MP0_wrapper",
			"sysActiveDom":	"domain_ps7_cortexa9_0",
			"sysDefaultDom":	"domain_ps7_cortexa9_0",
			"domains":	[{
					"domainName":	"zynq_fsbl",
					"domainDispName":	"zynq_fsbl",
					"domainDesc":	"FSBL Application BSP - Auto Generated.",
					"processors":	"ps7_cortexa9_0",
					"os":	"standalone",
					"sdxOs":	"standalone",
					"debugEnable":	"",
					"domRuntimes":	["cpp"],
					"swRepo":	"",
					"mssOsVer":	"7.2",
					"mssFile":	"",
					"md5Digest":	"d070912764dbc9091b0675940dbd0d2a",
					"compatibleApp":	"zynq_fsbl",
					"domType":	"bootDomain",
					"arch":	"32-bit",
					"appSettings":	{
						"appCompilerFlags":	"",
						"appLinkerFlags":	""
					},
					"addedLibs":	["xilffs:4.3", "xilrsa:1.6"],
					"libOptions":	{
						"libsContainingOptions":	[]
					},
					"prebuiltLibs":	{
						"prebuiltIncPath":	[],
						"prebuiltLibPath":	[]
					},
					"isolation":	{
					}
				}, {
					"domainName":	"domain_ps7_cortexa9_0",
					"domainDispName":	"domain_ps7_cortexa9_0",
					"domainDesc":	"domain_ps7_cortexa9_0",
					"processors":	"ps7_cortexa9_0",
					"os":	"standalone",
					"sdxOs":	"standalone",
					"qemuArgs":	"C:/Xilinx/Vitis/2020.1/data/emulation/platforms/zynq/qemu/qemu_args.txt",
					"qemuData":	"C:/Xilinx/Vitis/2020.1/data/emulation/platforms/zynq/qemu/",
					"debugEnable":	"False",
					"domRuntimes":	["cpp"],
					"swRepo":	"",
					"mssOsVer":	"7.2",
					"mssFile":	"",
					"md5Digest":	"5ae316de3f4391f8eb31fb72c822226d",
					"compatibleApp":	"peripheral_tests",
					"domType":	"mssDomain",
					"arch":	"32-bit",
					"appSettings":	{
						"appCompilerFlags":	"",
						"appLinkerFlags":	""
					},
					"addedLibs":	[],
					"libOptions":	{
						"libsContainingOptions":	[]
					},
					"prebuiltLibs":	{
						"prebuiltIncPath":	[],
						"prebuiltLibPath":	[]
					},
					"isolation":	{
					}
				}]
		}]
}
KEYINFO::2026-01-29.17:30:05::SCWPlatform::updated the xpfm file.
LOG::2026-01-29.17:30:27::SCWPlatform::Started generating the artifacts platform MP0_wrapper
TRACE::2026-01-29.17:30:27::SCWPlatform::Sanity checking of platform is completed
LOG::2026-01-29.17:30:27::SCWPlatform::Started generating the artifacts for system configuration MP0_wrapper
LOG::2026-01-29.17:30:27::SCWSystem::Checking the domain zynq_fsbl
LOG::2026-01-29.17:30:27::SCWSystem::Doing application build for :  zynq_fsbl
TRACE::2026-01-29.17:30:27::SCWBDomain::Not a forced makefile updation, No changes are present. 
TRACE::2026-01-29.17:30:27::SCWDomain::Building the domain as part of full build :  zynq_fsbl
TRACE::2026-01-29.17:30:27::SCWPlatform::Trying to open the hw design at X:/cpre488/Labs/MP-0/vitus/MP0_wrapper/hw/MP0_wrapper.xsa
TRACE::2026-01-29.17:30:27::SCWPlatform::DSA given X:/cpre488/Labs/MP-0/vitus/MP0_wrapper/hw/MP0_wrapper.xsa
TRACE::2026-01-29.17:30:27::SCWPlatform::DSA absoulate path X:/cpre488/Labs/MP-0/vitus/MP0_wrapper/hw/MP0_wrapper.xsa
TRACE::2026-01-29.17:30:27::SCWPlatform::DSA directory X:/cpre488/Labs/MP-0/vitus/MP0_wrapper/hw
TRACE::2026-01-29.17:30:27::SCWPlatform:: Platform Path X:/cpre488/Labs/MP-0/vitus/MP0_wrapper/hw/MP0_wrapper.xsa
TRACE::2026-01-29.17:30:27::SCWPlatform:: Unique name xilinx:zed::0.0
TRACE::2026-01-29.17:30:27::SCWPlatform::Trying to set the existing hwdb with name MP0_wrapper_0
TRACE::2026-01-29.17:30:27::SCWPlatform::Opened existing hwdb MP0_wrapper_0
TRACE::2026-01-29.17:30:27::SCWPlatform::Found the Hw Db part of the input DSA
TRACE::2026-01-29.17:30:27::SCWMssOS::Checking the sw design at  X:/cpre488/Labs/MP-0/vitus/MP0_wrapper/zynq_fsbl/zynq_fsbl_bsp/system.mss
TRACE::2026-01-29.17:30:27::SCWMssOS::DEBUG:  swdes dump  X:/cpre488/Labs/MP-0/vitus/MP0_wrapper/ps7_cortexa9_0/domain_ps7_cortexa9_0/bsp/system.mss|system_0||
X:/cpre488/Labs/MP-0/vitus/MP0_wrapper/zynq_fsbl/zynq_fsbl_bsp/system.mss|system||

TRACE::2026-01-29.17:30:27::SCWMssOS::Sw design exists and opened at  X:/cpre488/Labs/MP-0/vitus/MP0_wrapper/zynq_fsbl/zynq_fsbl_bsp/system.mss
TRACE::2026-01-29.17:30:27::SCWBDomain::Completed writing the mss file at X:/cpre488/Labs/MP-0/vitus/MP0_wrapper/zynq_fsbl/zynq_fsbl_bsp
TRACE::2026-01-29.17:30:27::SCWBDomain::bsp generated is upto date with the mss file. Skipping bsp generation.
TRACE::2026-01-29.17:30:27::SCWBDomain::Not a forced makefile updation, No changes are present. 
TRACE::2026-01-29.17:30:27::SCWBDomain::System Command Ran  X:&  cd  X:/cpre488/Labs/MP-0/vitus/MP0_wrapper/zynq_fsbl & make 
TRACE::2026-01-29.17:30:27::SCWBDomain::make -C zynq_fsbl_bsp

TRACE::2026-01-29.17:30:27::SCWBDomain::make[1]: Entering directory 'X:/cpre488/Labs/MP-0/vitus/MP0_wrapper/zynq_fsbl/zynq_fsbl_bsp'

TRACE::2026-01-29.17:30:27::SCWBDomain::"Running Make include in ps7_cortexa9_0/libsrc/coresightps_dcc_v1_7/src"

TRACE::2026-01-29.17:30:27::SCWBDomain::make -C ps7_cortexa9_0/libsrc/coresightps_dcc_v1_7/src -s include  "SHELL=CMD" "COMPILER=arm-none-eabi-gcc" "ASSEMBLER=arm-none
TRACE::2026-01-29.17:30:27::SCWBDomain::-eabi-as" "ARCHIVER=arm-none-eabi-ar" "COMPILER_FLAGS=  -O2 -c" "EXTRA_COMPILER_FLAGS=-mcpu=cortex-a9 -mfpu=vfpv3 -mfloat-abi=h
TRACE::2026-01-29.17:30:27::SCWBDomain::ard -nostartfiles -g -Wall -Wextra"

TRACE::2026-01-29.17:30:27::SCWBDomain::make[2]: Entering directory 'X:/cpre488/Labs/MP-0/vitus/MP0_wrapper/zynq_fsbl/zynq_fsbl_bsp/ps7_cortexa9_0/libsrc/coresightps_d
TRACE::2026-01-29.17:30:27::SCWBDomain::cc_v1_7/src'

TRACE::2026-01-29.17:30:27::SCWBDomain::make[2]: Leaving directory 'X:/cpre488/Labs/MP-0/vitus/MP0_wrapper/zynq_fsbl/zynq_fsbl_bsp/ps7_cortexa9_0/libsrc/coresightps_dc
TRACE::2026-01-29.17:30:27::SCWBDomain::c_v1_7/src'

TRACE::2026-01-29.17:30:27::SCWBDomain::"Running Make include in ps7_cortexa9_0/libsrc/cpu_cortexa9_v2_9/src"

TRACE::2026-01-29.17:30:27::SCWBDomain::make -C ps7_cortexa9_0/libsrc/cpu_cortexa9_v2_9/src -s include  "SHELL=CMD" "COMPILER=arm-none-eabi-gcc" "ASSEMBLER=arm-none-ea
TRACE::2026-01-29.17:30:27::SCWBDomain::bi-as" "ARCHIVER=arm-none-eabi-ar" "COMPILER_FLAGS=  -O2 -c" "EXTRA_COMPILER_FLAGS=-mcpu=cortex-a9 -mfpu=vfpv3 -mfloat-abi=hard
TRACE::2026-01-29.17:30:27::SCWBDomain:: -nostartfiles -g -Wall -Wextra"

TRACE::2026-01-29.17:30:27::SCWBDomain::make[2]: Entering directory 'X:/cpre488/Labs/MP-0/vitus/MP0_wrapper/zynq_fsbl/zynq_fsbl_bsp/ps7_cortexa9_0/libsrc/cpu_cortexa9_
TRACE::2026-01-29.17:30:27::SCWBDomain::v2_9/src'

TRACE::2026-01-29.17:30:27::SCWBDomain::make[2]: Leaving directory 'X:/cpre488/Labs/MP-0/vitus/MP0_wrapper/zynq_fsbl/zynq_fsbl_bsp/ps7_cortexa9_0/libsrc/cpu_cortexa9_v
TRACE::2026-01-29.17:30:27::SCWBDomain::2_9/src'

TRACE::2026-01-29.17:30:27::SCWBDomain::"Running Make include in ps7_cortexa9_0/libsrc/ddrps_v1_1/src"

TRACE::2026-01-29.17:30:27::SCWBDomain::make -C ps7_cortexa9_0/libsrc/ddrps_v1_1/src -s include  "SHELL=CMD" "COMPILER=arm-none-eabi-gcc" "ASSEMBLER=arm-none-eabi-as" 
TRACE::2026-01-29.17:30:27::SCWBDomain::"ARCHIVER=arm-none-eabi-ar" "COMPILER_FLAGS=  -O2 -c" "EXTRA_COMPILER_FLAGS=-mcpu=cortex-a9 -mfpu=vfpv3 -mfloat-abi=hard -nosta
TRACE::2026-01-29.17:30:27::SCWBDomain::rtfiles -g -Wall -Wextra"

TRACE::2026-01-29.17:30:27::SCWBDomain::make[2]: Entering directory 'X:/cpre488/Labs/MP-0/vitus/MP0_wrapper/zynq_fsbl/zynq_fsbl_bsp/ps7_cortexa9_0/libsrc/ddrps_v1_1/sr
TRACE::2026-01-29.17:30:27::SCWBDomain::c'

TRACE::2026-01-29.17:30:27::SCWBDomain::make[2]: Leaving directory 'X:/cpre488/Labs/MP-0/vitus/MP0_wrapper/zynq_fsbl/zynq_fsbl_bsp/ps7_cortexa9_0/libsrc/ddrps_v1_1/src
TRACE::2026-01-29.17:30:27::SCWBDomain::'

TRACE::2026-01-29.17:30:27::SCWBDomain::"Running Make include in ps7_cortexa9_0/libsrc/devcfg_v3_6/src"

TRACE::2026-01-29.17:30:27::SCWBDomain::make -C ps7_cortexa9_0/libsrc/devcfg_v3_6/src -s include  "SHELL=CMD" "COMPILER=arm-none-eabi-gcc" "ASSEMBLER=arm-none-eabi-as"
TRACE::2026-01-29.17:30:27::SCWBDomain:: "ARCHIVER=arm-none-eabi-ar" "COMPILER_FLAGS=  -O2 -c" "EXTRA_COMPILER_FLAGS=-mcpu=cortex-a9 -mfpu=vfpv3 -mfloat-abi=hard -nost
TRACE::2026-01-29.17:30:27::SCWBDomain::artfiles -g -Wall -Wextra"

TRACE::2026-01-29.17:30:27::SCWBDomain::make[2]: Entering directory 'X:/cpre488/Labs/MP-0/vitus/MP0_wrapper/zynq_fsbl/zynq_fsbl_bsp/ps7_cortexa9_0/libsrc/devcfg_v3_6/s
TRACE::2026-01-29.17:30:27::SCWBDomain::rc'

TRACE::2026-01-29.17:30:27::SCWBDomain::make[2]: Leaving directory 'X:/cpre488/Labs/MP-0/vitus/MP0_wrapper/zynq_fsbl/zynq_fsbl_bsp/ps7_cortexa9_0/libsrc/devcfg_v3_6/sr
TRACE::2026-01-29.17:30:27::SCWBDomain::c'

TRACE::2026-01-29.17:30:27::SCWBDomain::"Running Make include in ps7_cortexa9_0/libsrc/dmaps_v2_6/src"

TRACE::2026-01-29.17:30:27::SCWBDomain::make -C ps7_cortexa9_0/libsrc/dmaps_v2_6/src -s include  "SHELL=CMD" "COMPILER=arm-none-eabi-gcc" "ASSEMBLER=arm-none-eabi-as" 
TRACE::2026-01-29.17:30:27::SCWBDomain::"ARCHIVER=arm-none-eabi-ar" "COMPILER_FLAGS=  -O2 -c" "EXTRA_COMPILER_FLAGS=-mcpu=cortex-a9 -mfpu=vfpv3 -mfloat-abi=hard -nosta
TRACE::2026-01-29.17:30:27::SCWBDomain::rtfiles -g -Wall -Wextra"

TRACE::2026-01-29.17:30:27::SCWBDomain::make[2]: Entering directory 'X:/cpre488/Labs/MP-0/vitus/MP0_wrapper/zynq_fsbl/zynq_fsbl_bsp/ps7_cortexa9_0/libsrc/dmaps_v2_6/sr
TRACE::2026-01-29.17:30:27::SCWBDomain::c'

TRACE::2026-01-29.17:30:27::SCWBDomain::make[2]: Leaving directory 'X:/cpre488/Labs/MP-0/vitus/MP0_wrapper/zynq_fsbl/zynq_fsbl_bsp/ps7_cortexa9_0/libsrc/dmaps_v2_6/src
TRACE::2026-01-29.17:30:27::SCWBDomain::'

TRACE::2026-01-29.17:30:27::SCWBDomain::"Running Make include in ps7_cortexa9_0/libsrc/emacps_v3_11/src"

TRACE::2026-01-29.17:30:27::SCWBDomain::make -C ps7_cortexa9_0/libsrc/emacps_v3_11/src -s include  "SHELL=CMD" "COMPILER=arm-none-eabi-gcc" "ASSEMBLER=arm-none-eabi-as
TRACE::2026-01-29.17:30:27::SCWBDomain::" "ARCHIVER=arm-none-eabi-ar" "COMPILER_FLAGS=  -O2 -c" "EXTRA_COMPILER_FLAGS=-mcpu=cortex-a9 -mfpu=vfpv3 -mfloat-abi=hard -nos
TRACE::2026-01-29.17:30:27::SCWBDomain::tartfiles -g -Wall -Wextra"

TRACE::2026-01-29.17:30:27::SCWBDomain::make[2]: Entering directory 'X:/cpre488/Labs/MP-0/vitus/MP0_wrapper/zynq_fsbl/zynq_fsbl_bsp/ps7_cortexa9_0/libsrc/emacps_v3_11/
TRACE::2026-01-29.17:30:27::SCWBDomain::src'

TRACE::2026-01-29.17:30:27::SCWBDomain::make[2]: Leaving directory 'X:/cpre488/Labs/MP-0/vitus/MP0_wrapper/zynq_fsbl/zynq_fsbl_bsp/ps7_cortexa9_0/libsrc/emacps_v3_11/s
TRACE::2026-01-29.17:30:27::SCWBDomain::rc'

TRACE::2026-01-29.17:30:27::SCWBDomain::"Running Make include in ps7_cortexa9_0/libsrc/gpiops_v3_7/src"

TRACE::2026-01-29.17:30:27::SCWBDomain::make -C ps7_cortexa9_0/libsrc/gpiops_v3_7/src -s include  "SHELL=CMD" "COMPILER=arm-none-eabi-gcc" "ASSEMBLER=arm-none-eabi-as"
TRACE::2026-01-29.17:30:27::SCWBDomain:: "ARCHIVER=arm-none-eabi-ar" "COMPILER_FLAGS=  -O2 -c" "EXTRA_COMPILER_FLAGS=-mcpu=cortex-a9 -mfpu=vfpv3 -mfloat-abi=hard -nost
TRACE::2026-01-29.17:30:27::SCWBDomain::artfiles -g -Wall -Wextra"

TRACE::2026-01-29.17:30:28::SCWBDomain::make[2]: Entering directory 'X:/cpre488/Labs/MP-0/vitus/MP0_wrapper/zynq_fsbl/zynq_fsbl_bsp/ps7_cortexa9_0/libsrc/gpiops_v3_7/s
TRACE::2026-01-29.17:30:28::SCWBDomain::rc'

TRACE::2026-01-29.17:30:28::SCWBDomain::make[2]: Leaving directory 'X:/cpre488/Labs/MP-0/vitus/MP0_wrapper/zynq_fsbl/zynq_fsbl_bsp/ps7_cortexa9_0/libsrc/gpiops_v3_7/sr
TRACE::2026-01-29.17:30:28::SCWBDomain::c'

TRACE::2026-01-29.17:30:28::SCWBDomain::"Running Make include in ps7_cortexa9_0/libsrc/gpio_v4_6/src"

TRACE::2026-01-29.17:30:28::SCWBDomain::make -C ps7_cortexa9_0/libsrc/gpio_v4_6/src -s include  "SHELL=CMD" "COMPILER=arm-none-eabi-gcc" "ASSEMBLER=arm-none-eabi-as" "
TRACE::2026-01-29.17:30:28::SCWBDomain::ARCHIVER=arm-none-eabi-ar" "COMPILER_FLAGS=  -O2 -c" "EXTRA_COMPILER_FLAGS=-mcpu=cortex-a9 -mfpu=vfpv3 -mfloat-abi=hard -nostar
TRACE::2026-01-29.17:30:28::SCWBDomain::tfiles -g -Wall -Wextra"

TRACE::2026-01-29.17:30:28::SCWBDomain::make[2]: Entering directory 'X:/cpre488/Labs/MP-0/vitus/MP0_wrapper/zynq_fsbl/zynq_fsbl_bsp/ps7_cortexa9_0/libsrc/gpio_v4_6/src
TRACE::2026-01-29.17:30:28::SCWBDomain::'

TRACE::2026-01-29.17:30:28::SCWBDomain::make[2]: Leaving directory 'X:/cpre488/Labs/MP-0/vitus/MP0_wrapper/zynq_fsbl/zynq_fsbl_bsp/ps7_cortexa9_0/libsrc/gpio_v4_6/src'
TRACE::2026-01-29.17:30:28::SCWBDomain::

TRACE::2026-01-29.17:30:28::SCWBDomain::"Running Make include in ps7_cortexa9_0/libsrc/qspips_v3_7/src"

TRACE::2026-01-29.17:30:28::SCWBDomain::make -C ps7_cortexa9_0/libsrc/qspips_v3_7/src -s include  "SHELL=CMD" "COMPILER=arm-none-eabi-gcc" "ASSEMBLER=arm-none-eabi-as"
TRACE::2026-01-29.17:30:28::SCWBDomain:: "ARCHIVER=arm-none-eabi-ar" "COMPILER_FLAGS=  -O2 -c" "EXTRA_COMPILER_FLAGS=-mcpu=cortex-a9 -mfpu=vfpv3 -mfloat-abi=hard -nost
TRACE::2026-01-29.17:30:28::SCWBDomain::artfiles -g -Wall -Wextra"

TRACE::2026-01-29.17:30:28::SCWBDomain::make[2]: Entering directory 'X:/cpre488/Labs/MP-0/vitus/MP0_wrapper/zynq_fsbl/zynq_fsbl_bsp/ps7_cortexa9_0/libsrc/qspips_v3_7/s
TRACE::2026-01-29.17:30:28::SCWBDomain::rc'

TRACE::2026-01-29.17:30:28::SCWBDomain::make[2]: Leaving directory 'X:/cpre488/Labs/MP-0/vitus/MP0_wrapper/zynq_fsbl/zynq_fsbl_bsp/ps7_cortexa9_0/libsrc/qspips_v3_7/sr
TRACE::2026-01-29.17:30:28::SCWBDomain::c'

TRACE::2026-01-29.17:30:28::SCWBDomain::"Running Make include in ps7_cortexa9_0/libsrc/scugic_v4_2/src"

TRACE::2026-01-29.17:30:28::SCWBDomain::make -C ps7_cortexa9_0/libsrc/scugic_v4_2/src -s include  "SHELL=CMD" "COMPILER=arm-none-eabi-gcc" "ASSEMBLER=arm-none-eabi-as"
TRACE::2026-01-29.17:30:28::SCWBDomain:: "ARCHIVER=arm-none-eabi-ar" "COMPILER_FLAGS=  -O2 -c" "EXTRA_COMPILER_FLAGS=-mcpu=cortex-a9 -mfpu=vfpv3 -mfloat-abi=hard -nost
TRACE::2026-01-29.17:30:28::SCWBDomain::artfiles -g -Wall -Wextra"

TRACE::2026-01-29.17:30:28::SCWBDomain::make[2]: Entering directory 'X:/cpre488/Labs/MP-0/vitus/MP0_wrapper/zynq_fsbl/zynq_fsbl_bsp/ps7_cortexa9_0/libsrc/scugic_v4_2/s
TRACE::2026-01-29.17:30:28::SCWBDomain::rc'

TRACE::2026-01-29.17:30:28::SCWBDomain::make[2]: Leaving directory 'X:/cpre488/Labs/MP-0/vitus/MP0_wrapper/zynq_fsbl/zynq_fsbl_bsp/ps7_cortexa9_0/libsrc/scugic_v4_2/sr
TRACE::2026-01-29.17:30:28::SCWBDomain::c'

TRACE::2026-01-29.17:30:28::SCWBDomain::"Running Make include in ps7_cortexa9_0/libsrc/scutimer_v2_2/src"

TRACE::2026-01-29.17:30:28::SCWBDomain::make -C ps7_cortexa9_0/libsrc/scutimer_v2_2/src -s include  "SHELL=CMD" "COMPILER=arm-none-eabi-gcc" "ASSEMBLER=arm-none-eabi-a
TRACE::2026-01-29.17:30:28::SCWBDomain::s" "ARCHIVER=arm-none-eabi-ar" "COMPILER_FLAGS=  -O2 -c" "EXTRA_COMPILER_FLAGS=-mcpu=cortex-a9 -mfpu=vfpv3 -mfloat-abi=hard -no
TRACE::2026-01-29.17:30:28::SCWBDomain::startfiles -g -Wall -Wextra"

TRACE::2026-01-29.17:30:28::SCWBDomain::make[2]: Entering directory 'X:/cpre488/Labs/MP-0/vitus/MP0_wrapper/zynq_fsbl/zynq_fsbl_bsp/ps7_cortexa9_0/libsrc/scutimer_v2_2
TRACE::2026-01-29.17:30:28::SCWBDomain::/src'

TRACE::2026-01-29.17:30:28::SCWBDomain::make[2]: Leaving directory 'X:/cpre488/Labs/MP-0/vitus/MP0_wrapper/zynq_fsbl/zynq_fsbl_bsp/ps7_cortexa9_0/libsrc/scutimer_v2_2/
TRACE::2026-01-29.17:30:28::SCWBDomain::src'

TRACE::2026-01-29.17:30:28::SCWBDomain::"Running Make include in ps7_cortexa9_0/libsrc/scuwdt_v2_2/src"

TRACE::2026-01-29.17:30:28::SCWBDomain::make -C ps7_cortexa9_0/libsrc/scuwdt_v2_2/src -s include  "SHELL=CMD" "COMPILER=arm-none-eabi-gcc" "ASSEMBLER=arm-none-eabi-as"
TRACE::2026-01-29.17:30:28::SCWBDomain:: "ARCHIVER=arm-none-eabi-ar" "COMPILER_FLAGS=  -O2 -c" "EXTRA_COMPILER_FLAGS=-mcpu=cortex-a9 -mfpu=vfpv3 -mfloat-abi=hard -nost
TRACE::2026-01-29.17:30:28::SCWBDomain::artfiles -g -Wall -Wextra"

TRACE::2026-01-29.17:30:28::SCWBDomain::make[2]: Entering directory 'X:/cpre488/Labs/MP-0/vitus/MP0_wrapper/zynq_fsbl/zynq_fsbl_bsp/ps7_cortexa9_0/libsrc/scuwdt_v2_2/s
TRACE::2026-01-29.17:30:28::SCWBDomain::rc'

TRACE::2026-01-29.17:30:28::SCWBDomain::make[2]: Leaving directory 'X:/cpre488/Labs/MP-0/vitus/MP0_wrapper/zynq_fsbl/zynq_fsbl_bsp/ps7_cortexa9_0/libsrc/scuwdt_v2_2/sr
TRACE::2026-01-29.17:30:28::SCWBDomain::c'

TRACE::2026-01-29.17:30:28::SCWBDomain::"Running Make include in ps7_cortexa9_0/libsrc/sdps_v3_9/src"

TRACE::2026-01-29.17:30:28::SCWBDomain::make -C ps7_cortexa9_0/libsrc/sdps_v3_9/src -s include  "SHELL=CMD" "COMPILER=arm-none-eabi-gcc" "ASSEMBLER=arm-none-eabi-as" "
TRACE::2026-01-29.17:30:28::SCWBDomain::ARCHIVER=arm-none-eabi-ar" "COMPILER_FLAGS=  -O2 -c" "EXTRA_COMPILER_FLAGS=-mcpu=cortex-a9 -mfpu=vfpv3 -mfloat-abi=hard -nostar
TRACE::2026-01-29.17:30:28::SCWBDomain::tfiles -g -Wall -Wextra"

TRACE::2026-01-29.17:30:28::SCWBDomain::make[2]: Entering directory 'X:/cpre488/Labs/MP-0/vitus/MP0_wrapper/zynq_fsbl/zynq_fsbl_bsp/ps7_cortexa9_0/libsrc/sdps_v3_9/src
TRACE::2026-01-29.17:30:28::SCWBDomain::'

TRACE::2026-01-29.17:30:28::SCWBDomain::make[2]: Leaving directory 'X:/cpre488/Labs/MP-0/vitus/MP0_wrapper/zynq_fsbl/zynq_fsbl_bsp/ps7_cortexa9_0/libsrc/sdps_v3_9/src'
TRACE::2026-01-29.17:30:28::SCWBDomain::

TRACE::2026-01-29.17:30:28::SCWBDomain::"Running Make include in ps7_cortexa9_0/libsrc/standalone_v7_2/src"

TRACE::2026-01-29.17:30:28::SCWBDomain::make -C ps7_cortexa9_0/libsrc/standalone_v7_2/src -s include  "SHELL=CMD" "COMPILER=arm-none-eabi-gcc" "ASSEMBLER=arm-none-eabi
TRACE::2026-01-29.17:30:28::SCWBDomain::-as" "ARCHIVER=arm-none-eabi-ar" "COMPILER_FLAGS=  -O2 -c" "EXTRA_COMPILER_FLAGS=-mcpu=cortex-a9 -mfpu=vfpv3 -mfloat-abi=hard -
TRACE::2026-01-29.17:30:28::SCWBDomain::nostartfiles -g -Wall -Wextra"

TRACE::2026-01-29.17:30:28::SCWBDomain::make[2]: Entering directory 'X:/cpre488/Labs/MP-0/vitus/MP0_wrapper/zynq_fsbl/zynq_fsbl_bsp/ps7_cortexa9_0/libsrc/standalone_v7
TRACE::2026-01-29.17:30:28::SCWBDomain::_2/src'

TRACE::2026-01-29.17:30:29::SCWBDomain::make[3]: Entering directory 'X:/cpre488/Labs/MP-0/vitus/MP0_wrapper/zynq_fsbl/zynq_fsbl_bsp/ps7_cortexa9_0/libsrc/standalone_v7
TRACE::2026-01-29.17:30:29::SCWBDomain::_2/src/profile'

TRACE::2026-01-29.17:30:29::SCWBDomain::make[3]: Leaving directory 'X:/cpre488/Labs/MP-0/vitus/MP0_wrapper/zynq_fsbl/zynq_fsbl_bsp/ps7_cortexa9_0/libsrc/standalone_v7_
TRACE::2026-01-29.17:30:29::SCWBDomain::2/src/profile'

TRACE::2026-01-29.17:30:29::SCWBDomain::make[2]: Leaving directory 'X:/cpre488/Labs/MP-0/vitus/MP0_wrapper/zynq_fsbl/zynq_fsbl_bsp/ps7_cortexa9_0/libsrc/standalone_v7_
TRACE::2026-01-29.17:30:29::SCWBDomain::2/src'

TRACE::2026-01-29.17:30:29::SCWBDomain::"Running Make include in ps7_cortexa9_0/libsrc/ttcps_v3_11/src"

TRACE::2026-01-29.17:30:29::SCWBDomain::make -C ps7_cortexa9_0/libsrc/ttcps_v3_11/src -s include  "SHELL=CMD" "COMPILER=arm-none-eabi-gcc" "ASSEMBLER=arm-none-eabi-as"
TRACE::2026-01-29.17:30:29::SCWBDomain:: "ARCHIVER=arm-none-eabi-ar" "COMPILER_FLAGS=  -O2 -c" "EXTRA_COMPILER_FLAGS=-mcpu=cortex-a9 -mfpu=vfpv3 -mfloat-abi=hard -nost
TRACE::2026-01-29.17:30:29::SCWBDomain::artfiles -g -Wall -Wextra"

TRACE::2026-01-29.17:30:29::SCWBDomain::make[2]: Entering directory 'X:/cpre488/Labs/MP-0/vitus/MP0_wrapper/zynq_fsbl/zynq_fsbl_bsp/ps7_cortexa9_0/libsrc/ttcps_v3_11/s
TRACE::2026-01-29.17:30:29::SCWBDomain::rc'

TRACE::2026-01-29.17:30:29::SCWBDomain::make[2]: Leaving directory 'X:/cpre488/Labs/MP-0/vitus/MP0_wrapper/zynq_fsbl/zynq_fsbl_bsp/ps7_cortexa9_0/libsrc/ttcps_v3_11/sr
TRACE::2026-01-29.17:30:29::SCWBDomain::c'

TRACE::2026-01-29.17:30:29::SCWBDomain::"Running Make include in ps7_cortexa9_0/libsrc/uartps_v3_9/src"

TRACE::2026-01-29.17:30:29::SCWBDomain::make -C ps7_cortexa9_0/libsrc/uartps_v3_9/src -s include  "SHELL=CMD" "COMPILER=arm-none-eabi-gcc" "ASSEMBLER=arm-none-eabi-as"
TRACE::2026-01-29.17:30:29::SCWBDomain:: "ARCHIVER=arm-none-eabi-ar" "COMPILER_FLAGS=  -O2 -c" "EXTRA_COMPILER_FLAGS=-mcpu=cortex-a9 -mfpu=vfpv3 -mfloat-abi=hard -nost
TRACE::2026-01-29.17:30:29::SCWBDomain::artfiles -g -Wall -Wextra"

TRACE::2026-01-29.17:30:29::SCWBDomain::make[2]: Entering directory 'X:/cpre488/Labs/MP-0/vitus/MP0_wrapper/zynq_fsbl/zynq_fsbl_bsp/ps7_cortexa9_0/libsrc/uartps_v3_9/s
TRACE::2026-01-29.17:30:29::SCWBDomain::rc'

TRACE::2026-01-29.17:30:29::SCWBDomain::make[2]: Leaving directory 'X:/cpre488/Labs/MP-0/vitus/MP0_wrapper/zynq_fsbl/zynq_fsbl_bsp/ps7_cortexa9_0/libsrc/uartps_v3_9/sr
TRACE::2026-01-29.17:30:29::SCWBDomain::c'

TRACE::2026-01-29.17:30:29::SCWBDomain::"Running Make include in ps7_cortexa9_0/libsrc/usbps_v2_5/src"

TRACE::2026-01-29.17:30:29::SCWBDomain::make -C ps7_cortexa9_0/libsrc/usbps_v2_5/src -s include  "SHELL=CMD" "COMPILER=arm-none-eabi-gcc" "ASSEMBLER=arm-none-eabi-as" 
TRACE::2026-01-29.17:30:29::SCWBDomain::"ARCHIVER=arm-none-eabi-ar" "COMPILER_FLAGS=  -O2 -c" "EXTRA_COMPILER_FLAGS=-mcpu=cortex-a9 -mfpu=vfpv3 -mfloat-abi=hard -nosta
TRACE::2026-01-29.17:30:29::SCWBDomain::rtfiles -g -Wall -Wextra"

TRACE::2026-01-29.17:30:29::SCWBDomain::make[2]: Entering directory 'X:/cpre488/Labs/MP-0/vitus/MP0_wrapper/zynq_fsbl/zynq_fsbl_bsp/ps7_cortexa9_0/libsrc/usbps_v2_5/sr
TRACE::2026-01-29.17:30:29::SCWBDomain::c'

TRACE::2026-01-29.17:30:29::SCWBDomain::make[2]: Leaving directory 'X:/cpre488/Labs/MP-0/vitus/MP0_wrapper/zynq_fsbl/zynq_fsbl_bsp/ps7_cortexa9_0/libsrc/usbps_v2_5/src
TRACE::2026-01-29.17:30:29::SCWBDomain::'

TRACE::2026-01-29.17:30:29::SCWBDomain::"Running Make include in ps7_cortexa9_0/libsrc/xadcps_v2_4/src"

TRACE::2026-01-29.17:30:29::SCWBDomain::make -C ps7_cortexa9_0/libsrc/xadcps_v2_4/src -s include  "SHELL=CMD" "COMPILER=arm-none-eabi-gcc" "ASSEMBLER=arm-none-eabi-as"
TRACE::2026-01-29.17:30:29::SCWBDomain:: "ARCHIVER=arm-none-eabi-ar" "COMPILER_FLAGS=  -O2 -c" "EXTRA_COMPILER_FLAGS=-mcpu=cortex-a9 -mfpu=vfpv3 -mfloat-abi=hard -nost
TRACE::2026-01-29.17:30:29::SCWBDomain::artfiles -g -Wall -Wextra"

TRACE::2026-01-29.17:30:29::SCWBDomain::make[2]: Entering directory 'X:/cpre488/Labs/MP-0/vitus/MP0_wrapper/zynq_fsbl/zynq_fsbl_bsp/ps7_cortexa9_0/libsrc/xadcps_v2_4/s
TRACE::2026-01-29.17:30:29::SCWBDomain::rc'

TRACE::2026-01-29.17:30:29::SCWBDomain::make[2]: Leaving directory 'X:/cpre488/Labs/MP-0/vitus/MP0_wrapper/zynq_fsbl/zynq_fsbl_bsp/ps7_cortexa9_0/libsrc/xadcps_v2_4/sr
TRACE::2026-01-29.17:30:29::SCWBDomain::c'

TRACE::2026-01-29.17:30:29::SCWBDomain::"Running Make include in ps7_cortexa9_0/libsrc/xilffs_v4_3/src"

TRACE::2026-01-29.17:30:29::SCWBDomain::make -C ps7_cortexa9_0/libsrc/xilffs_v4_3/src -s include  "SHELL=CMD" "COMPILER=arm-none-eabi-gcc" "ASSEMBLER=arm-none-eabi-as"
TRACE::2026-01-29.17:30:29::SCWBDomain:: "ARCHIVER=arm-none-eabi-ar" "COMPILER_FLAGS=  -O2 -c" "EXTRA_COMPILER_FLAGS=-mcpu=cortex-a9 -mfpu=vfpv3 -mfloat-abi=hard -nost
TRACE::2026-01-29.17:30:29::SCWBDomain::artfiles -g -Wall -Wextra"

TRACE::2026-01-29.17:30:29::SCWBDomain::make[2]: Entering directory 'X:/cpre488/Labs/MP-0/vitus/MP0_wrapper/zynq_fsbl/zynq_fsbl_bsp/ps7_cortexa9_0/libsrc/xilffs_v4_3/s
TRACE::2026-01-29.17:30:29::SCWBDomain::rc'

TRACE::2026-01-29.17:30:29::SCWBDomain::make[2]: Leaving directory 'X:/cpre488/Labs/MP-0/vitus/MP0_wrapper/zynq_fsbl/zynq_fsbl_bsp/ps7_cortexa9_0/libsrc/xilffs_v4_3/sr
TRACE::2026-01-29.17:30:29::SCWBDomain::c'

TRACE::2026-01-29.17:30:29::SCWBDomain::"Running Make include in ps7_cortexa9_0/libsrc/xilrsa_v1_6/src"

TRACE::2026-01-29.17:30:29::SCWBDomain::make -C ps7_cortexa9_0/libsrc/xilrsa_v1_6/src -s include  "SHELL=CMD" "COMPILER=arm-none-eabi-gcc" "ASSEMBLER=arm-none-eabi-as"
TRACE::2026-01-29.17:30:29::SCWBDomain:: "ARCHIVER=arm-none-eabi-ar" "COMPILER_FLAGS=  -O2 -c" "EXTRA_COMPILER_FLAGS=-mcpu=cortex-a9 -mfpu=vfpv3 -mfloat-abi=hard -nost
TRACE::2026-01-29.17:30:29::SCWBDomain::artfiles -g -Wall -Wextra"

TRACE::2026-01-29.17:30:29::SCWBDomain::make[2]: Entering directory 'X:/cpre488/Labs/MP-0/vitus/MP0_wrapper/zynq_fsbl/zynq_fsbl_bsp/ps7_cortexa9_0/libsrc/xilrsa_v1_6/s
TRACE::2026-01-29.17:30:29::SCWBDomain::rc'

TRACE::2026-01-29.17:30:29::SCWBDomain::make[2]: Leaving directory 'X:/cpre488/Labs/MP-0/vitus/MP0_wrapper/zynq_fsbl/zynq_fsbl_bsp/ps7_cortexa9_0/libsrc/xilrsa_v1_6/sr
TRACE::2026-01-29.17:30:29::SCWBDomain::c'

TRACE::2026-01-29.17:30:29::SCWBDomain::"Running Make libs in ps7_cortexa9_0/libsrc/coresightps_dcc_v1_7/src"

TRACE::2026-01-29.17:30:29::SCWBDomain::make -C ps7_cortexa9_0/libsrc/coresightps_dcc_v1_7/src -s libs  "SHELL=CMD" "COMPILER=arm-none-eabi-gcc" "ASSEMBLER=arm-none-ea
TRACE::2026-01-29.17:30:29::SCWBDomain::bi-as" "ARCHIVER=arm-none-eabi-ar" "COMPILER_FLAGS=  -O2 -c" "EXTRA_COMPILER_FLAGS=-mcpu=cortex-a9 -mfpu=vfpv3 -mfloat-abi=hard
TRACE::2026-01-29.17:30:29::SCWBDomain:: -nostartfiles -g -Wall -Wextra"

TRACE::2026-01-29.17:30:29::SCWBDomain::make[2]: Entering directory 'X:/cpre488/Labs/MP-0/vitus/MP0_wrapper/zynq_fsbl/zynq_fsbl_bsp/ps7_cortexa9_0/libsrc/coresightps_d
TRACE::2026-01-29.17:30:29::SCWBDomain::cc_v1_7/src'

TRACE::2026-01-29.17:30:29::SCWBDomain::"Compiling coresightps_dcc"

TRACE::2026-01-29.17:30:30::SCWBDomain::make[2]: Leaving directory 'X:/cpre488/Labs/MP-0/vitus/MP0_wrapper/zynq_fsbl/zynq_fsbl_bsp/ps7_cortexa9_0/libsrc/coresightps_dc
TRACE::2026-01-29.17:30:30::SCWBDomain::c_v1_7/src'

TRACE::2026-01-29.17:30:30::SCWBDomain::"Running Make libs in ps7_cortexa9_0/libsrc/cpu_cortexa9_v2_9/src"

TRACE::2026-01-29.17:30:30::SCWBDomain::make -C ps7_cortexa9_0/libsrc/cpu_cortexa9_v2_9/src -s libs  "SHELL=CMD" "COMPILER=arm-none-eabi-gcc" "ASSEMBLER=arm-none-eabi-
TRACE::2026-01-29.17:30:30::SCWBDomain::as" "ARCHIVER=arm-none-eabi-ar" "COMPILER_FLAGS=  -O2 -c" "EXTRA_COMPILER_FLAGS=-mcpu=cortex-a9 -mfpu=vfpv3 -mfloat-abi=hard -n
TRACE::2026-01-29.17:30:30::SCWBDomain::ostartfiles -g -Wall -Wextra"

TRACE::2026-01-29.17:30:30::SCWBDomain::make[2]: Entering directory 'X:/cpre488/Labs/MP-0/vitus/MP0_wrapper/zynq_fsbl/zynq_fsbl_bsp/ps7_cortexa9_0/libsrc/cpu_cortexa9_
TRACE::2026-01-29.17:30:30::SCWBDomain::v2_9/src'

TRACE::2026-01-29.17:30:30::SCWBDomain::"Compiling cpu_cortexa9"

TRACE::2026-01-29.17:30:30::SCWBDomain::make[2]: Leaving directory 'X:/cpre488/Labs/MP-0/vitus/MP0_wrapper/zynq_fsbl/zynq_fsbl_bsp/ps7_cortexa9_0/libsrc/cpu_cortexa9_v
TRACE::2026-01-29.17:30:30::SCWBDomain::2_9/src'

TRACE::2026-01-29.17:30:30::SCWBDomain::"Running Make libs in ps7_cortexa9_0/libsrc/ddrps_v1_1/src"

TRACE::2026-01-29.17:30:30::SCWBDomain::make -C ps7_cortexa9_0/libsrc/ddrps_v1_1/src -s libs  "SHELL=CMD" "COMPILER=arm-none-eabi-gcc" "ASSEMBLER=arm-none-eabi-as" "AR
TRACE::2026-01-29.17:30:30::SCWBDomain::CHIVER=arm-none-eabi-ar" "COMPILER_FLAGS=  -O2 -c" "EXTRA_COMPILER_FLAGS=-mcpu=cortex-a9 -mfpu=vfpv3 -mfloat-abi=hard -nostartf
TRACE::2026-01-29.17:30:30::SCWBDomain::iles -g -Wall -Wextra"

TRACE::2026-01-29.17:30:30::SCWBDomain::make[2]: Entering directory 'X:/cpre488/Labs/MP-0/vitus/MP0_wrapper/zynq_fsbl/zynq_fsbl_bsp/ps7_cortexa9_0/libsrc/ddrps_v1_1/sr
TRACE::2026-01-29.17:30:30::SCWBDomain::c'

TRACE::2026-01-29.17:30:30::SCWBDomain::"Compiling ddrps"

TRACE::2026-01-29.17:30:30::SCWBDomain::make[2]: Leaving directory 'X:/cpre488/Labs/MP-0/vitus/MP0_wrapper/zynq_fsbl/zynq_fsbl_bsp/ps7_cortexa9_0/libsrc/ddrps_v1_1/src
TRACE::2026-01-29.17:30:30::SCWBDomain::'

TRACE::2026-01-29.17:30:30::SCWBDomain::"Running Make libs in ps7_cortexa9_0/libsrc/devcfg_v3_6/src"

TRACE::2026-01-29.17:30:30::SCWBDomain::make -C ps7_cortexa9_0/libsrc/devcfg_v3_6/src -s libs  "SHELL=CMD" "COMPILER=arm-none-eabi-gcc" "ASSEMBLER=arm-none-eabi-as" "A
TRACE::2026-01-29.17:30:30::SCWBDomain::RCHIVER=arm-none-eabi-ar" "COMPILER_FLAGS=  -O2 -c" "EXTRA_COMPILER_FLAGS=-mcpu=cortex-a9 -mfpu=vfpv3 -mfloat-abi=hard -nostart
TRACE::2026-01-29.17:30:30::SCWBDomain::files -g -Wall -Wextra"

TRACE::2026-01-29.17:30:30::SCWBDomain::make[2]: Entering directory 'X:/cpre488/Labs/MP-0/vitus/MP0_wrapper/zynq_fsbl/zynq_fsbl_bsp/ps7_cortexa9_0/libsrc/devcfg_v3_6/s
TRACE::2026-01-29.17:30:30::SCWBDomain::rc'

TRACE::2026-01-29.17:30:30::SCWBDomain::"Compiling devcfg"

TRACE::2026-01-29.17:30:30::SCWBDomain::make[2]: Leaving directory 'X:/cpre488/Labs/MP-0/vitus/MP0_wrapper/zynq_fsbl/zynq_fsbl_bsp/ps7_cortexa9_0/libsrc/devcfg_v3_6/sr
TRACE::2026-01-29.17:30:30::SCWBDomain::c'

TRACE::2026-01-29.17:30:30::SCWBDomain::"Running Make libs in ps7_cortexa9_0/libsrc/dmaps_v2_6/src"

TRACE::2026-01-29.17:30:30::SCWBDomain::make -C ps7_cortexa9_0/libsrc/dmaps_v2_6/src -s libs  "SHELL=CMD" "COMPILER=arm-none-eabi-gcc" "ASSEMBLER=arm-none-eabi-as" "AR
TRACE::2026-01-29.17:30:30::SCWBDomain::CHIVER=arm-none-eabi-ar" "COMPILER_FLAGS=  -O2 -c" "EXTRA_COMPILER_FLAGS=-mcpu=cortex-a9 -mfpu=vfpv3 -mfloat-abi=hard -nostartf
TRACE::2026-01-29.17:30:30::SCWBDomain::iles -g -Wall -Wextra"

TRACE::2026-01-29.17:30:30::SCWBDomain::make[2]: Entering directory 'X:/cpre488/Labs/MP-0/vitus/MP0_wrapper/zynq_fsbl/zynq_fsbl_bsp/ps7_cortexa9_0/libsrc/dmaps_v2_6/sr
TRACE::2026-01-29.17:30:30::SCWBDomain::c'

TRACE::2026-01-29.17:30:30::SCWBDomain::"Compiling dmaps"

TRACE::2026-01-29.17:30:31::SCWBDomain::make[2]: Leaving directory 'X:/cpre488/Labs/MP-0/vitus/MP0_wrapper/zynq_fsbl/zynq_fsbl_bsp/ps7_cortexa9_0/libsrc/dmaps_v2_6/src
TRACE::2026-01-29.17:30:31::SCWBDomain::'

TRACE::2026-01-29.17:30:31::SCWBDomain::"Running Make libs in ps7_cortexa9_0/libsrc/emacps_v3_11/src"

TRACE::2026-01-29.17:30:31::SCWBDomain::make -C ps7_cortexa9_0/libsrc/emacps_v3_11/src -s libs  "SHELL=CMD" "COMPILER=arm-none-eabi-gcc" "ASSEMBLER=arm-none-eabi-as" "
TRACE::2026-01-29.17:30:31::SCWBDomain::ARCHIVER=arm-none-eabi-ar" "COMPILER_FLAGS=  -O2 -c" "EXTRA_COMPILER_FLAGS=-mcpu=cortex-a9 -mfpu=vfpv3 -mfloat-abi=hard -nostar
TRACE::2026-01-29.17:30:31::SCWBDomain::tfiles -g -Wall -Wextra"

TRACE::2026-01-29.17:30:31::SCWBDomain::make[2]: Entering directory 'X:/cpre488/Labs/MP-0/vitus/MP0_wrapper/zynq_fsbl/zynq_fsbl_bsp/ps7_cortexa9_0/libsrc/emacps_v3_11/
TRACE::2026-01-29.17:30:31::SCWBDomain::src'

TRACE::2026-01-29.17:30:31::SCWBDomain::"Compiling emacps"

TRACE::2026-01-29.17:30:32::SCWBDomain::make[2]: Leaving directory 'X:/cpre488/Labs/MP-0/vitus/MP0_wrapper/zynq_fsbl/zynq_fsbl_bsp/ps7_cortexa9_0/libsrc/emacps_v3_11/s
TRACE::2026-01-29.17:30:32::SCWBDomain::rc'

TRACE::2026-01-29.17:30:32::SCWBDomain::"Running Make libs in ps7_cortexa9_0/libsrc/gpiops_v3_7/src"

TRACE::2026-01-29.17:30:32::SCWBDomain::make -C ps7_cortexa9_0/libsrc/gpiops_v3_7/src -s libs  "SHELL=CMD" "COMPILER=arm-none-eabi-gcc" "ASSEMBLER=arm-none-eabi-as" "A
TRACE::2026-01-29.17:30:32::SCWBDomain::RCHIVER=arm-none-eabi-ar" "COMPILER_FLAGS=  -O2 -c" "EXTRA_COMPILER_FLAGS=-mcpu=cortex-a9 -mfpu=vfpv3 -mfloat-abi=hard -nostart
TRACE::2026-01-29.17:30:32::SCWBDomain::files -g -Wall -Wextra"

TRACE::2026-01-29.17:30:32::SCWBDomain::make[2]: Entering directory 'X:/cpre488/Labs/MP-0/vitus/MP0_wrapper/zynq_fsbl/zynq_fsbl_bsp/ps7_cortexa9_0/libsrc/gpiops_v3_7/s
TRACE::2026-01-29.17:30:32::SCWBDomain::rc'

TRACE::2026-01-29.17:30:32::SCWBDomain::"Compiling gpiops"

TRACE::2026-01-29.17:30:33::SCWBDomain::make[2]: Leaving directory 'X:/cpre488/Labs/MP-0/vitus/MP0_wrapper/zynq_fsbl/zynq_fsbl_bsp/ps7_cortexa9_0/libsrc/gpiops_v3_7/sr
TRACE::2026-01-29.17:30:33::SCWBDomain::c'

TRACE::2026-01-29.17:30:33::SCWBDomain::"Running Make libs in ps7_cortexa9_0/libsrc/gpio_v4_6/src"

TRACE::2026-01-29.17:30:33::SCWBDomain::make -C ps7_cortexa9_0/libsrc/gpio_v4_6/src -s libs  "SHELL=CMD" "COMPILER=arm-none-eabi-gcc" "ASSEMBLER=arm-none-eabi-as" "ARC
TRACE::2026-01-29.17:30:33::SCWBDomain::HIVER=arm-none-eabi-ar" "COMPILER_FLAGS=  -O2 -c" "EXTRA_COMPILER_FLAGS=-mcpu=cortex-a9 -mfpu=vfpv3 -mfloat-abi=hard -nostartfi
TRACE::2026-01-29.17:30:33::SCWBDomain::les -g -Wall -Wextra"

TRACE::2026-01-29.17:30:33::SCWBDomain::make[2]: Entering directory 'X:/cpre488/Labs/MP-0/vitus/MP0_wrapper/zynq_fsbl/zynq_fsbl_bsp/ps7_cortexa9_0/libsrc/gpio_v4_6/src
TRACE::2026-01-29.17:30:33::SCWBDomain::'

TRACE::2026-01-29.17:30:33::SCWBDomain::"Compiling gpio"

TRACE::2026-01-29.17:30:33::SCWBDomain::make[2]: Leaving directory 'X:/cpre488/Labs/MP-0/vitus/MP0_wrapper/zynq_fsbl/zynq_fsbl_bsp/ps7_cortexa9_0/libsrc/gpio_v4_6/src'
TRACE::2026-01-29.17:30:33::SCWBDomain::

TRACE::2026-01-29.17:30:33::SCWBDomain::"Running Make libs in ps7_cortexa9_0/libsrc/qspips_v3_7/src"

TRACE::2026-01-29.17:30:33::SCWBDomain::make -C ps7_cortexa9_0/libsrc/qspips_v3_7/src -s libs  "SHELL=CMD" "COMPILER=arm-none-eabi-gcc" "ASSEMBLER=arm-none-eabi-as" "A
TRACE::2026-01-29.17:30:33::SCWBDomain::RCHIVER=arm-none-eabi-ar" "COMPILER_FLAGS=  -O2 -c" "EXTRA_COMPILER_FLAGS=-mcpu=cortex-a9 -mfpu=vfpv3 -mfloat-abi=hard -nostart
TRACE::2026-01-29.17:30:33::SCWBDomain::files -g -Wall -Wextra"

TRACE::2026-01-29.17:30:33::SCWBDomain::make[2]: Entering directory 'X:/cpre488/Labs/MP-0/vitus/MP0_wrapper/zynq_fsbl/zynq_fsbl_bsp/ps7_cortexa9_0/libsrc/qspips_v3_7/s
TRACE::2026-01-29.17:30:33::SCWBDomain::rc'

TRACE::2026-01-29.17:30:33::SCWBDomain::"Compiling qspips"

TRACE::2026-01-29.17:30:34::SCWBDomain::make[2]: Leaving directory 'X:/cpre488/Labs/MP-0/vitus/MP0_wrapper/zynq_fsbl/zynq_fsbl_bsp/ps7_cortexa9_0/libsrc/qspips_v3_7/sr
TRACE::2026-01-29.17:30:34::SCWBDomain::c'

TRACE::2026-01-29.17:30:34::SCWBDomain::"Running Make libs in ps7_cortexa9_0/libsrc/scugic_v4_2/src"

TRACE::2026-01-29.17:30:34::SCWBDomain::make -C ps7_cortexa9_0/libsrc/scugic_v4_2/src -s libs  "SHELL=CMD" "COMPILER=arm-none-eabi-gcc" "ASSEMBLER=arm-none-eabi-as" "A
TRACE::2026-01-29.17:30:34::SCWBDomain::RCHIVER=arm-none-eabi-ar" "COMPILER_FLAGS=  -O2 -c" "EXTRA_COMPILER_FLAGS=-mcpu=cortex-a9 -mfpu=vfpv3 -mfloat-abi=hard -nostart
TRACE::2026-01-29.17:30:34::SCWBDomain::files -g -Wall -Wextra"

TRACE::2026-01-29.17:30:34::SCWBDomain::make[2]: Entering directory 'X:/cpre488/Labs/MP-0/vitus/MP0_wrapper/zynq_fsbl/zynq_fsbl_bsp/ps7_cortexa9_0/libsrc/scugic_v4_2/s
TRACE::2026-01-29.17:30:34::SCWBDomain::rc'

TRACE::2026-01-29.17:30:34::SCWBDomain::"Compiling scugic"

TRACE::2026-01-29.17:30:35::SCWBDomain::make[2]: Leaving directory 'X:/cpre488/Labs/MP-0/vitus/MP0_wrapper/zynq_fsbl/zynq_fsbl_bsp/ps7_cortexa9_0/libsrc/scugic_v4_2/sr
TRACE::2026-01-29.17:30:35::SCWBDomain::c'

TRACE::2026-01-29.17:30:35::SCWBDomain::"Running Make libs in ps7_cortexa9_0/libsrc/scutimer_v2_2/src"

TRACE::2026-01-29.17:30:35::SCWBDomain::make -C ps7_cortexa9_0/libsrc/scutimer_v2_2/src -s libs  "SHELL=CMD" "COMPILER=arm-none-eabi-gcc" "ASSEMBLER=arm-none-eabi-as" 
TRACE::2026-01-29.17:30:35::SCWBDomain::"ARCHIVER=arm-none-eabi-ar" "COMPILER_FLAGS=  -O2 -c" "EXTRA_COMPILER_FLAGS=-mcpu=cortex-a9 -mfpu=vfpv3 -mfloat-abi=hard -nosta
TRACE::2026-01-29.17:30:35::SCWBDomain::rtfiles -g -Wall -Wextra"

TRACE::2026-01-29.17:30:35::SCWBDomain::make[2]: Entering directory 'X:/cpre488/Labs/MP-0/vitus/MP0_wrapper/zynq_fsbl/zynq_fsbl_bsp/ps7_cortexa9_0/libsrc/scutimer_v2_2
TRACE::2026-01-29.17:30:35::SCWBDomain::/src'

TRACE::2026-01-29.17:30:35::SCWBDomain::"Compiling scutimer"

TRACE::2026-01-29.17:30:35::SCWBDomain::make[2]: Leaving directory 'X:/cpre488/Labs/MP-0/vitus/MP0_wrapper/zynq_fsbl/zynq_fsbl_bsp/ps7_cortexa9_0/libsrc/scutimer_v2_2/
TRACE::2026-01-29.17:30:35::SCWBDomain::src'

TRACE::2026-01-29.17:30:35::SCWBDomain::"Running Make libs in ps7_cortexa9_0/libsrc/scuwdt_v2_2/src"

TRACE::2026-01-29.17:30:35::SCWBDomain::make -C ps7_cortexa9_0/libsrc/scuwdt_v2_2/src -s libs  "SHELL=CMD" "COMPILER=arm-none-eabi-gcc" "ASSEMBLER=arm-none-eabi-as" "A
TRACE::2026-01-29.17:30:35::SCWBDomain::RCHIVER=arm-none-eabi-ar" "COMPILER_FLAGS=  -O2 -c" "EXTRA_COMPILER_FLAGS=-mcpu=cortex-a9 -mfpu=vfpv3 -mfloat-abi=hard -nostart
TRACE::2026-01-29.17:30:35::SCWBDomain::files -g -Wall -Wextra"

TRACE::2026-01-29.17:30:35::SCWBDomain::make[2]: Entering directory 'X:/cpre488/Labs/MP-0/vitus/MP0_wrapper/zynq_fsbl/zynq_fsbl_bsp/ps7_cortexa9_0/libsrc/scuwdt_v2_2/s
TRACE::2026-01-29.17:30:35::SCWBDomain::rc'

TRACE::2026-01-29.17:30:35::SCWBDomain::"Compiling scuwdt"

TRACE::2026-01-29.17:30:36::SCWBDomain::make[2]: Leaving directory 'X:/cpre488/Labs/MP-0/vitus/MP0_wrapper/zynq_fsbl/zynq_fsbl_bsp/ps7_cortexa9_0/libsrc/scuwdt_v2_2/sr
TRACE::2026-01-29.17:30:36::SCWBDomain::c'

TRACE::2026-01-29.17:30:36::SCWBDomain::"Running Make libs in ps7_cortexa9_0/libsrc/sdps_v3_9/src"

TRACE::2026-01-29.17:30:36::SCWBDomain::make -C ps7_cortexa9_0/libsrc/sdps_v3_9/src -s libs  "SHELL=CMD" "COMPILER=arm-none-eabi-gcc" "ASSEMBLER=arm-none-eabi-as" "ARC
TRACE::2026-01-29.17:30:36::SCWBDomain::HIVER=arm-none-eabi-ar" "COMPILER_FLAGS=  -O2 -c" "EXTRA_COMPILER_FLAGS=-mcpu=cortex-a9 -mfpu=vfpv3 -mfloat-abi=hard -nostartfi
TRACE::2026-01-29.17:30:36::SCWBDomain::les -g -Wall -Wextra"

TRACE::2026-01-29.17:30:36::SCWBDomain::make[2]: Entering directory 'X:/cpre488/Labs/MP-0/vitus/MP0_wrapper/zynq_fsbl/zynq_fsbl_bsp/ps7_cortexa9_0/libsrc/sdps_v3_9/src
TRACE::2026-01-29.17:30:36::SCWBDomain::'

TRACE::2026-01-29.17:30:36::SCWBDomain::"Compiling sdps"

TRACE::2026-01-29.17:30:37::SCWBDomain::make[2]: Leaving directory 'X:/cpre488/Labs/MP-0/vitus/MP0_wrapper/zynq_fsbl/zynq_fsbl_bsp/ps7_cortexa9_0/libsrc/sdps_v3_9/src'
TRACE::2026-01-29.17:30:37::SCWBDomain::

TRACE::2026-01-29.17:30:37::SCWBDomain::"Running Make libs in ps7_cortexa9_0/libsrc/standalone_v7_2/src"

TRACE::2026-01-29.17:30:37::SCWBDomain::make -C ps7_cortexa9_0/libsrc/standalone_v7_2/src -s libs  "SHELL=CMD" "COMPILER=arm-none-eabi-gcc" "ASSEMBLER=arm-none-eabi-as
TRACE::2026-01-29.17:30:37::SCWBDomain::" "ARCHIVER=arm-none-eabi-ar" "COMPILER_FLAGS=  -O2 -c" "EXTRA_COMPILER_FLAGS=-mcpu=cortex-a9 -mfpu=vfpv3 -mfloat-abi=hard -nos
TRACE::2026-01-29.17:30:37::SCWBDomain::tartfiles -g -Wall -Wextra"

TRACE::2026-01-29.17:30:37::SCWBDomain::make[2]: Entering directory 'X:/cpre488/Labs/MP-0/vitus/MP0_wrapper/zynq_fsbl/zynq_fsbl_bsp/ps7_cortexa9_0/libsrc/standalone_v7
TRACE::2026-01-29.17:30:37::SCWBDomain::_2/src'

TRACE::2026-01-29.17:30:37::SCWBDomain::"Compiling standalone"

TRACE::2026-01-29.17:30:40::SCWBDomain::make[3]: Entering directory 'X:/cpre488/Labs/MP-0/vitus/MP0_wrapper/zynq_fsbl/zynq_fsbl_bsp/ps7_cortexa9_0/libsrc/standalone_v7
TRACE::2026-01-29.17:30:40::SCWBDomain::_2/src/profile'

TRACE::2026-01-29.17:30:40::SCWBDomain::make[3]: Leaving directory 'X:/cpre488/Labs/MP-0/vitus/MP0_wrapper/zynq_fsbl/zynq_fsbl_bsp/ps7_cortexa9_0/libsrc/standalone_v7_
TRACE::2026-01-29.17:30:40::SCWBDomain::2/src/profile'

TRACE::2026-01-29.17:30:40::SCWBDomain::make[2]: Leaving directory 'X:/cpre488/Labs/MP-0/vitus/MP0_wrapper/zynq_fsbl/zynq_fsbl_bsp/ps7_cortexa9_0/libsrc/standalone_v7_
TRACE::2026-01-29.17:30:40::SCWBDomain::2/src'

TRACE::2026-01-29.17:30:40::SCWBDomain::"Running Make libs in ps7_cortexa9_0/libsrc/ttcps_v3_11/src"

TRACE::2026-01-29.17:30:40::SCWBDomain::make -C ps7_cortexa9_0/libsrc/ttcps_v3_11/src -s libs  "SHELL=CMD" "COMPILER=arm-none-eabi-gcc" "ASSEMBLER=arm-none-eabi-as" "A
TRACE::2026-01-29.17:30:40::SCWBDomain::RCHIVER=arm-none-eabi-ar" "COMPILER_FLAGS=  -O2 -c" "EXTRA_COMPILER_FLAGS=-mcpu=cortex-a9 -mfpu=vfpv3 -mfloat-abi=hard -nostart
TRACE::2026-01-29.17:30:40::SCWBDomain::files -g -Wall -Wextra"

TRACE::2026-01-29.17:30:40::SCWBDomain::make[2]: Entering directory 'X:/cpre488/Labs/MP-0/vitus/MP0_wrapper/zynq_fsbl/zynq_fsbl_bsp/ps7_cortexa9_0/libsrc/ttcps_v3_11/s
TRACE::2026-01-29.17:30:40::SCWBDomain::rc'

TRACE::2026-01-29.17:30:40::SCWBDomain::"Compiling ttcps"

TRACE::2026-01-29.17:30:40::SCWBDomain::make[2]: Leaving directory 'X:/cpre488/Labs/MP-0/vitus/MP0_wrapper/zynq_fsbl/zynq_fsbl_bsp/ps7_cortexa9_0/libsrc/ttcps_v3_11/sr
TRACE::2026-01-29.17:30:40::SCWBDomain::c'

TRACE::2026-01-29.17:30:40::SCWBDomain::"Running Make libs in ps7_cortexa9_0/libsrc/uartps_v3_9/src"

TRACE::2026-01-29.17:30:40::SCWBDomain::make -C ps7_cortexa9_0/libsrc/uartps_v3_9/src -s libs  "SHELL=CMD" "COMPILER=arm-none-eabi-gcc" "ASSEMBLER=arm-none-eabi-as" "A
TRACE::2026-01-29.17:30:40::SCWBDomain::RCHIVER=arm-none-eabi-ar" "COMPILER_FLAGS=  -O2 -c" "EXTRA_COMPILER_FLAGS=-mcpu=cortex-a9 -mfpu=vfpv3 -mfloat-abi=hard -nostart
TRACE::2026-01-29.17:30:40::SCWBDomain::files -g -Wall -Wextra"

TRACE::2026-01-29.17:30:40::SCWBDomain::make[2]: Entering directory 'X:/cpre488/Labs/MP-0/vitus/MP0_wrapper/zynq_fsbl/zynq_fsbl_bsp/ps7_cortexa9_0/libsrc/uartps_v3_9/s
TRACE::2026-01-29.17:30:40::SCWBDomain::rc'

TRACE::2026-01-29.17:30:41::SCWBDomain::"Compiling uartps"

TRACE::2026-01-29.17:30:41::SCWBDomain::make[2]: Leaving directory 'X:/cpre488/Labs/MP-0/vitus/MP0_wrapper/zynq_fsbl/zynq_fsbl_bsp/ps7_cortexa9_0/libsrc/uartps_v3_9/sr
TRACE::2026-01-29.17:30:41::SCWBDomain::c'

TRACE::2026-01-29.17:30:41::SCWBDomain::"Running Make libs in ps7_cortexa9_0/libsrc/usbps_v2_5/src"

TRACE::2026-01-29.17:30:41::SCWBDomain::make -C ps7_cortexa9_0/libsrc/usbps_v2_5/src -s libs  "SHELL=CMD" "COMPILER=arm-none-eabi-gcc" "ASSEMBLER=arm-none-eabi-as" "AR
TRACE::2026-01-29.17:30:41::SCWBDomain::CHIVER=arm-none-eabi-ar" "COMPILER_FLAGS=  -O2 -c" "EXTRA_COMPILER_FLAGS=-mcpu=cortex-a9 -mfpu=vfpv3 -mfloat-abi=hard -nostartf
TRACE::2026-01-29.17:30:41::SCWBDomain::iles -g -Wall -Wextra"

TRACE::2026-01-29.17:30:41::SCWBDomain::make[2]: Entering directory 'X:/cpre488/Labs/MP-0/vitus/MP0_wrapper/zynq_fsbl/zynq_fsbl_bsp/ps7_cortexa9_0/libsrc/usbps_v2_5/sr
TRACE::2026-01-29.17:30:41::SCWBDomain::c'

TRACE::2026-01-29.17:30:41::SCWBDomain::"Compiling usbps"

TRACE::2026-01-29.17:30:42::SCWBDomain::make[2]: Leaving directory 'X:/cpre488/Labs/MP-0/vitus/MP0_wrapper/zynq_fsbl/zynq_fsbl_bsp/ps7_cortexa9_0/libsrc/usbps_v2_5/src
TRACE::2026-01-29.17:30:42::SCWBDomain::'

TRACE::2026-01-29.17:30:42::SCWBDomain::"Running Make libs in ps7_cortexa9_0/libsrc/xadcps_v2_4/src"

TRACE::2026-01-29.17:30:42::SCWBDomain::make -C ps7_cortexa9_0/libsrc/xadcps_v2_4/src -s libs  "SHELL=CMD" "COMPILER=arm-none-eabi-gcc" "ASSEMBLER=arm-none-eabi-as" "A
TRACE::2026-01-29.17:30:42::SCWBDomain::RCHIVER=arm-none-eabi-ar" "COMPILER_FLAGS=  -O2 -c" "EXTRA_COMPILER_FLAGS=-mcpu=cortex-a9 -mfpu=vfpv3 -mfloat-abi=hard -nostart
TRACE::2026-01-29.17:30:42::SCWBDomain::files -g -Wall -Wextra"

TRACE::2026-01-29.17:30:42::SCWBDomain::make[2]: Entering directory 'X:/cpre488/Labs/MP-0/vitus/MP0_wrapper/zynq_fsbl/zynq_fsbl_bsp/ps7_cortexa9_0/libsrc/xadcps_v2_4/s
TRACE::2026-01-29.17:30:42::SCWBDomain::rc'

TRACE::2026-01-29.17:30:42::SCWBDomain::"Compiling xadcps"

TRACE::2026-01-29.17:30:43::SCWBDomain::make[2]: Leaving directory 'X:/cpre488/Labs/MP-0/vitus/MP0_wrapper/zynq_fsbl/zynq_fsbl_bsp/ps7_cortexa9_0/libsrc/xadcps_v2_4/sr
TRACE::2026-01-29.17:30:43::SCWBDomain::c'

TRACE::2026-01-29.17:30:43::SCWBDomain::"Running Make libs in ps7_cortexa9_0/libsrc/xilffs_v4_3/src"

TRACE::2026-01-29.17:30:43::SCWBDomain::make -C ps7_cortexa9_0/libsrc/xilffs_v4_3/src -s libs  "SHELL=CMD" "COMPILER=arm-none-eabi-gcc" "ASSEMBLER=arm-none-eabi-as" "A
TRACE::2026-01-29.17:30:43::SCWBDomain::RCHIVER=arm-none-eabi-ar" "COMPILER_FLAGS=  -O2 -c" "EXTRA_COMPILER_FLAGS=-mcpu=cortex-a9 -mfpu=vfpv3 -mfloat-abi=hard -nostart
TRACE::2026-01-29.17:30:43::SCWBDomain::files -g -Wall -Wextra"

TRACE::2026-01-29.17:30:43::SCWBDomain::make[2]: Entering directory 'X:/cpre488/Labs/MP-0/vitus/MP0_wrapper/zynq_fsbl/zynq_fsbl_bsp/ps7_cortexa9_0/libsrc/xilffs_v4_3/s
TRACE::2026-01-29.17:30:43::SCWBDomain::rc'

TRACE::2026-01-29.17:30:43::SCWBDomain::"Compiling XilFFs Library"

TRACE::2026-01-29.17:30:44::SCWBDomain::make[2]: Leaving directory 'X:/cpre488/Labs/MP-0/vitus/MP0_wrapper/zynq_fsbl/zynq_fsbl_bsp/ps7_cortexa9_0/libsrc/xilffs_v4_3/sr
TRACE::2026-01-29.17:30:44::SCWBDomain::c'

TRACE::2026-01-29.17:30:44::SCWBDomain::"Running Make libs in ps7_cortexa9_0/libsrc/xilrsa_v1_6/src"

TRACE::2026-01-29.17:30:44::SCWBDomain::make -C ps7_cortexa9_0/libsrc/xilrsa_v1_6/src -s libs  "SHELL=CMD" "COMPILER=arm-none-eabi-gcc" "ASSEMBLER=arm-none-eabi-as" "A
TRACE::2026-01-29.17:30:44::SCWBDomain::RCHIVER=arm-none-eabi-ar" "COMPILER_FLAGS=  -O2 -c" "EXTRA_COMPILER_FLAGS=-mcpu=cortex-a9 -mfpu=vfpv3 -mfloat-abi=hard -nostart
TRACE::2026-01-29.17:30:44::SCWBDomain::files -g -Wall -Wextra"

TRACE::2026-01-29.17:30:44::SCWBDomain::make[2]: Entering directory 'X:/cpre488/Labs/MP-0/vitus/MP0_wrapper/zynq_fsbl/zynq_fsbl_bsp/ps7_cortexa9_0/libsrc/xilrsa_v1_6/s
TRACE::2026-01-29.17:30:44::SCWBDomain::rc'

TRACE::2026-01-29.17:30:44::SCWBDomain::make[2]: Leaving directory 'X:/cpre488/Labs/MP-0/vitus/MP0_wrapper/zynq_fsbl/zynq_fsbl_bsp/ps7_cortexa9_0/libsrc/xilrsa_v1_6/sr
TRACE::2026-01-29.17:30:44::SCWBDomain::c'

TRACE::2026-01-29.17:30:44::SCWBDomain::'Finished building libraries'

TRACE::2026-01-29.17:30:44::SCWBDomain::make[1]: Leaving directory 'X:/cpre488/Labs/MP-0/vitus/MP0_wrapper/zynq_fsbl/zynq_fsbl_bsp'

TRACE::2026-01-29.17:30:44::SCWBDomain::arm-none-eabi-gcc -MMD -MP       -mcpu=cortex-a9 -mfpu=vfpv3 -mfloat-abi=hard   -O2 -c -c sd.c -o sd.o -Izynq_fsbl_bsp/ps7_cort
TRACE::2026-01-29.17:30:44::SCWBDomain::exa9_0/include -I.

TRACE::2026-01-29.17:30:44::SCWBDomain::arm-none-eabi-gcc -MMD -MP       -mcpu=cortex-a9 -mfpu=vfpv3 -mfloat-abi=hard   -O2 -c -c nand.c -o nand.o -Izynq_fsbl_bsp/ps7_
TRACE::2026-01-29.17:30:44::SCWBDomain::cortexa9_0/include -I.

TRACE::2026-01-29.17:30:44::SCWBDomain::arm-none-eabi-gcc -MMD -MP       -mcpu=cortex-a9 -mfpu=vfpv3 -mfloat-abi=hard   -O2 -c -c nor.c -o nor.o -Izynq_fsbl_bsp/ps7_co
TRACE::2026-01-29.17:30:44::SCWBDomain::rtexa9_0/include -I.

TRACE::2026-01-29.17:30:44::SCWBDomain::arm-none-eabi-gcc -MMD -MP       -mcpu=cortex-a9 -mfpu=vfpv3 -mfloat-abi=hard   -O2 -c -c image_mover.c -o image_mover.o -Izynq
TRACE::2026-01-29.17:30:44::SCWBDomain::_fsbl_bsp/ps7_cortexa9_0/include -I.

TRACE::2026-01-29.17:30:44::SCWBDomain::arm-none-eabi-gcc -MMD -MP       -mcpu=cortex-a9 -mfpu=vfpv3 -mfloat-abi=hard   -O2 -c -c md5.c -o md5.o -Izynq_fsbl_bsp/ps7_co
TRACE::2026-01-29.17:30:44::SCWBDomain::rtexa9_0/include -I.

TRACE::2026-01-29.17:30:44::SCWBDomain::arm-none-eabi-gcc -MMD -MP       -mcpu=cortex-a9 -mfpu=vfpv3 -mfloat-abi=hard   -O2 -c -c fsbl_hooks.c -o fsbl_hooks.o -Izynq_f
TRACE::2026-01-29.17:30:44::SCWBDomain::sbl_bsp/ps7_cortexa9_0/include -I.

TRACE::2026-01-29.17:30:44::SCWBDomain::arm-none-eabi-gcc -MMD -MP       -mcpu=cortex-a9 -mfpu=vfpv3 -mfloat-abi=hard   -O2 -c -c main.c -o main.o -Izynq_fsbl_bsp/ps7_
TRACE::2026-01-29.17:30:44::SCWBDomain::cortexa9_0/include -I.

TRACE::2026-01-29.17:30:45::SCWBDomain::arm-none-eabi-gcc -MMD -MP       -mcpu=cortex-a9 -mfpu=vfpv3 -mfloat-abi=hard   -O2 -c -c rsa.c -o rsa.o -Izynq_fsbl_bsp/ps7_co
TRACE::2026-01-29.17:30:45::SCWBDomain::rtexa9_0/include -I.

TRACE::2026-01-29.17:30:45::SCWBDomain::arm-none-eabi-gcc -MMD -MP       -mcpu=cortex-a9 -mfpu=vfpv3 -mfloat-abi=hard   -O2 -c -c qspi.c -o qspi.o -Izynq_fsbl_bsp/ps7_
TRACE::2026-01-29.17:30:45::SCWBDomain::cortexa9_0/include -I.

TRACE::2026-01-29.17:30:45::SCWBDomain::arm-none-eabi-gcc -MMD -MP       -mcpu=cortex-a9 -mfpu=vfpv3 -mfloat-abi=hard   -O2 -c -c ps7_init.c -o ps7_init.o -Izynq_fsbl_
TRACE::2026-01-29.17:30:45::SCWBDomain::bsp/ps7_cortexa9_0/include -I.

TRACE::2026-01-29.17:30:45::SCWBDomain::arm-none-eabi-gcc -MMD -MP       -mcpu=cortex-a9 -mfpu=vfpv3 -mfloat-abi=hard   -O2 -c -c pcap.c -o pcap.o -Izynq_fsbl_bsp/ps7_
TRACE::2026-01-29.17:30:45::SCWBDomain::cortexa9_0/include -I.

TRACE::2026-01-29.17:30:45::SCWBDomain::arm-none-eabi-gcc -MMD -MP       -mcpu=cortex-a9 -mfpu=vfpv3 -mfloat-abi=hard   -O2 -c -c fsbl_handoff.S -o fsbl_handoff.o -Izy
TRACE::2026-01-29.17:30:45::SCWBDomain::nq_fsbl_bsp/ps7_cortexa9_0/include -I.

TRACE::2026-01-29.17:30:45::SCWBDomain::arm-none-eabi-gcc -o executable.elf  sd.o  nand.o  nor.o  image_mover.o  md5.o  fsbl_hooks.o  main.o  rsa.o  qspi.o  ps7_init.o
TRACE::2026-01-29.17:30:45::SCWBDomain::  pcap.o  fsbl_handoff.o -MMD -MP       -mcpu=cortex-a9 -mfpu=vfpv3 -mfloat-abi=hard   -mcpu=cortex-a9 -mfpu=vfpv3 -mfloat-abi=
TRACE::2026-01-29.17:30:45::SCWBDomain::hard -Wl,-build-id=none -specs=Xilinx.spec  -lrsa -Wl,--start-group,-lxil,-lgcc,-lc,--end-group -Wl,--start-group,-lxilffs,-lxi
TRACE::2026-01-29.17:30:45::SCWBDomain::l,-lgcc,-lc,--end-group -Wl,--start-group,-lrsa,-lxil,-lgcc,-lc,--end-group                                       -Wl,--gc-sect
TRACE::2026-01-29.17:30:45::SCWBDomain::ions -Lzynq_fsbl_bsp/ps7_cortexa9_0/lib -L./ -Tlscript.ld

LOG::2026-01-29.17:30:45::SCWSystem::Checking the domain domain_ps7_cortexa9_0
LOG::2026-01-29.17:30:45::SCWSystem::Not a boot domain 
LOG::2026-01-29.17:30:45::SCWSystem::Started Processing the domain domain_ps7_cortexa9_0
TRACE::2026-01-29.17:30:45::SCWDomain::Generating domain artifcats
TRACE::2026-01-29.17:30:45::SCWMssOS::Generating standalone artifcats
TRACE::2026-01-29.17:30:45::SCWMssOS::Copying the qemu file from  C:/Xilinx/Vitis/2020.1/data/emulation/platforms/zynq/qemu/qemu_args.txt To X:/cpre488/Labs/MP-0/vitus/MP0_wrapper/export/MP0_wrapper/sw/MP0_wrapper/qemu/
TRACE::2026-01-29.17:30:45::SCWMssOS::Copying the qemu file from  C:/Xilinx/Vitis/2020.1/data/emulation/platforms/zynq/qemu/qemu_args.txt To X:/cpre488/Labs/MP-0/vitus/MP0_wrapper/export/MP0_wrapper/sw/MP0_wrapper/domain_ps7_cortexa9_0/qemu/
TRACE::2026-01-29.17:30:45::SCWMssOS:: Copying the user libraries. 
TRACE::2026-01-29.17:30:45::SCWPlatform::Trying to open the hw design at X:/cpre488/Labs/MP-0/vitus/MP0_wrapper/hw/MP0_wrapper.xsa
TRACE::2026-01-29.17:30:45::SCWPlatform::DSA given X:/cpre488/Labs/MP-0/vitus/MP0_wrapper/hw/MP0_wrapper.xsa
TRACE::2026-01-29.17:30:45::SCWPlatform::DSA absoulate path X:/cpre488/Labs/MP-0/vitus/MP0_wrapper/hw/MP0_wrapper.xsa
TRACE::2026-01-29.17:30:45::SCWPlatform::DSA directory X:/cpre488/Labs/MP-0/vitus/MP0_wrapper/hw
TRACE::2026-01-29.17:30:45::SCWPlatform:: Platform Path X:/cpre488/Labs/MP-0/vitus/MP0_wrapper/hw/MP0_wrapper.xsa
TRACE::2026-01-29.17:30:45::SCWPlatform:: Unique name xilinx:zed::0.0
TRACE::2026-01-29.17:30:45::SCWPlatform::Trying to set the existing hwdb with name MP0_wrapper_0
TRACE::2026-01-29.17:30:45::SCWPlatform::Opened existing hwdb MP0_wrapper_0
TRACE::2026-01-29.17:30:45::SCWPlatform::Found the Hw Db part of the input DSA
TRACE::2026-01-29.17:30:45::SCWMssOS::Checking the sw design at  X:/cpre488/Labs/MP-0/vitus/MP0_wrapper/ps7_cortexa9_0/domain_ps7_cortexa9_0/bsp/system.mss
TRACE::2026-01-29.17:30:45::SCWMssOS::DEBUG:  swdes dump  X:/cpre488/Labs/MP-0/vitus/MP0_wrapper/ps7_cortexa9_0/domain_ps7_cortexa9_0/bsp/system.mss|system_0||
X:/cpre488/Labs/MP-0/vitus/MP0_wrapper/zynq_fsbl/zynq_fsbl_bsp/system.mss|system||

TRACE::2026-01-29.17:30:45::SCWMssOS::Sw design exists and opened at  X:/cpre488/Labs/MP-0/vitus/MP0_wrapper/ps7_cortexa9_0/domain_ps7_cortexa9_0/bsp/system.mss
TRACE::2026-01-29.17:30:45::SCWMssOS::Completed writing the mss file at X:/cpre488/Labs/MP-0/vitus/MP0_wrapper/ps7_cortexa9_0/domain_ps7_cortexa9_0/bsp
TRACE::2026-01-29.17:30:45::SCWMssOS::Mss edits present, copying mssfile into export location X:/cpre488/Labs/MP-0/vitus/MP0_wrapper/ps7_cortexa9_0/domain_ps7_cortexa9_0/bsp/system.mss
TRACE::2026-01-29.17:30:45::SCWMssOS::bsp generated is upto date with the mss file. Skipping bsp generation.
TRACE::2026-01-29.17:30:45::SCWMssOS::BSP is already built. skipping the bsp build ... 
TRACE::2026-01-29.17:30:45::SCWDomain::Building the domain as part of full build :  domain_ps7_cortexa9_0
TRACE::2026-01-29.17:30:45::SCWMssOS::doing bsp build ... 
TRACE::2026-01-29.17:30:45::SCWMssOS::System Command Ran  X: & cd  X:/cpre488/Labs/MP-0/vitus/MP0_wrapper/ps7_cortexa9_0/domain_ps7_cortexa9_0/bsp & make 
TRACE::2026-01-29.17:30:45::SCWMssOS::"Running Make include in ps7_cortexa9_0/libsrc/coresightps_dcc_v1_7/src"

TRACE::2026-01-29.17:30:45::SCWMssOS::make -C ps7_cortexa9_0/libsrc/coresightps_dcc_v1_7/src -s include  "SHELL=CMD" "COMPILER=arm-none-eabi-gcc" "ASSEMBLER=arm-none
TRACE::2026-01-29.17:30:45::SCWMssOS::-eabi-as" "ARCHIVER=arm-none-eabi-ar" "COMPILER_FLAGS=  -O2 -c" "EXTRA_COMPILER_FLAGS=-mcpu=cortex-a9 -mfpu=vfpv3 -mfloat-abi=h
TRACE::2026-01-29.17:30:45::SCWMssOS::ard -nostartfiles -g -Wall -Wextra"

TRACE::2026-01-29.17:30:45::SCWMssOS::"Running Make include in ps7_cortexa9_0/libsrc/cpu_cortexa9_v2_9/src"

TRACE::2026-01-29.17:30:45::SCWMssOS::make -C ps7_cortexa9_0/libsrc/cpu_cortexa9_v2_9/src -s include  "SHELL=CMD" "COMPILER=arm-none-eabi-gcc" "ASSEMBLER=arm-none-ea
TRACE::2026-01-29.17:30:45::SCWMssOS::bi-as" "ARCHIVER=arm-none-eabi-ar" "COMPILER_FLAGS=  -O2 -c" "EXTRA_COMPILER_FLAGS=-mcpu=cortex-a9 -mfpu=vfpv3 -mfloat-abi=hard
TRACE::2026-01-29.17:30:45::SCWMssOS:: -nostartfiles -g -Wall -Wextra"

TRACE::2026-01-29.17:30:46::SCWMssOS::"Running Make include in ps7_cortexa9_0/libsrc/ddrps_v1_1/src"

TRACE::2026-01-29.17:30:46::SCWMssOS::make -C ps7_cortexa9_0/libsrc/ddrps_v1_1/src -s include  "SHELL=CMD" "COMPILER=arm-none-eabi-gcc" "ASSEMBLER=arm-none-eabi-as" 
TRACE::2026-01-29.17:30:46::SCWMssOS::"ARCHIVER=arm-none-eabi-ar" "COMPILER_FLAGS=  -O2 -c" "EXTRA_COMPILER_FLAGS=-mcpu=cortex-a9 -mfpu=vfpv3 -mfloat-abi=hard -nosta
TRACE::2026-01-29.17:30:46::SCWMssOS::rtfiles -g -Wall -Wextra"

TRACE::2026-01-29.17:30:46::SCWMssOS::"Running Make include in ps7_cortexa9_0/libsrc/devcfg_v3_6/src"

TRACE::2026-01-29.17:30:46::SCWMssOS::make -C ps7_cortexa9_0/libsrc/devcfg_v3_6/src -s include  "SHELL=CMD" "COMPILER=arm-none-eabi-gcc" "ASSEMBLER=arm-none-eabi-as"
TRACE::2026-01-29.17:30:46::SCWMssOS:: "ARCHIVER=arm-none-eabi-ar" "COMPILER_FLAGS=  -O2 -c" "EXTRA_COMPILER_FLAGS=-mcpu=cortex-a9 -mfpu=vfpv3 -mfloat-abi=hard -nost
TRACE::2026-01-29.17:30:46::SCWMssOS::artfiles -g -Wall -Wextra"

TRACE::2026-01-29.17:30:46::SCWMssOS::"Running Make include in ps7_cortexa9_0/libsrc/dmaps_v2_6/src"

TRACE::2026-01-29.17:30:46::SCWMssOS::make -C ps7_cortexa9_0/libsrc/dmaps_v2_6/src -s include  "SHELL=CMD" "COMPILER=arm-none-eabi-gcc" "ASSEMBLER=arm-none-eabi-as" 
TRACE::2026-01-29.17:30:46::SCWMssOS::"ARCHIVER=arm-none-eabi-ar" "COMPILER_FLAGS=  -O2 -c" "EXTRA_COMPILER_FLAGS=-mcpu=cortex-a9 -mfpu=vfpv3 -mfloat-abi=hard -nosta
TRACE::2026-01-29.17:30:46::SCWMssOS::rtfiles -g -Wall -Wextra"

TRACE::2026-01-29.17:30:46::SCWMssOS::"Running Make include in ps7_cortexa9_0/libsrc/emacps_v3_11/src"

TRACE::2026-01-29.17:30:46::SCWMssOS::make -C ps7_cortexa9_0/libsrc/emacps_v3_11/src -s include  "SHELL=CMD" "COMPILER=arm-none-eabi-gcc" "ASSEMBLER=arm-none-eabi-as
TRACE::2026-01-29.17:30:46::SCWMssOS::" "ARCHIVER=arm-none-eabi-ar" "COMPILER_FLAGS=  -O2 -c" "EXTRA_COMPILER_FLAGS=-mcpu=cortex-a9 -mfpu=vfpv3 -mfloat-abi=hard -nos
TRACE::2026-01-29.17:30:46::SCWMssOS::tartfiles -g -Wall -Wextra"

TRACE::2026-01-29.17:30:46::SCWMssOS::"Running Make include in ps7_cortexa9_0/libsrc/gpiops_v3_7/src"

TRACE::2026-01-29.17:30:46::SCWMssOS::make -C ps7_cortexa9_0/libsrc/gpiops_v3_7/src -s include  "SHELL=CMD" "COMPILER=arm-none-eabi-gcc" "ASSEMBLER=arm-none-eabi-as"
TRACE::2026-01-29.17:30:46::SCWMssOS:: "ARCHIVER=arm-none-eabi-ar" "COMPILER_FLAGS=  -O2 -c" "EXTRA_COMPILER_FLAGS=-mcpu=cortex-a9 -mfpu=vfpv3 -mfloat-abi=hard -nost
TRACE::2026-01-29.17:30:46::SCWMssOS::artfiles -g -Wall -Wextra"

TRACE::2026-01-29.17:30:46::SCWMssOS::"Running Make include in ps7_cortexa9_0/libsrc/gpio_v4_6/src"

TRACE::2026-01-29.17:30:46::SCWMssOS::make -C ps7_cortexa9_0/libsrc/gpio_v4_6/src -s include  "SHELL=CMD" "COMPILER=arm-none-eabi-gcc" "ASSEMBLER=arm-none-eabi-as" "
TRACE::2026-01-29.17:30:46::SCWMssOS::ARCHIVER=arm-none-eabi-ar" "COMPILER_FLAGS=  -O2 -c" "EXTRA_COMPILER_FLAGS=-mcpu=cortex-a9 -mfpu=vfpv3 -mfloat-abi=hard -nostar
TRACE::2026-01-29.17:30:46::SCWMssOS::tfiles -g -Wall -Wextra"

TRACE::2026-01-29.17:30:46::SCWMssOS::"Running Make include in ps7_cortexa9_0/libsrc/qspips_v3_7/src"

TRACE::2026-01-29.17:30:46::SCWMssOS::make -C ps7_cortexa9_0/libsrc/qspips_v3_7/src -s include  "SHELL=CMD" "COMPILER=arm-none-eabi-gcc" "ASSEMBLER=arm-none-eabi-as"
TRACE::2026-01-29.17:30:46::SCWMssOS:: "ARCHIVER=arm-none-eabi-ar" "COMPILER_FLAGS=  -O2 -c" "EXTRA_COMPILER_FLAGS=-mcpu=cortex-a9 -mfpu=vfpv3 -mfloat-abi=hard -nost
TRACE::2026-01-29.17:30:46::SCWMssOS::artfiles -g -Wall -Wextra"

TRACE::2026-01-29.17:30:46::SCWMssOS::"Running Make include in ps7_cortexa9_0/libsrc/scugic_v4_2/src"

TRACE::2026-01-29.17:30:46::SCWMssOS::make -C ps7_cortexa9_0/libsrc/scugic_v4_2/src -s include  "SHELL=CMD" "COMPILER=arm-none-eabi-gcc" "ASSEMBLER=arm-none-eabi-as"
TRACE::2026-01-29.17:30:46::SCWMssOS:: "ARCHIVER=arm-none-eabi-ar" "COMPILER_FLAGS=  -O2 -c" "EXTRA_COMPILER_FLAGS=-mcpu=cortex-a9 -mfpu=vfpv3 -mfloat-abi=hard -nost
TRACE::2026-01-29.17:30:46::SCWMssOS::artfiles -g -Wall -Wextra"

TRACE::2026-01-29.17:30:46::SCWMssOS::"Running Make include in ps7_cortexa9_0/libsrc/scutimer_v2_2/src"

TRACE::2026-01-29.17:30:46::SCWMssOS::make -C ps7_cortexa9_0/libsrc/scutimer_v2_2/src -s include  "SHELL=CMD" "COMPILER=arm-none-eabi-gcc" "ASSEMBLER=arm-none-eabi-a
TRACE::2026-01-29.17:30:46::SCWMssOS::s" "ARCHIVER=arm-none-eabi-ar" "COMPILER_FLAGS=  -O2 -c" "EXTRA_COMPILER_FLAGS=-mcpu=cortex-a9 -mfpu=vfpv3 -mfloat-abi=hard -no
TRACE::2026-01-29.17:30:46::SCWMssOS::startfiles -g -Wall -Wextra"

TRACE::2026-01-29.17:30:46::SCWMssOS::"Running Make include in ps7_cortexa9_0/libsrc/scuwdt_v2_2/src"

TRACE::2026-01-29.17:30:46::SCWMssOS::make -C ps7_cortexa9_0/libsrc/scuwdt_v2_2/src -s include  "SHELL=CMD" "COMPILER=arm-none-eabi-gcc" "ASSEMBLER=arm-none-eabi-as"
TRACE::2026-01-29.17:30:46::SCWMssOS:: "ARCHIVER=arm-none-eabi-ar" "COMPILER_FLAGS=  -O2 -c" "EXTRA_COMPILER_FLAGS=-mcpu=cortex-a9 -mfpu=vfpv3 -mfloat-abi=hard -nost
TRACE::2026-01-29.17:30:46::SCWMssOS::artfiles -g -Wall -Wextra"

TRACE::2026-01-29.17:30:47::SCWMssOS::"Running Make include in ps7_cortexa9_0/libsrc/sdps_v3_9/src"

TRACE::2026-01-29.17:30:47::SCWMssOS::make -C ps7_cortexa9_0/libsrc/sdps_v3_9/src -s include  "SHELL=CMD" "COMPILER=arm-none-eabi-gcc" "ASSEMBLER=arm-none-eabi-as" "
TRACE::2026-01-29.17:30:47::SCWMssOS::ARCHIVER=arm-none-eabi-ar" "COMPILER_FLAGS=  -O2 -c" "EXTRA_COMPILER_FLAGS=-mcpu=cortex-a9 -mfpu=vfpv3 -mfloat-abi=hard -nostar
TRACE::2026-01-29.17:30:47::SCWMssOS::tfiles -g -Wall -Wextra"

TRACE::2026-01-29.17:30:47::SCWMssOS::"Running Make include in ps7_cortexa9_0/libsrc/standalone_v7_2/src"

TRACE::2026-01-29.17:30:47::SCWMssOS::make -C ps7_cortexa9_0/libsrc/standalone_v7_2/src -s include  "SHELL=CMD" "COMPILER=arm-none-eabi-gcc" "ASSEMBLER=arm-none-eabi
TRACE::2026-01-29.17:30:47::SCWMssOS::-as" "ARCHIVER=arm-none-eabi-ar" "COMPILER_FLAGS=  -O2 -c" "EXTRA_COMPILER_FLAGS=-mcpu=cortex-a9 -mfpu=vfpv3 -mfloat-abi=hard -
TRACE::2026-01-29.17:30:47::SCWMssOS::nostartfiles -g -Wall -Wextra"

TRACE::2026-01-29.17:30:47::SCWMssOS::"Running Make include in ps7_cortexa9_0/libsrc/ttcps_v3_11/src"

TRACE::2026-01-29.17:30:47::SCWMssOS::make -C ps7_cortexa9_0/libsrc/ttcps_v3_11/src -s include  "SHELL=CMD" "COMPILER=arm-none-eabi-gcc" "ASSEMBLER=arm-none-eabi-as"
TRACE::2026-01-29.17:30:47::SCWMssOS:: "ARCHIVER=arm-none-eabi-ar" "COMPILER_FLAGS=  -O2 -c" "EXTRA_COMPILER_FLAGS=-mcpu=cortex-a9 -mfpu=vfpv3 -mfloat-abi=hard -nost
TRACE::2026-01-29.17:30:47::SCWMssOS::artfiles -g -Wall -Wextra"

TRACE::2026-01-29.17:30:47::SCWMssOS::"Running Make include in ps7_cortexa9_0/libsrc/uartps_v3_9/src"

TRACE::2026-01-29.17:30:47::SCWMssOS::make -C ps7_cortexa9_0/libsrc/uartps_v3_9/src -s include  "SHELL=CMD" "COMPILER=arm-none-eabi-gcc" "ASSEMBLER=arm-none-eabi-as"
TRACE::2026-01-29.17:30:47::SCWMssOS:: "ARCHIVER=arm-none-eabi-ar" "COMPILER_FLAGS=  -O2 -c" "EXTRA_COMPILER_FLAGS=-mcpu=cortex-a9 -mfpu=vfpv3 -mfloat-abi=hard -nost
TRACE::2026-01-29.17:30:47::SCWMssOS::artfiles -g -Wall -Wextra"

TRACE::2026-01-29.17:30:47::SCWMssOS::"Running Make include in ps7_cortexa9_0/libsrc/usbps_v2_5/src"

TRACE::2026-01-29.17:30:47::SCWMssOS::make -C ps7_cortexa9_0/libsrc/usbps_v2_5/src -s include  "SHELL=CMD" "COMPILER=arm-none-eabi-gcc" "ASSEMBLER=arm-none-eabi-as" 
TRACE::2026-01-29.17:30:47::SCWMssOS::"ARCHIVER=arm-none-eabi-ar" "COMPILER_FLAGS=  -O2 -c" "EXTRA_COMPILER_FLAGS=-mcpu=cortex-a9 -mfpu=vfpv3 -mfloat-abi=hard -nosta
TRACE::2026-01-29.17:30:47::SCWMssOS::rtfiles -g -Wall -Wextra"

TRACE::2026-01-29.17:30:48::SCWMssOS::"Running Make include in ps7_cortexa9_0/libsrc/xadcps_v2_4/src"

TRACE::2026-01-29.17:30:48::SCWMssOS::make -C ps7_cortexa9_0/libsrc/xadcps_v2_4/src -s include  "SHELL=CMD" "COMPILER=arm-none-eabi-gcc" "ASSEMBLER=arm-none-eabi-as"
TRACE::2026-01-29.17:30:48::SCWMssOS:: "ARCHIVER=arm-none-eabi-ar" "COMPILER_FLAGS=  -O2 -c" "EXTRA_COMPILER_FLAGS=-mcpu=cortex-a9 -mfpu=vfpv3 -mfloat-abi=hard -nost
TRACE::2026-01-29.17:30:48::SCWMssOS::artfiles -g -Wall -Wextra"

TRACE::2026-01-29.17:30:48::SCWMssOS::"Running Make libs in ps7_cortexa9_0/libsrc/coresightps_dcc_v1_7/src"

TRACE::2026-01-29.17:30:48::SCWMssOS::make -C ps7_cortexa9_0/libsrc/coresightps_dcc_v1_7/src -s libs  "SHELL=CMD" "COMPILER=arm-none-eabi-gcc" "ASSEMBLER=arm-none-ea
TRACE::2026-01-29.17:30:48::SCWMssOS::bi-as" "ARCHIVER=arm-none-eabi-ar" "COMPILER_FLAGS=  -O2 -c" "EXTRA_COMPILER_FLAGS=-mcpu=cortex-a9 -mfpu=vfpv3 -mfloat-abi=hard
TRACE::2026-01-29.17:30:48::SCWMssOS:: -nostartfiles -g -Wall -Wextra"

TRACE::2026-01-29.17:30:48::SCWMssOS::"Compiling coresightps_dcc"

TRACE::2026-01-29.17:30:48::SCWMssOS::"Running Make libs in ps7_cortexa9_0/libsrc/cpu_cortexa9_v2_9/src"

TRACE::2026-01-29.17:30:48::SCWMssOS::make -C ps7_cortexa9_0/libsrc/cpu_cortexa9_v2_9/src -s libs  "SHELL=CMD" "COMPILER=arm-none-eabi-gcc" "ASSEMBLER=arm-none-eabi-
TRACE::2026-01-29.17:30:48::SCWMssOS::as" "ARCHIVER=arm-none-eabi-ar" "COMPILER_FLAGS=  -O2 -c" "EXTRA_COMPILER_FLAGS=-mcpu=cortex-a9 -mfpu=vfpv3 -mfloat-abi=hard -n
TRACE::2026-01-29.17:30:48::SCWMssOS::ostartfiles -g -Wall -Wextra"

TRACE::2026-01-29.17:30:48::SCWMssOS::"Compiling cpu_cortexa9"

TRACE::2026-01-29.17:30:48::SCWMssOS::"Running Make libs in ps7_cortexa9_0/libsrc/ddrps_v1_1/src"

TRACE::2026-01-29.17:30:48::SCWMssOS::make -C ps7_cortexa9_0/libsrc/ddrps_v1_1/src -s libs  "SHELL=CMD" "COMPILER=arm-none-eabi-gcc" "ASSEMBLER=arm-none-eabi-as" "AR
TRACE::2026-01-29.17:30:48::SCWMssOS::CHIVER=arm-none-eabi-ar" "COMPILER_FLAGS=  -O2 -c" "EXTRA_COMPILER_FLAGS=-mcpu=cortex-a9 -mfpu=vfpv3 -mfloat-abi=hard -nostartf
TRACE::2026-01-29.17:30:48::SCWMssOS::iles -g -Wall -Wextra"

TRACE::2026-01-29.17:30:48::SCWMssOS::"Compiling ddrps"

TRACE::2026-01-29.17:30:48::SCWMssOS::"Running Make libs in ps7_cortexa9_0/libsrc/devcfg_v3_6/src"

TRACE::2026-01-29.17:30:48::SCWMssOS::make -C ps7_cortexa9_0/libsrc/devcfg_v3_6/src -s libs  "SHELL=CMD" "COMPILER=arm-none-eabi-gcc" "ASSEMBLER=arm-none-eabi-as" "A
TRACE::2026-01-29.17:30:48::SCWMssOS::RCHIVER=arm-none-eabi-ar" "COMPILER_FLAGS=  -O2 -c" "EXTRA_COMPILER_FLAGS=-mcpu=cortex-a9 -mfpu=vfpv3 -mfloat-abi=hard -nostart
TRACE::2026-01-29.17:30:48::SCWMssOS::files -g -Wall -Wextra"

TRACE::2026-01-29.17:30:48::SCWMssOS::"Compiling devcfg"

TRACE::2026-01-29.17:30:49::SCWMssOS::"Running Make libs in ps7_cortexa9_0/libsrc/dmaps_v2_6/src"

TRACE::2026-01-29.17:30:49::SCWMssOS::make -C ps7_cortexa9_0/libsrc/dmaps_v2_6/src -s libs  "SHELL=CMD" "COMPILER=arm-none-eabi-gcc" "ASSEMBLER=arm-none-eabi-as" "AR
TRACE::2026-01-29.17:30:49::SCWMssOS::CHIVER=arm-none-eabi-ar" "COMPILER_FLAGS=  -O2 -c" "EXTRA_COMPILER_FLAGS=-mcpu=cortex-a9 -mfpu=vfpv3 -mfloat-abi=hard -nostartf
TRACE::2026-01-29.17:30:49::SCWMssOS::iles -g -Wall -Wextra"

TRACE::2026-01-29.17:30:49::SCWMssOS::"Compiling dmaps"

TRACE::2026-01-29.17:30:49::SCWMssOS::"Running Make libs in ps7_cortexa9_0/libsrc/emacps_v3_11/src"

TRACE::2026-01-29.17:30:49::SCWMssOS::make -C ps7_cortexa9_0/libsrc/emacps_v3_11/src -s libs  "SHELL=CMD" "COMPILER=arm-none-eabi-gcc" "ASSEMBLER=arm-none-eabi-as" "
TRACE::2026-01-29.17:30:49::SCWMssOS::ARCHIVER=arm-none-eabi-ar" "COMPILER_FLAGS=  -O2 -c" "EXTRA_COMPILER_FLAGS=-mcpu=cortex-a9 -mfpu=vfpv3 -mfloat-abi=hard -nostar
TRACE::2026-01-29.17:30:49::SCWMssOS::tfiles -g -Wall -Wextra"

TRACE::2026-01-29.17:30:49::SCWMssOS::"Compiling emacps"

TRACE::2026-01-29.17:30:50::SCWMssOS::"Running Make libs in ps7_cortexa9_0/libsrc/gpiops_v3_7/src"

TRACE::2026-01-29.17:30:50::SCWMssOS::make -C ps7_cortexa9_0/libsrc/gpiops_v3_7/src -s libs  "SHELL=CMD" "COMPILER=arm-none-eabi-gcc" "ASSEMBLER=arm-none-eabi-as" "A
TRACE::2026-01-29.17:30:50::SCWMssOS::RCHIVER=arm-none-eabi-ar" "COMPILER_FLAGS=  -O2 -c" "EXTRA_COMPILER_FLAGS=-mcpu=cortex-a9 -mfpu=vfpv3 -mfloat-abi=hard -nostart
TRACE::2026-01-29.17:30:50::SCWMssOS::files -g -Wall -Wextra"

TRACE::2026-01-29.17:30:50::SCWMssOS::"Compiling gpiops"

TRACE::2026-01-29.17:30:51::SCWMssOS::"Running Make libs in ps7_cortexa9_0/libsrc/gpio_v4_6/src"

TRACE::2026-01-29.17:30:51::SCWMssOS::make -C ps7_cortexa9_0/libsrc/gpio_v4_6/src -s libs  "SHELL=CMD" "COMPILER=arm-none-eabi-gcc" "ASSEMBLER=arm-none-eabi-as" "ARC
TRACE::2026-01-29.17:30:51::SCWMssOS::HIVER=arm-none-eabi-ar" "COMPILER_FLAGS=  -O2 -c" "EXTRA_COMPILER_FLAGS=-mcpu=cortex-a9 -mfpu=vfpv3 -mfloat-abi=hard -nostartfi
TRACE::2026-01-29.17:30:51::SCWMssOS::les -g -Wall -Wextra"

TRACE::2026-01-29.17:30:51::SCWMssOS::"Compiling gpio"

TRACE::2026-01-29.17:30:52::SCWMssOS::"Running Make libs in ps7_cortexa9_0/libsrc/qspips_v3_7/src"

TRACE::2026-01-29.17:30:52::SCWMssOS::make -C ps7_cortexa9_0/libsrc/qspips_v3_7/src -s libs  "SHELL=CMD" "COMPILER=arm-none-eabi-gcc" "ASSEMBLER=arm-none-eabi-as" "A
TRACE::2026-01-29.17:30:52::SCWMssOS::RCHIVER=arm-none-eabi-ar" "COMPILER_FLAGS=  -O2 -c" "EXTRA_COMPILER_FLAGS=-mcpu=cortex-a9 -mfpu=vfpv3 -mfloat-abi=hard -nostart
TRACE::2026-01-29.17:30:52::SCWMssOS::files -g -Wall -Wextra"

TRACE::2026-01-29.17:30:52::SCWMssOS::"Compiling qspips"

TRACE::2026-01-29.17:30:52::SCWMssOS::"Running Make libs in ps7_cortexa9_0/libsrc/scugic_v4_2/src"

TRACE::2026-01-29.17:30:52::SCWMssOS::make -C ps7_cortexa9_0/libsrc/scugic_v4_2/src -s libs  "SHELL=CMD" "COMPILER=arm-none-eabi-gcc" "ASSEMBLER=arm-none-eabi-as" "A
TRACE::2026-01-29.17:30:52::SCWMssOS::RCHIVER=arm-none-eabi-ar" "COMPILER_FLAGS=  -O2 -c" "EXTRA_COMPILER_FLAGS=-mcpu=cortex-a9 -mfpu=vfpv3 -mfloat-abi=hard -nostart
TRACE::2026-01-29.17:30:52::SCWMssOS::files -g -Wall -Wextra"

TRACE::2026-01-29.17:30:52::SCWMssOS::"Compiling scugic"

TRACE::2026-01-29.17:30:53::SCWMssOS::"Running Make libs in ps7_cortexa9_0/libsrc/scutimer_v2_2/src"

TRACE::2026-01-29.17:30:53::SCWMssOS::make -C ps7_cortexa9_0/libsrc/scutimer_v2_2/src -s libs  "SHELL=CMD" "COMPILER=arm-none-eabi-gcc" "ASSEMBLER=arm-none-eabi-as" 
TRACE::2026-01-29.17:30:53::SCWMssOS::"ARCHIVER=arm-none-eabi-ar" "COMPILER_FLAGS=  -O2 -c" "EXTRA_COMPILER_FLAGS=-mcpu=cortex-a9 -mfpu=vfpv3 -mfloat-abi=hard -nosta
TRACE::2026-01-29.17:30:53::SCWMssOS::rtfiles -g -Wall -Wextra"

TRACE::2026-01-29.17:30:53::SCWMssOS::"Compiling scutimer"

TRACE::2026-01-29.17:30:54::SCWMssOS::"Running Make libs in ps7_cortexa9_0/libsrc/scuwdt_v2_2/src"

TRACE::2026-01-29.17:30:54::SCWMssOS::make -C ps7_cortexa9_0/libsrc/scuwdt_v2_2/src -s libs  "SHELL=CMD" "COMPILER=arm-none-eabi-gcc" "ASSEMBLER=arm-none-eabi-as" "A
TRACE::2026-01-29.17:30:54::SCWMssOS::RCHIVER=arm-none-eabi-ar" "COMPILER_FLAGS=  -O2 -c" "EXTRA_COMPILER_FLAGS=-mcpu=cortex-a9 -mfpu=vfpv3 -mfloat-abi=hard -nostart
TRACE::2026-01-29.17:30:54::SCWMssOS::files -g -Wall -Wextra"

TRACE::2026-01-29.17:30:54::SCWMssOS::"Compiling scuwdt"

TRACE::2026-01-29.17:30:54::SCWMssOS::"Running Make libs in ps7_cortexa9_0/libsrc/sdps_v3_9/src"

TRACE::2026-01-29.17:30:54::SCWMssOS::make -C ps7_cortexa9_0/libsrc/sdps_v3_9/src -s libs  "SHELL=CMD" "COMPILER=arm-none-eabi-gcc" "ASSEMBLER=arm-none-eabi-as" "ARC
TRACE::2026-01-29.17:30:54::SCWMssOS::HIVER=arm-none-eabi-ar" "COMPILER_FLAGS=  -O2 -c" "EXTRA_COMPILER_FLAGS=-mcpu=cortex-a9 -mfpu=vfpv3 -mfloat-abi=hard -nostartfi
TRACE::2026-01-29.17:30:54::SCWMssOS::les -g -Wall -Wextra"

TRACE::2026-01-29.17:30:54::SCWMssOS::"Compiling sdps"

TRACE::2026-01-29.17:30:55::SCWMssOS::"Running Make libs in ps7_cortexa9_0/libsrc/standalone_v7_2/src"

TRACE::2026-01-29.17:30:55::SCWMssOS::make -C ps7_cortexa9_0/libsrc/standalone_v7_2/src -s libs  "SHELL=CMD" "COMPILER=arm-none-eabi-gcc" "ASSEMBLER=arm-none-eabi-as
TRACE::2026-01-29.17:30:55::SCWMssOS::" "ARCHIVER=arm-none-eabi-ar" "COMPILER_FLAGS=  -O2 -c" "EXTRA_COMPILER_FLAGS=-mcpu=cortex-a9 -mfpu=vfpv3 -mfloat-abi=hard -nos
TRACE::2026-01-29.17:30:55::SCWMssOS::tartfiles -g -Wall -Wextra"

TRACE::2026-01-29.17:30:55::SCWMssOS::"Compiling standalone"

TRACE::2026-01-29.17:30:58::SCWMssOS::"Running Make libs in ps7_cortexa9_0/libsrc/ttcps_v3_11/src"

TRACE::2026-01-29.17:30:58::SCWMssOS::make -C ps7_cortexa9_0/libsrc/ttcps_v3_11/src -s libs  "SHELL=CMD" "COMPILER=arm-none-eabi-gcc" "ASSEMBLER=arm-none-eabi-as" "A
TRACE::2026-01-29.17:30:58::SCWMssOS::RCHIVER=arm-none-eabi-ar" "COMPILER_FLAGS=  -O2 -c" "EXTRA_COMPILER_FLAGS=-mcpu=cortex-a9 -mfpu=vfpv3 -mfloat-abi=hard -nostart
TRACE::2026-01-29.17:30:58::SCWMssOS::files -g -Wall -Wextra"

TRACE::2026-01-29.17:30:58::SCWMssOS::"Compiling ttcps"

TRACE::2026-01-29.17:30:59::SCWMssOS::"Running Make libs in ps7_cortexa9_0/libsrc/uartps_v3_9/src"

TRACE::2026-01-29.17:30:59::SCWMssOS::make -C ps7_cortexa9_0/libsrc/uartps_v3_9/src -s libs  "SHELL=CMD" "COMPILER=arm-none-eabi-gcc" "ASSEMBLER=arm-none-eabi-as" "A
TRACE::2026-01-29.17:30:59::SCWMssOS::RCHIVER=arm-none-eabi-ar" "COMPILER_FLAGS=  -O2 -c" "EXTRA_COMPILER_FLAGS=-mcpu=cortex-a9 -mfpu=vfpv3 -mfloat-abi=hard -nostart
TRACE::2026-01-29.17:30:59::SCWMssOS::files -g -Wall -Wextra"

TRACE::2026-01-29.17:30:59::SCWMssOS::"Compiling uartps"

TRACE::2026-01-29.17:31:00::SCWMssOS::"Running Make libs in ps7_cortexa9_0/libsrc/usbps_v2_5/src"

TRACE::2026-01-29.17:31:00::SCWMssOS::make -C ps7_cortexa9_0/libsrc/usbps_v2_5/src -s libs  "SHELL=CMD" "COMPILER=arm-none-eabi-gcc" "ASSEMBLER=arm-none-eabi-as" "AR
TRACE::2026-01-29.17:31:00::SCWMssOS::CHIVER=arm-none-eabi-ar" "COMPILER_FLAGS=  -O2 -c" "EXTRA_COMPILER_FLAGS=-mcpu=cortex-a9 -mfpu=vfpv3 -mfloat-abi=hard -nostartf
TRACE::2026-01-29.17:31:00::SCWMssOS::iles -g -Wall -Wextra"

TRACE::2026-01-29.17:31:00::SCWMssOS::"Compiling usbps"

TRACE::2026-01-29.17:31:00::SCWMssOS::"Running Make libs in ps7_cortexa9_0/libsrc/xadcps_v2_4/src"

TRACE::2026-01-29.17:31:00::SCWMssOS::make -C ps7_cortexa9_0/libsrc/xadcps_v2_4/src -s libs  "SHELL=CMD" "COMPILER=arm-none-eabi-gcc" "ASSEMBLER=arm-none-eabi-as" "A
TRACE::2026-01-29.17:31:00::SCWMssOS::RCHIVER=arm-none-eabi-ar" "COMPILER_FLAGS=  -O2 -c" "EXTRA_COMPILER_FLAGS=-mcpu=cortex-a9 -mfpu=vfpv3 -mfloat-abi=hard -nostart
TRACE::2026-01-29.17:31:00::SCWMssOS::files -g -Wall -Wextra"

TRACE::2026-01-29.17:31:00::SCWMssOS::"Compiling xadcps"

TRACE::2026-01-29.17:31:01::SCWMssOS::'Finished building libraries'

TRACE::2026-01-29.17:31:02::SCWMssOS::Copying to export directory.
TRACE::2026-01-29.17:31:02::SCWMssOS:: Checking if to create the Supporting Applications
TRACE::2026-01-29.17:31:02::SCWMssOS:: No Linux domain exists, trying to generate FSBL 
LOG::2026-01-29.17:31:02::SCWSystem::Completed Processing the domain domain_ps7_cortexa9_0
LOG::2026-01-29.17:31:02::SCWSystem::Completed Processing the sysconfig MP0_wrapper
LOG::2026-01-29.17:31:02::SCWPlatform::Completed generating the artifacts for system configuration MP0_wrapper
TRACE::2026-01-29.17:31:02::SCWPlatform::Started preparing the platform 
TRACE::2026-01-29.17:31:02::SCWSystem::Writing the bif file for system config MP0_wrapper
TRACE::2026-01-29.17:31:02::SCWSystem::dir created 
TRACE::2026-01-29.17:31:02::SCWSystem::Writing the bif 
TRACE::2026-01-29.17:31:02::SCWPlatform::Started writing the spfm file 
TRACE::2026-01-29.17:31:02::SCWPlatform::Started writing the xpfm file 
TRACE::2026-01-29.17:31:02::SCWPlatform::Completed generating the platform
TRACE::2026-01-29.17:31:02::SCWMssOS::Saving the mss changes X:/cpre488/Labs/MP-0/vitus/MP0_wrapper/zynq_fsbl/zynq_fsbl_bsp/system.mss
TRACE::2026-01-29.17:31:02::SCWMssOS::Found a swdesign opened with the mssfile.
TRACE::2026-01-29.17:31:02::SCWMssOS::Completed writemss as part of save.
TRACE::2026-01-29.17:31:02::SCWMssOS::Commit changes completed.
TRACE::2026-01-29.17:31:02::SCWMssOS::Saving the mss changes X:/cpre488/Labs/MP-0/vitus/MP0_wrapper/ps7_cortexa9_0/domain_ps7_cortexa9_0/bsp/system.mss
TRACE::2026-01-29.17:31:02::SCWMssOS::Found a swdesign opened with the mssfile.
TRACE::2026-01-29.17:31:02::SCWMssOS::Completed writemss as part of save.
TRACE::2026-01-29.17:31:02::SCWMssOS::Commit changes completed.
TRACE::2026-01-29.17:31:02::SCWPlatform::Trying to open the hw design at X:/cpre488/Labs/MP-0/vitus/MP0_wrapper/hw/MP0_wrapper.xsa
TRACE::2026-01-29.17:31:02::SCWPlatform::DSA given X:/cpre488/Labs/MP-0/vitus/MP0_wrapper/hw/MP0_wrapper.xsa
TRACE::2026-01-29.17:31:02::SCWPlatform::DSA absoulate path X:/cpre488/Labs/MP-0/vitus/MP0_wrapper/hw/MP0_wrapper.xsa
TRACE::2026-01-29.17:31:02::SCWPlatform::DSA directory X:/cpre488/Labs/MP-0/vitus/MP0_wrapper/hw
TRACE::2026-01-29.17:31:02::SCWPlatform:: Platform Path X:/cpre488/Labs/MP-0/vitus/MP0_wrapper/hw/MP0_wrapper.xsa
TRACE::2026-01-29.17:31:02::SCWPlatform:: Unique name xilinx:zed::0.0
TRACE::2026-01-29.17:31:02::SCWPlatform::Trying to set the existing hwdb with name MP0_wrapper_0
TRACE::2026-01-29.17:31:02::SCWPlatform::Opened existing hwdb MP0_wrapper_0
TRACE::2026-01-29.17:31:02::SCWPlatform::Found the Hw Db part of the input DSA
TRACE::2026-01-29.17:31:02::SCWMssOS::Checking the sw design at  X:/cpre488/Labs/MP-0/vitus/MP0_wrapper/zynq_fsbl/zynq_fsbl_bsp/system.mss
TRACE::2026-01-29.17:31:02::SCWMssOS::DEBUG:  swdes dump  X:/cpre488/Labs/MP-0/vitus/MP0_wrapper/ps7_cortexa9_0/domain_ps7_cortexa9_0/bsp/system.mss|system_0||
X:/cpre488/Labs/MP-0/vitus/MP0_wrapper/zynq_fsbl/zynq_fsbl_bsp/system.mss|system||

TRACE::2026-01-29.17:31:02::SCWMssOS::Sw design exists and opened at  X:/cpre488/Labs/MP-0/vitus/MP0_wrapper/zynq_fsbl/zynq_fsbl_bsp/system.mss
TRACE::2026-01-29.17:31:02::SCWPlatform::Trying to open the hw design at X:/cpre488/Labs/MP-0/vitus/MP0_wrapper/hw/MP0_wrapper.xsa
TRACE::2026-01-29.17:31:02::SCWPlatform::DSA given X:/cpre488/Labs/MP-0/vitus/MP0_wrapper/hw/MP0_wrapper.xsa
TRACE::2026-01-29.17:31:02::SCWPlatform::DSA absoulate path X:/cpre488/Labs/MP-0/vitus/MP0_wrapper/hw/MP0_wrapper.xsa
TRACE::2026-01-29.17:31:02::SCWPlatform::DSA directory X:/cpre488/Labs/MP-0/vitus/MP0_wrapper/hw
TRACE::2026-01-29.17:31:02::SCWPlatform:: Platform Path X:/cpre488/Labs/MP-0/vitus/MP0_wrapper/hw/MP0_wrapper.xsa
TRACE::2026-01-29.17:31:02::SCWPlatform:: Unique name xilinx:zed::0.0
TRACE::2026-01-29.17:31:02::SCWPlatform::Trying to set the existing hwdb with name MP0_wrapper_0
TRACE::2026-01-29.17:31:02::SCWPlatform::Opened existing hwdb MP0_wrapper_0
TRACE::2026-01-29.17:31:02::SCWPlatform::Found the Hw Db part of the input DSA
TRACE::2026-01-29.17:31:02::SCWMssOS::Checking the sw design at  X:/cpre488/Labs/MP-0/vitus/MP0_wrapper/zynq_fsbl/zynq_fsbl_bsp/system.mss
TRACE::2026-01-29.17:31:02::SCWMssOS::DEBUG:  swdes dump  X:/cpre488/Labs/MP-0/vitus/MP0_wrapper/ps7_cortexa9_0/domain_ps7_cortexa9_0/bsp/system.mss|system_0||
X:/cpre488/Labs/MP-0/vitus/MP0_wrapper/zynq_fsbl/zynq_fsbl_bsp/system.mss|system||

TRACE::2026-01-29.17:31:02::SCWMssOS::Sw design exists and opened at  X:/cpre488/Labs/MP-0/vitus/MP0_wrapper/zynq_fsbl/zynq_fsbl_bsp/system.mss
TRACE::2026-01-29.17:31:02::SCWPlatform::Trying to open the hw design at X:/cpre488/Labs/MP-0/vitus/MP0_wrapper/hw/MP0_wrapper.xsa
TRACE::2026-01-29.17:31:02::SCWPlatform::DSA given X:/cpre488/Labs/MP-0/vitus/MP0_wrapper/hw/MP0_wrapper.xsa
TRACE::2026-01-29.17:31:02::SCWPlatform::DSA absoulate path X:/cpre488/Labs/MP-0/vitus/MP0_wrapper/hw/MP0_wrapper.xsa
TRACE::2026-01-29.17:31:02::SCWPlatform::DSA directory X:/cpre488/Labs/MP-0/vitus/MP0_wrapper/hw
TRACE::2026-01-29.17:31:02::SCWPlatform:: Platform Path X:/cpre488/Labs/MP-0/vitus/MP0_wrapper/hw/MP0_wrapper.xsa
TRACE::2026-01-29.17:31:02::SCWPlatform:: Unique name xilinx:zed::0.0
TRACE::2026-01-29.17:31:02::SCWPlatform::Trying to set the existing hwdb with name MP0_wrapper_0
TRACE::2026-01-29.17:31:02::SCWPlatform::Opened existing hwdb MP0_wrapper_0
TRACE::2026-01-29.17:31:02::SCWPlatform::Found the Hw Db part of the input DSA
TRACE::2026-01-29.17:31:02::SCWMssOS::Checking the sw design at  X:/cpre488/Labs/MP-0/vitus/MP0_wrapper/zynq_fsbl/zynq_fsbl_bsp/system.mss
TRACE::2026-01-29.17:31:02::SCWMssOS::DEBUG:  swdes dump  X:/cpre488/Labs/MP-0/vitus/MP0_wrapper/ps7_cortexa9_0/domain_ps7_cortexa9_0/bsp/system.mss|system_0||
X:/cpre488/Labs/MP-0/vitus/MP0_wrapper/zynq_fsbl/zynq_fsbl_bsp/system.mss|system||

TRACE::2026-01-29.17:31:02::SCWMssOS::Sw design exists and opened at  X:/cpre488/Labs/MP-0/vitus/MP0_wrapper/zynq_fsbl/zynq_fsbl_bsp/system.mss
TRACE::2026-01-29.17:31:02::SCWPlatform::Trying to open the hw design at X:/cpre488/Labs/MP-0/vitus/MP0_wrapper/hw/MP0_wrapper.xsa
TRACE::2026-01-29.17:31:02::SCWPlatform::DSA given X:/cpre488/Labs/MP-0/vitus/MP0_wrapper/hw/MP0_wrapper.xsa
TRACE::2026-01-29.17:31:02::SCWPlatform::DSA absoulate path X:/cpre488/Labs/MP-0/vitus/MP0_wrapper/hw/MP0_wrapper.xsa
TRACE::2026-01-29.17:31:02::SCWPlatform::DSA directory X:/cpre488/Labs/MP-0/vitus/MP0_wrapper/hw
TRACE::2026-01-29.17:31:02::SCWPlatform:: Platform Path X:/cpre488/Labs/MP-0/vitus/MP0_wrapper/hw/MP0_wrapper.xsa
TRACE::2026-01-29.17:31:02::SCWPlatform:: Unique name xilinx:zed::0.0
TRACE::2026-01-29.17:31:02::SCWPlatform::Trying to set the existing hwdb with name MP0_wrapper_0
TRACE::2026-01-29.17:31:02::SCWPlatform::Opened existing hwdb MP0_wrapper_0
TRACE::2026-01-29.17:31:02::SCWPlatform::Found the Hw Db part of the input DSA
TRACE::2026-01-29.17:31:02::SCWMssOS::Checking the sw design at  X:/cpre488/Labs/MP-0/vitus/MP0_wrapper/ps7_cortexa9_0/domain_ps7_cortexa9_0/bsp/system.mss
TRACE::2026-01-29.17:31:02::SCWMssOS::DEBUG:  swdes dump  X:/cpre488/Labs/MP-0/vitus/MP0_wrapper/ps7_cortexa9_0/domain_ps7_cortexa9_0/bsp/system.mss|system_0||
X:/cpre488/Labs/MP-0/vitus/MP0_wrapper/zynq_fsbl/zynq_fsbl_bsp/system.mss|system||

TRACE::2026-01-29.17:31:02::SCWMssOS::Sw design exists and opened at  X:/cpre488/Labs/MP-0/vitus/MP0_wrapper/ps7_cortexa9_0/domain_ps7_cortexa9_0/bsp/system.mss
TRACE::2026-01-29.17:31:02::SCWPlatform::Trying to open the hw design at X:/cpre488/Labs/MP-0/vitus/MP0_wrapper/hw/MP0_wrapper.xsa
TRACE::2026-01-29.17:31:02::SCWPlatform::DSA given X:/cpre488/Labs/MP-0/vitus/MP0_wrapper/hw/MP0_wrapper.xsa
TRACE::2026-01-29.17:31:02::SCWPlatform::DSA absoulate path X:/cpre488/Labs/MP-0/vitus/MP0_wrapper/hw/MP0_wrapper.xsa
TRACE::2026-01-29.17:31:02::SCWPlatform::DSA directory X:/cpre488/Labs/MP-0/vitus/MP0_wrapper/hw
TRACE::2026-01-29.17:31:02::SCWPlatform:: Platform Path X:/cpre488/Labs/MP-0/vitus/MP0_wrapper/hw/MP0_wrapper.xsa
TRACE::2026-01-29.17:31:02::SCWPlatform:: Unique name xilinx:zed::0.0
TRACE::2026-01-29.17:31:02::SCWPlatform::Trying to set the existing hwdb with name MP0_wrapper_0
TRACE::2026-01-29.17:31:02::SCWPlatform::Opened existing hwdb MP0_wrapper_0
TRACE::2026-01-29.17:31:02::SCWPlatform::Found the Hw Db part of the input DSA
TRACE::2026-01-29.17:31:02::SCWMssOS::Checking the sw design at  X:/cpre488/Labs/MP-0/vitus/MP0_wrapper/ps7_cortexa9_0/domain_ps7_cortexa9_0/bsp/system.mss
TRACE::2026-01-29.17:31:02::SCWMssOS::DEBUG:  swdes dump  X:/cpre488/Labs/MP-0/vitus/MP0_wrapper/ps7_cortexa9_0/domain_ps7_cortexa9_0/bsp/system.mss|system_0||
X:/cpre488/Labs/MP-0/vitus/MP0_wrapper/zynq_fsbl/zynq_fsbl_bsp/system.mss|system||

TRACE::2026-01-29.17:31:02::SCWMssOS::Sw design exists and opened at  X:/cpre488/Labs/MP-0/vitus/MP0_wrapper/ps7_cortexa9_0/domain_ps7_cortexa9_0/bsp/system.mss
TRACE::2026-01-29.17:31:02::SCWPlatform::Trying to open the hw design at X:/cpre488/Labs/MP-0/vitus/MP0_wrapper/hw/MP0_wrapper.xsa
TRACE::2026-01-29.17:31:02::SCWPlatform::DSA given X:/cpre488/Labs/MP-0/vitus/MP0_wrapper/hw/MP0_wrapper.xsa
TRACE::2026-01-29.17:31:02::SCWPlatform::DSA absoulate path X:/cpre488/Labs/MP-0/vitus/MP0_wrapper/hw/MP0_wrapper.xsa
TRACE::2026-01-29.17:31:02::SCWPlatform::DSA directory X:/cpre488/Labs/MP-0/vitus/MP0_wrapper/hw
TRACE::2026-01-29.17:31:02::SCWPlatform:: Platform Path X:/cpre488/Labs/MP-0/vitus/MP0_wrapper/hw/MP0_wrapper.xsa
TRACE::2026-01-29.17:31:02::SCWPlatform:: Unique name xilinx:zed::0.0
TRACE::2026-01-29.17:31:02::SCWPlatform::Trying to set the existing hwdb with name MP0_wrapper_0
TRACE::2026-01-29.17:31:02::SCWPlatform::Opened existing hwdb MP0_wrapper_0
TRACE::2026-01-29.17:31:02::SCWPlatform::Found the Hw Db part of the input DSA
TRACE::2026-01-29.17:31:02::SCWMssOS::Checking the sw design at  X:/cpre488/Labs/MP-0/vitus/MP0_wrapper/ps7_cortexa9_0/domain_ps7_cortexa9_0/bsp/system.mss
TRACE::2026-01-29.17:31:02::SCWMssOS::DEBUG:  swdes dump  X:/cpre488/Labs/MP-0/vitus/MP0_wrapper/ps7_cortexa9_0/domain_ps7_cortexa9_0/bsp/system.mss|system_0||
X:/cpre488/Labs/MP-0/vitus/MP0_wrapper/zynq_fsbl/zynq_fsbl_bsp/system.mss|system||

TRACE::2026-01-29.17:31:02::SCWMssOS::Sw design exists and opened at  X:/cpre488/Labs/MP-0/vitus/MP0_wrapper/ps7_cortexa9_0/domain_ps7_cortexa9_0/bsp/system.mss
TRACE::2026-01-29.17:31:02::SCWWriter::formatted JSON is {
	"platformName":	"MP0_wrapper",
	"sprVersion":	"2.0",
	"mode":	"gui",
	"dsaType":	"Fixed",
	"platformDesc":	"MP0_wrapper",
	"platHandOff":	"X:/cpre488/Labs/MP-0/MP-0/MP0_wrapper.xsa",
	"platIntHandOff":	"<platformDir>/hw/MP0_wrapper.xsa",
	"deviceType":	"zynq",
	"platIsPrebuiltAutogen":	"false",
	"platIsNoBootBsp":	"false",
	"platFsblTarget":	"ps7_cortexa9_0",
	"hasFsblMakeHasChanges":	"false",
	"hasPmufwMakeHasChanges":	"false",
	"fsblExtraCompilerFlags":	"-MMD -MP       -mcpu=cortex-a9 -mfpu=vfpv3 -mfloat-abi=hard ",
	"platPreBuiltFlag":	false,
	"platformSamplesDir":	"",
	"platActiveSys":	"MP0_wrapper",
	"systems":	[{
			"systemName":	"MP0_wrapper",
			"systemDesc":	"MP0_wrapper",
			"sysIsBootAutoGen":	"true",
			"systemDispName":	"MP0_wrapper",
			"sysActiveDom":	"domain_ps7_cortexa9_0",
			"sysDefaultDom":	"domain_ps7_cortexa9_0",
			"domains":	[{
					"domainName":	"zynq_fsbl",
					"domainDispName":	"zynq_fsbl",
					"domainDesc":	"FSBL Application BSP - Auto Generated.",
					"processors":	"ps7_cortexa9_0",
					"os":	"standalone",
					"sdxOs":	"standalone",
					"debugEnable":	"",
					"domRuntimes":	["cpp"],
					"swRepo":	"",
					"mssOsVer":	"7.2",
					"mssFile":	"",
					"md5Digest":	"d070912764dbc9091b0675940dbd0d2a",
					"compatibleApp":	"zynq_fsbl",
					"domType":	"bootDomain",
					"arch":	"32-bit",
					"appSettings":	{
						"appCompilerFlags":	"",
						"appLinkerFlags":	""
					},
					"addedLibs":	["xilffs:4.3", "xilrsa:1.6"],
					"libOptions":	{
						"libsContainingOptions":	[]
					},
					"prebuiltLibs":	{
						"prebuiltIncPath":	[],
						"prebuiltLibPath":	[]
					},
					"isolation":	{
					}
				}, {
					"domainName":	"domain_ps7_cortexa9_0",
					"domainDispName":	"domain_ps7_cortexa9_0",
					"domainDesc":	"domain_ps7_cortexa9_0",
					"processors":	"ps7_cortexa9_0",
					"os":	"standalone",
					"sdxOs":	"standalone",
					"qemuArgs":	"C:/Xilinx/Vitis/2020.1/data/emulation/platforms/zynq/qemu/qemu_args.txt",
					"qemuData":	"C:/Xilinx/Vitis/2020.1/data/emulation/platforms/zynq/qemu/",
					"debugEnable":	"False",
					"domRuntimes":	["cpp"],
					"swRepo":	"",
					"mssOsVer":	"7.2",
					"mssFile":	"",
					"md5Digest":	"5ae316de3f4391f8eb31fb72c822226d",
					"compatibleApp":	"peripheral_tests",
					"domType":	"mssDomain",
					"arch":	"32-bit",
					"appSettings":	{
						"appCompilerFlags":	"",
						"appLinkerFlags":	""
					},
					"addedLibs":	[],
					"libOptions":	{
						"libsContainingOptions":	[]
					},
					"prebuiltLibs":	{
						"prebuiltIncPath":	[],
						"prebuiltLibPath":	[]
					},
					"isolation":	{
					}
				}]
		}]
}
KEYINFO::2026-01-29.17:31:02::SCWPlatform::updated the xpfm file.
TRACE::2026-01-29.17:31:02::SCWPlatform::Trying to open the hw design at X:/cpre488/Labs/MP-0/vitus/MP0_wrapper/hw/MP0_wrapper.xsa
TRACE::2026-01-29.17:31:02::SCWPlatform::DSA given X:/cpre488/Labs/MP-0/vitus/MP0_wrapper/hw/MP0_wrapper.xsa
TRACE::2026-01-29.17:31:02::SCWPlatform::DSA absoulate path X:/cpre488/Labs/MP-0/vitus/MP0_wrapper/hw/MP0_wrapper.xsa
TRACE::2026-01-29.17:31:02::SCWPlatform::DSA directory X:/cpre488/Labs/MP-0/vitus/MP0_wrapper/hw
TRACE::2026-01-29.17:31:02::SCWPlatform:: Platform Path X:/cpre488/Labs/MP-0/vitus/MP0_wrapper/hw/MP0_wrapper.xsa
TRACE::2026-01-29.17:31:02::SCWPlatform:: Unique name xilinx:zed::0.0
TRACE::2026-01-29.17:31:02::SCWPlatform::Trying to set the existing hwdb with name MP0_wrapper_0
TRACE::2026-01-29.17:31:02::SCWPlatform::Opened existing hwdb MP0_wrapper_0
TRACE::2026-01-29.17:31:02::SCWPlatform::Found the Hw Db part of the input DSA
TRACE::2026-01-29.17:31:02::SCWMssOS::Checking the sw design at  X:/cpre488/Labs/MP-0/vitus/MP0_wrapper/ps7_cortexa9_0/domain_ps7_cortexa9_0/bsp/system.mss
TRACE::2026-01-29.17:31:02::SCWMssOS::DEBUG:  swdes dump  X:/cpre488/Labs/MP-0/vitus/MP0_wrapper/ps7_cortexa9_0/domain_ps7_cortexa9_0/bsp/system.mss|system_0||
X:/cpre488/Labs/MP-0/vitus/MP0_wrapper/zynq_fsbl/zynq_fsbl_bsp/system.mss|system||

TRACE::2026-01-29.17:31:02::SCWMssOS::Sw design exists and opened at  X:/cpre488/Labs/MP-0/vitus/MP0_wrapper/ps7_cortexa9_0/domain_ps7_cortexa9_0/bsp/system.mss
TRACE::2026-01-31.15:34:28::SCWPlatform::Trying to open the hw design at X:/cpre488/Labs/MP-0/vitus/MP0_wrapper/hw/MP0_wrapper.xsa
TRACE::2026-01-31.15:34:28::SCWPlatform::DSA given X:/cpre488/Labs/MP-0/vitus/MP0_wrapper/hw/MP0_wrapper.xsa
TRACE::2026-01-31.15:34:28::SCWPlatform::DSA absoulate path X:/cpre488/Labs/MP-0/vitus/MP0_wrapper/hw/MP0_wrapper.xsa
TRACE::2026-01-31.15:34:28::SCWPlatform::DSA directory X:/cpre488/Labs/MP-0/vitus/MP0_wrapper/hw
TRACE::2026-01-31.15:34:28::SCWPlatform:: Platform Path X:/cpre488/Labs/MP-0/vitus/MP0_wrapper/hw/MP0_wrapper.xsa
TRACE::2026-01-31.15:34:28::SCWPlatform:: Unique name xilinx:zed::0.0
TRACE::2026-01-31.15:34:28::SCWPlatform::Do not have an existing db opened. 
TRACE::2026-01-31.15:34:30::SCWPlatform::Opened new HwDB with name MP0_wrapper_5
TRACE::2026-01-31.15:34:30::SCWReader::Active system found as  MP0_wrapper
TRACE::2026-01-31.15:34:30::SCWReader::Handling sysconfig MP0_wrapper
TRACE::2026-01-31.15:34:30::SCWDomain::checking for install qemu data   : 
TRACE::2026-01-31.15:34:30::SCWDomain:: Using the QEMU Data from install at  : C:/Xilinx/Vitis/2020.1/data/emulation/platforms/zynq/qemu/
TRACE::2026-01-31.15:34:30::SCWDomain:: Using the QEMU args  from install at  : C:/Xilinx/Vitis/2020.1/data/emulation/platforms/zynq/qemu/qemu_args.txt
TRACE::2026-01-31.15:34:30::SCWPlatform::Trying to open the hw design at X:/cpre488/Labs/MP-0/vitus/MP0_wrapper/hw/MP0_wrapper.xsa
TRACE::2026-01-31.15:34:30::SCWPlatform::DSA given X:/cpre488/Labs/MP-0/vitus/MP0_wrapper/hw/MP0_wrapper.xsa
TRACE::2026-01-31.15:34:30::SCWPlatform::DSA absoulate path X:/cpre488/Labs/MP-0/vitus/MP0_wrapper/hw/MP0_wrapper.xsa
TRACE::2026-01-31.15:34:30::SCWPlatform::DSA directory X:/cpre488/Labs/MP-0/vitus/MP0_wrapper/hw
TRACE::2026-01-31.15:34:30::SCWPlatform:: Platform Path X:/cpre488/Labs/MP-0/vitus/MP0_wrapper/hw/MP0_wrapper.xsa
TRACE::2026-01-31.15:34:31::SCWPlatform:: Unique name xilinx:zed::0.0
TRACE::2026-01-31.15:34:31::SCWPlatform::Trying to set the existing hwdb with name MP0_wrapper_5
TRACE::2026-01-31.15:34:31::SCWPlatform::Opened existing hwdb MP0_wrapper_5
TRACE::2026-01-31.15:34:31::SCWPlatform::Found the Hw Db part of the input DSA
TRACE::2026-01-31.15:34:31::SCWPlatform::Trying to open the hw design at X:/cpre488/Labs/MP-0/vitus/MP0_wrapper/hw/MP0_wrapper.xsa
TRACE::2026-01-31.15:34:31::SCWPlatform::DSA given X:/cpre488/Labs/MP-0/vitus/MP0_wrapper/hw/MP0_wrapper.xsa
TRACE::2026-01-31.15:34:31::SCWPlatform::DSA absoulate path X:/cpre488/Labs/MP-0/vitus/MP0_wrapper/hw/MP0_wrapper.xsa
TRACE::2026-01-31.15:34:31::SCWPlatform::DSA directory X:/cpre488/Labs/MP-0/vitus/MP0_wrapper/hw
TRACE::2026-01-31.15:34:31::SCWPlatform:: Platform Path X:/cpre488/Labs/MP-0/vitus/MP0_wrapper/hw/MP0_wrapper.xsa
TRACE::2026-01-31.15:34:31::SCWPlatform:: Unique name xilinx:zed::0.0
TRACE::2026-01-31.15:34:31::SCWPlatform::Trying to set the existing hwdb with name MP0_wrapper_5
TRACE::2026-01-31.15:34:31::SCWPlatform::Opened existing hwdb MP0_wrapper_5
TRACE::2026-01-31.15:34:31::SCWPlatform::Found the Hw Db part of the input DSA
TRACE::2026-01-31.15:34:31::SCWPlatform::Trying to open the hw design at X:/cpre488/Labs/MP-0/vitus/MP0_wrapper/hw/MP0_wrapper.xsa
TRACE::2026-01-31.15:34:31::SCWPlatform::DSA given X:/cpre488/Labs/MP-0/vitus/MP0_wrapper/hw/MP0_wrapper.xsa
TRACE::2026-01-31.15:34:31::SCWPlatform::DSA absoulate path X:/cpre488/Labs/MP-0/vitus/MP0_wrapper/hw/MP0_wrapper.xsa
TRACE::2026-01-31.15:34:31::SCWPlatform::DSA directory X:/cpre488/Labs/MP-0/vitus/MP0_wrapper/hw
TRACE::2026-01-31.15:34:31::SCWPlatform:: Platform Path X:/cpre488/Labs/MP-0/vitus/MP0_wrapper/hw/MP0_wrapper.xsa
TRACE::2026-01-31.15:34:31::SCWPlatform:: Unique name xilinx:zed::0.0
TRACE::2026-01-31.15:34:31::SCWPlatform::Trying to set the existing hwdb with name MP0_wrapper_5
TRACE::2026-01-31.15:34:31::SCWPlatform::Opened existing hwdb MP0_wrapper_5
TRACE::2026-01-31.15:34:31::SCWPlatform::Found the Hw Db part of the input DSA
TRACE::2026-01-31.15:34:31::SCWReader::Boot application domain added for zynq_fsbl
TRACE::2026-01-31.15:34:31::SCWPlatform::Trying to open the hw design at X:/cpre488/Labs/MP-0/vitus/MP0_wrapper/hw/MP0_wrapper.xsa
TRACE::2026-01-31.15:34:31::SCWPlatform::DSA given X:/cpre488/Labs/MP-0/vitus/MP0_wrapper/hw/MP0_wrapper.xsa
TRACE::2026-01-31.15:34:31::SCWPlatform::DSA absoulate path X:/cpre488/Labs/MP-0/vitus/MP0_wrapper/hw/MP0_wrapper.xsa
TRACE::2026-01-31.15:34:31::SCWPlatform::DSA directory X:/cpre488/Labs/MP-0/vitus/MP0_wrapper/hw
TRACE::2026-01-31.15:34:31::SCWPlatform:: Platform Path X:/cpre488/Labs/MP-0/vitus/MP0_wrapper/hw/MP0_wrapper.xsa
TRACE::2026-01-31.15:34:31::SCWPlatform:: Unique name xilinx:zed::0.0
TRACE::2026-01-31.15:34:31::SCWPlatform::Trying to set the existing hwdb with name MP0_wrapper_5
TRACE::2026-01-31.15:34:31::SCWPlatform::Opened existing hwdb MP0_wrapper_5
TRACE::2026-01-31.15:34:31::SCWPlatform::Found the Hw Db part of the input DSA
TRACE::2026-01-31.15:34:31::SCWMssOS::Checking the sw design at  X:/cpre488/Labs/MP-0/vitus/MP0_wrapper/zynq_fsbl/zynq_fsbl_bsp/system.mss
TRACE::2026-01-31.15:34:31::SCWMssOS::DEBUG:  swdes dump  
TRACE::2026-01-31.15:34:31::SCWMssOS::No sw design opened at  X:/cpre488/Labs/MP-0/vitus/MP0_wrapper/zynq_fsbl/zynq_fsbl_bsp/system.mss
TRACE::2026-01-31.15:34:31::SCWMssOS::mss exists loading the mss file  X:/cpre488/Labs/MP-0/vitus/MP0_wrapper/zynq_fsbl/zynq_fsbl_bsp/system.mss
TRACE::2026-01-31.15:34:31::SCWMssOS::Opened the sw design from mss  X:/cpre488/Labs/MP-0/vitus/MP0_wrapper/zynq_fsbl/zynq_fsbl_bsp/system.mss
TRACE::2026-01-31.15:34:31::SCWMssOS::Adding the swdes entry X:/cpre488/Labs/MP-0/vitus/MP0_wrapper/zynq_fsbl/zynq_fsbl_bsp/system.mss with des name system
TRACE::2026-01-31.15:34:31::SCWMssOS::updating the scw layer about changes
TRACE::2026-01-31.15:34:31::SCWMssOS::Opened the sw design.  X:/cpre488/Labs/MP-0/vitus/MP0_wrapper/zynq_fsbl/zynq_fsbl_bsp/system.mss
TRACE::2026-01-31.15:34:31::SCWPlatform::Trying to open the hw design at X:/cpre488/Labs/MP-0/vitus/MP0_wrapper/hw/MP0_wrapper.xsa
TRACE::2026-01-31.15:34:31::SCWPlatform::DSA given X:/cpre488/Labs/MP-0/vitus/MP0_wrapper/hw/MP0_wrapper.xsa
TRACE::2026-01-31.15:34:31::SCWPlatform::DSA absoulate path X:/cpre488/Labs/MP-0/vitus/MP0_wrapper/hw/MP0_wrapper.xsa
TRACE::2026-01-31.15:34:31::SCWPlatform::DSA directory X:/cpre488/Labs/MP-0/vitus/MP0_wrapper/hw
TRACE::2026-01-31.15:34:31::SCWPlatform:: Platform Path X:/cpre488/Labs/MP-0/vitus/MP0_wrapper/hw/MP0_wrapper.xsa
TRACE::2026-01-31.15:34:31::SCWPlatform:: Unique name xilinx:zed::0.0
TRACE::2026-01-31.15:34:31::SCWPlatform::Trying to set the existing hwdb with name MP0_wrapper_5
TRACE::2026-01-31.15:34:31::SCWPlatform::Opened existing hwdb MP0_wrapper_5
TRACE::2026-01-31.15:34:31::SCWPlatform::Found the Hw Db part of the input DSA
TRACE::2026-01-31.15:34:31::SCWMssOS::Checking the sw design at  X:/cpre488/Labs/MP-0/vitus/MP0_wrapper/zynq_fsbl/zynq_fsbl_bsp/system.mss
TRACE::2026-01-31.15:34:31::SCWMssOS::DEBUG:  swdes dump  X:/cpre488/Labs/MP-0/vitus/MP0_wrapper/zynq_fsbl/zynq_fsbl_bsp/system.mss|system||

TRACE::2026-01-31.15:34:31::SCWMssOS::Sw design exists and opened at  X:/cpre488/Labs/MP-0/vitus/MP0_wrapper/zynq_fsbl/zynq_fsbl_bsp/system.mss
TRACE::2026-01-31.15:34:31::SCWMssOS:: library already available in sw design:  xilffs:4.3
TRACE::2026-01-31.15:34:31::SCWPlatform::Trying to open the hw design at X:/cpre488/Labs/MP-0/vitus/MP0_wrapper/hw/MP0_wrapper.xsa
TRACE::2026-01-31.15:34:31::SCWPlatform::DSA given X:/cpre488/Labs/MP-0/vitus/MP0_wrapper/hw/MP0_wrapper.xsa
TRACE::2026-01-31.15:34:31::SCWPlatform::DSA absoulate path X:/cpre488/Labs/MP-0/vitus/MP0_wrapper/hw/MP0_wrapper.xsa
TRACE::2026-01-31.15:34:31::SCWPlatform::DSA directory X:/cpre488/Labs/MP-0/vitus/MP0_wrapper/hw
TRACE::2026-01-31.15:34:31::SCWPlatform:: Platform Path X:/cpre488/Labs/MP-0/vitus/MP0_wrapper/hw/MP0_wrapper.xsa
TRACE::2026-01-31.15:34:31::SCWPlatform:: Unique name xilinx:zed::0.0
TRACE::2026-01-31.15:34:31::SCWPlatform::Trying to set the existing hwdb with name MP0_wrapper_5
TRACE::2026-01-31.15:34:31::SCWPlatform::Opened existing hwdb MP0_wrapper_5
TRACE::2026-01-31.15:34:31::SCWPlatform::Found the Hw Db part of the input DSA
TRACE::2026-01-31.15:34:31::SCWMssOS::Checking the sw design at  X:/cpre488/Labs/MP-0/vitus/MP0_wrapper/zynq_fsbl/zynq_fsbl_bsp/system.mss
TRACE::2026-01-31.15:34:31::SCWMssOS::DEBUG:  swdes dump  X:/cpre488/Labs/MP-0/vitus/MP0_wrapper/zynq_fsbl/zynq_fsbl_bsp/system.mss|system||

TRACE::2026-01-31.15:34:31::SCWMssOS::Sw design exists and opened at  X:/cpre488/Labs/MP-0/vitus/MP0_wrapper/zynq_fsbl/zynq_fsbl_bsp/system.mss
TRACE::2026-01-31.15:34:31::SCWMssOS:: library already available in sw design:  xilrsa:1.6
TRACE::2026-01-31.15:34:31::SCWMssOS::Saving the mss changes X:/cpre488/Labs/MP-0/vitus/MP0_wrapper/zynq_fsbl/zynq_fsbl_bsp/system.mss
TRACE::2026-01-31.15:34:31::SCWMssOS::Found a swdesign opened with the mssfile.
TRACE::2026-01-31.15:34:31::SCWMssOS::Completed writemss as part of save.
TRACE::2026-01-31.15:34:31::SCWMssOS::Commit changes completed.
TRACE::2026-01-31.15:34:31::SCWReader::Adding prebuilt librarypaths as   
TRACE::2026-01-31.15:34:31::SCWReader::Adding prebuilt incpaths  as   
TRACE::2026-01-31.15:34:31::SCWPlatform::Trying to open the hw design at X:/cpre488/Labs/MP-0/vitus/MP0_wrapper/hw/MP0_wrapper.xsa
TRACE::2026-01-31.15:34:31::SCWPlatform::DSA given X:/cpre488/Labs/MP-0/vitus/MP0_wrapper/hw/MP0_wrapper.xsa
TRACE::2026-01-31.15:34:31::SCWPlatform::DSA absoulate path X:/cpre488/Labs/MP-0/vitus/MP0_wrapper/hw/MP0_wrapper.xsa
TRACE::2026-01-31.15:34:31::SCWPlatform::DSA directory X:/cpre488/Labs/MP-0/vitus/MP0_wrapper/hw
TRACE::2026-01-31.15:34:31::SCWPlatform:: Platform Path X:/cpre488/Labs/MP-0/vitus/MP0_wrapper/hw/MP0_wrapper.xsa
TRACE::2026-01-31.15:34:31::SCWPlatform:: Unique name xilinx:zed::0.0
TRACE::2026-01-31.15:34:31::SCWPlatform::Trying to set the existing hwdb with name MP0_wrapper_5
TRACE::2026-01-31.15:34:31::SCWPlatform::Opened existing hwdb MP0_wrapper_5
TRACE::2026-01-31.15:34:31::SCWPlatform::Found the Hw Db part of the input DSA
TRACE::2026-01-31.15:34:31::SCWMssOS::Checking the sw design at  X:/cpre488/Labs/MP-0/vitus/MP0_wrapper/zynq_fsbl/zynq_fsbl_bsp/system.mss
TRACE::2026-01-31.15:34:31::SCWMssOS::DEBUG:  swdes dump  X:/cpre488/Labs/MP-0/vitus/MP0_wrapper/zynq_fsbl/zynq_fsbl_bsp/system.mss|system||

TRACE::2026-01-31.15:34:31::SCWMssOS::Sw design exists and opened at  X:/cpre488/Labs/MP-0/vitus/MP0_wrapper/zynq_fsbl/zynq_fsbl_bsp/system.mss
TRACE::2026-01-31.15:34:31::SCWReader::No isolation master present  
TRACE::2026-01-31.15:34:31::SCWDomain::checking for install qemu data   : 
TRACE::2026-01-31.15:34:31::SCWDomain:: Using the QEMU Data from install at  : C:/Xilinx/Vitis/2020.1/data/emulation/platforms/zynq/qemu/
TRACE::2026-01-31.15:34:31::SCWDomain:: Using the QEMU args  from install at  : C:/Xilinx/Vitis/2020.1/data/emulation/platforms/zynq/qemu/qemu_args.txt
TRACE::2026-01-31.15:34:31::SCWPlatform::Trying to open the hw design at X:/cpre488/Labs/MP-0/vitus/MP0_wrapper/hw/MP0_wrapper.xsa
TRACE::2026-01-31.15:34:31::SCWPlatform::DSA given X:/cpre488/Labs/MP-0/vitus/MP0_wrapper/hw/MP0_wrapper.xsa
TRACE::2026-01-31.15:34:31::SCWPlatform::DSA absoulate path X:/cpre488/Labs/MP-0/vitus/MP0_wrapper/hw/MP0_wrapper.xsa
TRACE::2026-01-31.15:34:31::SCWPlatform::DSA directory X:/cpre488/Labs/MP-0/vitus/MP0_wrapper/hw
TRACE::2026-01-31.15:34:31::SCWPlatform:: Platform Path X:/cpre488/Labs/MP-0/vitus/MP0_wrapper/hw/MP0_wrapper.xsa
TRACE::2026-01-31.15:34:31::SCWPlatform:: Unique name xilinx:zed::0.0
TRACE::2026-01-31.15:34:31::SCWPlatform::Trying to set the existing hwdb with name MP0_wrapper_5
TRACE::2026-01-31.15:34:31::SCWPlatform::Opened existing hwdb MP0_wrapper_5
TRACE::2026-01-31.15:34:31::SCWPlatform::Found the Hw Db part of the input DSA
TRACE::2026-01-31.15:34:31::SCWPlatform::Trying to open the hw design at X:/cpre488/Labs/MP-0/vitus/MP0_wrapper/hw/MP0_wrapper.xsa
TRACE::2026-01-31.15:34:31::SCWPlatform::DSA given X:/cpre488/Labs/MP-0/vitus/MP0_wrapper/hw/MP0_wrapper.xsa
TRACE::2026-01-31.15:34:31::SCWPlatform::DSA absoulate path X:/cpre488/Labs/MP-0/vitus/MP0_wrapper/hw/MP0_wrapper.xsa
TRACE::2026-01-31.15:34:31::SCWPlatform::DSA directory X:/cpre488/Labs/MP-0/vitus/MP0_wrapper/hw
TRACE::2026-01-31.15:34:31::SCWPlatform:: Platform Path X:/cpre488/Labs/MP-0/vitus/MP0_wrapper/hw/MP0_wrapper.xsa
TRACE::2026-01-31.15:34:31::SCWPlatform:: Unique name xilinx:zed::0.0
TRACE::2026-01-31.15:34:31::SCWPlatform::Trying to set the existing hwdb with name MP0_wrapper_5
TRACE::2026-01-31.15:34:31::SCWPlatform::Opened existing hwdb MP0_wrapper_5
TRACE::2026-01-31.15:34:31::SCWPlatform::Found the Hw Db part of the input DSA
TRACE::2026-01-31.15:34:31::SCWPlatform::Trying to open the hw design at X:/cpre488/Labs/MP-0/vitus/MP0_wrapper/hw/MP0_wrapper.xsa
TRACE::2026-01-31.15:34:31::SCWPlatform::DSA given X:/cpre488/Labs/MP-0/vitus/MP0_wrapper/hw/MP0_wrapper.xsa
TRACE::2026-01-31.15:34:31::SCWPlatform::DSA absoulate path X:/cpre488/Labs/MP-0/vitus/MP0_wrapper/hw/MP0_wrapper.xsa
TRACE::2026-01-31.15:34:31::SCWPlatform::DSA directory X:/cpre488/Labs/MP-0/vitus/MP0_wrapper/hw
TRACE::2026-01-31.15:34:31::SCWPlatform:: Platform Path X:/cpre488/Labs/MP-0/vitus/MP0_wrapper/hw/MP0_wrapper.xsa
TRACE::2026-01-31.15:34:31::SCWPlatform:: Unique name xilinx:zed::0.0
TRACE::2026-01-31.15:34:31::SCWPlatform::Trying to set the existing hwdb with name MP0_wrapper_5
TRACE::2026-01-31.15:34:31::SCWPlatform::Opened existing hwdb MP0_wrapper_5
TRACE::2026-01-31.15:34:31::SCWPlatform::Found the Hw Db part of the input DSA
TRACE::2026-01-31.15:34:31::SCWMssOS::Checking the sw design at  X:/cpre488/Labs/MP-0/vitus/MP0_wrapper/ps7_cortexa9_0/domain_ps7_cortexa9_0/bsp/system.mss
TRACE::2026-01-31.15:34:31::SCWMssOS::DEBUG:  swdes dump  X:/cpre488/Labs/MP-0/vitus/MP0_wrapper/zynq_fsbl/zynq_fsbl_bsp/system.mss|system||

TRACE::2026-01-31.15:34:31::SCWMssOS::No sw design opened at  X:/cpre488/Labs/MP-0/vitus/MP0_wrapper/ps7_cortexa9_0/domain_ps7_cortexa9_0/bsp/system.mss
TRACE::2026-01-31.15:34:31::SCWMssOS::mss exists loading the mss file  X:/cpre488/Labs/MP-0/vitus/MP0_wrapper/ps7_cortexa9_0/domain_ps7_cortexa9_0/bsp/system.mss
TRACE::2026-01-31.15:34:31::SCWMssOS::Opened the sw design from mss  X:/cpre488/Labs/MP-0/vitus/MP0_wrapper/ps7_cortexa9_0/domain_ps7_cortexa9_0/bsp/system.mss
TRACE::2026-01-31.15:34:31::SCWMssOS::Adding the swdes entry X:/cpre488/Labs/MP-0/vitus/MP0_wrapper/ps7_cortexa9_0/domain_ps7_cortexa9_0/bsp/system.mss with des name system_0
TRACE::2026-01-31.15:34:31::SCWMssOS::updating the scw layer about changes
TRACE::2026-01-31.15:34:31::SCWMssOS::Opened the sw design.  X:/cpre488/Labs/MP-0/vitus/MP0_wrapper/ps7_cortexa9_0/domain_ps7_cortexa9_0/bsp/system.mss
TRACE::2026-01-31.15:34:31::SCWMssOS::Saving the mss changes X:/cpre488/Labs/MP-0/vitus/MP0_wrapper/ps7_cortexa9_0/domain_ps7_cortexa9_0/bsp/system.mss
TRACE::2026-01-31.15:34:31::SCWMssOS::Found a swdesign opened with the mssfile.
TRACE::2026-01-31.15:34:31::SCWMssOS::Completed writemss as part of save.
TRACE::2026-01-31.15:34:31::SCWMssOS::Commit changes completed.
TRACE::2026-01-31.15:34:31::SCWReader::Adding prebuilt librarypaths as   
TRACE::2026-01-31.15:34:31::SCWReader::Adding prebuilt incpaths  as   
TRACE::2026-01-31.15:34:31::SCWPlatform::Trying to open the hw design at X:/cpre488/Labs/MP-0/vitus/MP0_wrapper/hw/MP0_wrapper.xsa
TRACE::2026-01-31.15:34:31::SCWPlatform::DSA given X:/cpre488/Labs/MP-0/vitus/MP0_wrapper/hw/MP0_wrapper.xsa
TRACE::2026-01-31.15:34:31::SCWPlatform::DSA absoulate path X:/cpre488/Labs/MP-0/vitus/MP0_wrapper/hw/MP0_wrapper.xsa
TRACE::2026-01-31.15:34:31::SCWPlatform::DSA directory X:/cpre488/Labs/MP-0/vitus/MP0_wrapper/hw
TRACE::2026-01-31.15:34:31::SCWPlatform:: Platform Path X:/cpre488/Labs/MP-0/vitus/MP0_wrapper/hw/MP0_wrapper.xsa
TRACE::2026-01-31.15:34:31::SCWPlatform:: Unique name xilinx:zed::0.0
TRACE::2026-01-31.15:34:31::SCWPlatform::Trying to set the existing hwdb with name MP0_wrapper_5
TRACE::2026-01-31.15:34:31::SCWPlatform::Opened existing hwdb MP0_wrapper_5
TRACE::2026-01-31.15:34:31::SCWPlatform::Found the Hw Db part of the input DSA
TRACE::2026-01-31.15:34:31::SCWMssOS::Checking the sw design at  X:/cpre488/Labs/MP-0/vitus/MP0_wrapper/ps7_cortexa9_0/domain_ps7_cortexa9_0/bsp/system.mss
TRACE::2026-01-31.15:34:31::SCWMssOS::DEBUG:  swdes dump  X:/cpre488/Labs/MP-0/vitus/MP0_wrapper/ps7_cortexa9_0/domain_ps7_cortexa9_0/bsp/system.mss|system_0||
X:/cpre488/Labs/MP-0/vitus/MP0_wrapper/zynq_fsbl/zynq_fsbl_bsp/system.mss|system||

TRACE::2026-01-31.15:34:31::SCWMssOS::Sw design exists and opened at  X:/cpre488/Labs/MP-0/vitus/MP0_wrapper/ps7_cortexa9_0/domain_ps7_cortexa9_0/bsp/system.mss
TRACE::2026-01-31.15:34:31::SCWReader::No isolation master present  
TRACE::2026-01-31.15:34:58::SCWPlatform::Trying to open the hw design at X:/cpre488/Labs/MP-0/vitus/MP0_wrapper/hw/MP0_wrapper.xsa
TRACE::2026-01-31.15:34:58::SCWPlatform::DSA given X:/cpre488/Labs/MP-0/vitus/MP0_wrapper/hw/MP0_wrapper.xsa
TRACE::2026-01-31.15:34:58::SCWPlatform::DSA absoulate path X:/cpre488/Labs/MP-0/vitus/MP0_wrapper/hw/MP0_wrapper.xsa
TRACE::2026-01-31.15:34:58::SCWPlatform::DSA directory X:/cpre488/Labs/MP-0/vitus/MP0_wrapper/hw
TRACE::2026-01-31.15:34:58::SCWPlatform:: Platform Path X:/cpre488/Labs/MP-0/vitus/MP0_wrapper/hw/MP0_wrapper.xsa
TRACE::2026-01-31.15:34:58::SCWPlatform:: Unique name xilinx:zed::0.0
TRACE::2026-01-31.15:34:58::SCWPlatform::Trying to set the existing hwdb with name MP0_wrapper_5
TRACE::2026-01-31.15:34:58::SCWPlatform::Opened existing hwdb MP0_wrapper_5
TRACE::2026-01-31.15:34:58::SCWPlatform::Found the Hw Db part of the input DSA
TRACE::2026-01-31.15:34:58::SCWPlatform::DSA given X:/cpre488/Labs/MP-0/vitus/MP0_wrapper/tempdsa/MP0_wrapper.xsa
TRACE::2026-01-31.15:34:58::SCWPlatform::DSA absoulate path X:/cpre488/Labs/MP-0/vitus/MP0_wrapper/tempdsa/MP0_wrapper.xsa
TRACE::2026-01-31.15:34:58::SCWPlatform:: Platform location is X:/cpre488/Labs/MP-0/vitus/MP0_wrapper/tempdsa
TRACE::2026-01-31.15:34:58::SCWPlatform:: Platform Path X:/cpre488/Labs/MP-0/vitus/MP0_wrapper/tempdsa/MP0_wrapper.xsa
TRACE::2026-01-31.15:34:58::SCWPlatform:: Unique name xilinx:zed::0.0
TRACE::2026-01-31.15:35:00::SCWPlatform::Found the Hw Db part of the input DSA
TRACE::2026-01-31.15:35:00::SCWMssOS::Doing hw sync for the mss in domain: zynq_fsbl
TRACE::2026-01-31.15:35:00::SCWPlatform::Trying to open the hw design at X:/cpre488/Labs/MP-0/vitus/MP0_wrapper/hw/MP0_wrapper.xsa
TRACE::2026-01-31.15:35:00::SCWPlatform::DSA given X:/cpre488/Labs/MP-0/vitus/MP0_wrapper/hw/MP0_wrapper.xsa
TRACE::2026-01-31.15:35:00::SCWPlatform::DSA absoulate path X:/cpre488/Labs/MP-0/vitus/MP0_wrapper/hw/MP0_wrapper.xsa
TRACE::2026-01-31.15:35:00::SCWPlatform::DSA directory X:/cpre488/Labs/MP-0/vitus/MP0_wrapper/hw
TRACE::2026-01-31.15:35:00::SCWPlatform:: Platform Path X:/cpre488/Labs/MP-0/vitus/MP0_wrapper/hw/MP0_wrapper.xsa
TRACE::2026-01-31.15:35:00::SCWPlatform:: Unique name xilinx:zed::0.0
TRACE::2026-01-31.15:35:00::SCWPlatform::Trying to set the existing hwdb with name MP0_wrapper_5
TRACE::2026-01-31.15:35:00::SCWPlatform::Opened existing hwdb MP0_wrapper_5
TRACE::2026-01-31.15:35:00::SCWPlatform::Found the Hw Db part of the input DSA
TRACE::2026-01-31.15:35:00::SCWPlatform::Trying to open the hw design at X:/cpre488/Labs/MP-0/vitus/MP0_wrapper/hw/MP0_wrapper.xsa
TRACE::2026-01-31.15:35:00::SCWPlatform::DSA given X:/cpre488/Labs/MP-0/vitus/MP0_wrapper/hw/MP0_wrapper.xsa
TRACE::2026-01-31.15:35:00::SCWPlatform::DSA absoulate path X:/cpre488/Labs/MP-0/vitus/MP0_wrapper/hw/MP0_wrapper.xsa
TRACE::2026-01-31.15:35:00::SCWPlatform::DSA directory X:/cpre488/Labs/MP-0/vitus/MP0_wrapper/hw
TRACE::2026-01-31.15:35:00::SCWPlatform:: Platform Path X:/cpre488/Labs/MP-0/vitus/MP0_wrapper/hw/MP0_wrapper.xsa
TRACE::2026-01-31.15:35:00::SCWPlatform:: Unique name xilinx:zed::0.0
TRACE::2026-01-31.15:35:00::SCWPlatform::Trying to set the existing hwdb with name MP0_wrapper_5
TRACE::2026-01-31.15:35:00::SCWPlatform::Opened existing hwdb MP0_wrapper_5
TRACE::2026-01-31.15:35:00::SCWPlatform::Found the Hw Db part of the input DSA
TRACE::2026-01-31.15:35:00::SCWMssOS::Checking the sw design at  X:/cpre488/Labs/MP-0/vitus/MP0_wrapper/zynq_fsbl/zynq_fsbl_bsp/system.mss
TRACE::2026-01-31.15:35:00::SCWMssOS::DEBUG:  swdes dump  X:/cpre488/Labs/MP-0/vitus/MP0_wrapper/ps7_cortexa9_0/domain_ps7_cortexa9_0/bsp/system.mss|system_0||
X:/cpre488/Labs/MP-0/vitus/MP0_wrapper/zynq_fsbl/zynq_fsbl_bsp/system.mss|system||

TRACE::2026-01-31.15:35:00::SCWMssOS::Sw design exists and opened at  X:/cpre488/Labs/MP-0/vitus/MP0_wrapper/zynq_fsbl/zynq_fsbl_bsp/system.mss
TRACE::2026-01-31.15:35:00::SCWPlatform::Trying to open the hw design at X:/cpre488/Labs/MP-0/vitus/MP0_wrapper/tempdsa/MP0_wrapper.xsa
TRACE::2026-01-31.15:35:00::SCWPlatform::DSA given X:/cpre488/Labs/MP-0/vitus/MP0_wrapper/tempdsa/MP0_wrapper.xsa
TRACE::2026-01-31.15:35:00::SCWPlatform::DSA absoulate path X:/cpre488/Labs/MP-0/vitus/MP0_wrapper/tempdsa/MP0_wrapper.xsa
TRACE::2026-01-31.15:35:00::SCWPlatform::DSA directory X:/cpre488/Labs/MP-0/vitus/MP0_wrapper/tempdsa
TRACE::2026-01-31.15:35:00::SCWPlatform:: Platform Path X:/cpre488/Labs/MP-0/vitus/MP0_wrapper/tempdsa/MP0_wrapper.xsa
TRACE::2026-01-31.15:35:00::SCWPlatform:: Unique name xilinx:zed::0.0
TRACE::2026-01-31.15:35:00::SCWPlatform::update - Opened existing hwdb MP0_wrapper_6
TRACE::2026-01-31.15:35:00::SCWPlatform::Found the Hw Db part of the input DSA
TRACE::2026-01-31.15:35:00::SCWMssOS::Doing hw sync for the mss in domain: domain_ps7_cortexa9_0
TRACE::2026-01-31.15:35:00::SCWPlatform::Trying to open the hw design at X:/cpre488/Labs/MP-0/vitus/MP0_wrapper/hw/MP0_wrapper.xsa
TRACE::2026-01-31.15:35:00::SCWPlatform::DSA given X:/cpre488/Labs/MP-0/vitus/MP0_wrapper/hw/MP0_wrapper.xsa
TRACE::2026-01-31.15:35:00::SCWPlatform::DSA absoulate path X:/cpre488/Labs/MP-0/vitus/MP0_wrapper/hw/MP0_wrapper.xsa
TRACE::2026-01-31.15:35:00::SCWPlatform::DSA directory X:/cpre488/Labs/MP-0/vitus/MP0_wrapper/hw
TRACE::2026-01-31.15:35:00::SCWPlatform:: Platform Path X:/cpre488/Labs/MP-0/vitus/MP0_wrapper/hw/MP0_wrapper.xsa
TRACE::2026-01-31.15:35:00::SCWPlatform:: Unique name xilinx:zed::0.0
TRACE::2026-01-31.15:35:00::SCWPlatform::Trying to set the existing hwdb with name MP0_wrapper_5
TRACE::2026-01-31.15:35:00::SCWPlatform::Opened existing hwdb MP0_wrapper_5
TRACE::2026-01-31.15:35:00::SCWPlatform::Found the Hw Db part of the input DSA
TRACE::2026-01-31.15:35:00::SCWPlatform::Trying to open the hw design at X:/cpre488/Labs/MP-0/vitus/MP0_wrapper/hw/MP0_wrapper.xsa
TRACE::2026-01-31.15:35:00::SCWPlatform::DSA given X:/cpre488/Labs/MP-0/vitus/MP0_wrapper/hw/MP0_wrapper.xsa
TRACE::2026-01-31.15:35:00::SCWPlatform::DSA absoulate path X:/cpre488/Labs/MP-0/vitus/MP0_wrapper/hw/MP0_wrapper.xsa
TRACE::2026-01-31.15:35:00::SCWPlatform::DSA directory X:/cpre488/Labs/MP-0/vitus/MP0_wrapper/hw
TRACE::2026-01-31.15:35:00::SCWPlatform:: Platform Path X:/cpre488/Labs/MP-0/vitus/MP0_wrapper/hw/MP0_wrapper.xsa
TRACE::2026-01-31.15:35:00::SCWPlatform:: Unique name xilinx:zed::0.0
TRACE::2026-01-31.15:35:00::SCWPlatform::Trying to set the existing hwdb with name MP0_wrapper_5
TRACE::2026-01-31.15:35:00::SCWPlatform::Opened existing hwdb MP0_wrapper_5
TRACE::2026-01-31.15:35:00::SCWPlatform::Found the Hw Db part of the input DSA
TRACE::2026-01-31.15:35:00::SCWMssOS::Checking the sw design at  X:/cpre488/Labs/MP-0/vitus/MP0_wrapper/ps7_cortexa9_0/domain_ps7_cortexa9_0/bsp/system.mss
TRACE::2026-01-31.15:35:00::SCWMssOS::DEBUG:  swdes dump  X:/cpre488/Labs/MP-0/vitus/MP0_wrapper/ps7_cortexa9_0/domain_ps7_cortexa9_0/bsp/system.mss|system_0||
X:/cpre488/Labs/MP-0/vitus/MP0_wrapper/zynq_fsbl/zynq_fsbl_bsp/system.mss|system||

TRACE::2026-01-31.15:35:00::SCWMssOS::Sw design exists and opened at  X:/cpre488/Labs/MP-0/vitus/MP0_wrapper/ps7_cortexa9_0/domain_ps7_cortexa9_0/bsp/system.mss
TRACE::2026-01-31.15:35:00::SCWPlatform::Trying to open the hw design at X:/cpre488/Labs/MP-0/vitus/MP0_wrapper/tempdsa/MP0_wrapper.xsa
TRACE::2026-01-31.15:35:00::SCWPlatform::DSA given X:/cpre488/Labs/MP-0/vitus/MP0_wrapper/tempdsa/MP0_wrapper.xsa
TRACE::2026-01-31.15:35:00::SCWPlatform::DSA absoulate path X:/cpre488/Labs/MP-0/vitus/MP0_wrapper/tempdsa/MP0_wrapper.xsa
TRACE::2026-01-31.15:35:00::SCWPlatform::DSA directory X:/cpre488/Labs/MP-0/vitus/MP0_wrapper/tempdsa
TRACE::2026-01-31.15:35:00::SCWPlatform:: Platform Path X:/cpre488/Labs/MP-0/vitus/MP0_wrapper/tempdsa/MP0_wrapper.xsa
TRACE::2026-01-31.15:35:00::SCWPlatform:: Unique name xilinx:zed::0.0
TRACE::2026-01-31.15:35:00::SCWPlatform::update - Opened existing hwdb MP0_wrapper_6
TRACE::2026-01-31.15:35:00::SCWPlatform::Found the Hw Db part of the input DSA
TRACE::2026-01-31.15:35:00::SCWMssOS::Saving the mss changes X:/cpre488/Labs/MP-0/vitus/MP0_wrapper/zynq_fsbl/zynq_fsbl_bsp/system.mss
TRACE::2026-01-31.15:35:00::SCWMssOS::Found a swdesign opened with the mssfile.
TRACE::2026-01-31.15:35:00::SCWMssOS::Completed writemss as part of save.
TRACE::2026-01-31.15:35:00::SCWMssOS::Commit changes completed.
TRACE::2026-01-31.15:35:00::SCWMssOS::Completed hw sync for the mss in domain: zynq_fsbl
TRACE::2026-01-31.15:35:00::SCWMssOS::Removing the swdes entry for  X:/cpre488/Labs/MP-0/vitus/MP0_wrapper/zynq_fsbl/zynq_fsbl_bsp/system.mss
TRACE::2026-01-31.15:35:00::SCWMssOS::Saving the mss changes X:/cpre488/Labs/MP-0/vitus/MP0_wrapper/ps7_cortexa9_0/domain_ps7_cortexa9_0/bsp/system.mss
TRACE::2026-01-31.15:35:00::SCWMssOS::Found a swdesign opened with the mssfile.
TRACE::2026-01-31.15:35:00::SCWMssOS::Completed writemss as part of save.
TRACE::2026-01-31.15:35:00::SCWMssOS::Commit changes completed.
TRACE::2026-01-31.15:35:00::SCWMssOS::Completed hw sync for the mss in domain: domain_ps7_cortexa9_0
TRACE::2026-01-31.15:35:00::SCWMssOS::Removing the swdes entry for  X:/cpre488/Labs/MP-0/vitus/MP0_wrapper/ps7_cortexa9_0/domain_ps7_cortexa9_0/bsp/system.mss
TRACE::2026-01-31.15:35:00::SCWPlatform::Trying to open the hw design at X:/cpre488/Labs/MP-0/vitus/MP0_wrapper/hw/MP0_wrapper.xsa
TRACE::2026-01-31.15:35:00::SCWPlatform::DSA given X:/cpre488/Labs/MP-0/vitus/MP0_wrapper/hw/MP0_wrapper.xsa
TRACE::2026-01-31.15:35:00::SCWPlatform::DSA absoulate path X:/cpre488/Labs/MP-0/vitus/MP0_wrapper/hw/MP0_wrapper.xsa
TRACE::2026-01-31.15:35:00::SCWPlatform::DSA directory X:/cpre488/Labs/MP-0/vitus/MP0_wrapper/hw
TRACE::2026-01-31.15:35:00::SCWPlatform:: Platform Path X:/cpre488/Labs/MP-0/vitus/MP0_wrapper/hw/MP0_wrapper.xsa
TRACE::2026-01-31.15:35:00::SCWPlatform:: Unique name xilinx:zed::0.0
TRACE::2026-01-31.15:35:00::SCWPlatform::Do not have an existing db opened. 
TRACE::2026-01-31.15:35:02::SCWPlatform::Opened new HwDB with name MP0_wrapper_7
TRACE::2026-01-31.15:35:02::SCWPlatform::Trying to open the hw design at X:/cpre488/Labs/MP-0/vitus/MP0_wrapper/hw/MP0_wrapper.xsa
TRACE::2026-01-31.15:35:02::SCWPlatform::DSA given X:/cpre488/Labs/MP-0/vitus/MP0_wrapper/hw/MP0_wrapper.xsa
TRACE::2026-01-31.15:35:02::SCWPlatform::DSA absoulate path X:/cpre488/Labs/MP-0/vitus/MP0_wrapper/hw/MP0_wrapper.xsa
TRACE::2026-01-31.15:35:02::SCWPlatform::DSA directory X:/cpre488/Labs/MP-0/vitus/MP0_wrapper/hw
TRACE::2026-01-31.15:35:02::SCWPlatform:: Platform Path X:/cpre488/Labs/MP-0/vitus/MP0_wrapper/hw/MP0_wrapper.xsa
TRACE::2026-01-31.15:35:02::SCWPlatform:: Unique name xilinx:zed::0.0
TRACE::2026-01-31.15:35:02::SCWPlatform::Trying to set the existing hwdb with name MP0_wrapper_7
TRACE::2026-01-31.15:35:02::SCWPlatform::Opened existing hwdb MP0_wrapper_7
TRACE::2026-01-31.15:35:02::SCWPlatform::Found the Hw Db part of the input DSA
TRACE::2026-01-31.15:35:02::SCWMssOS::Checking the sw design at  X:/cpre488/Labs/MP-0/vitus/MP0_wrapper/zynq_fsbl/zynq_fsbl_bsp/system.mss
TRACE::2026-01-31.15:35:02::SCWMssOS::DEBUG:  swdes dump  
TRACE::2026-01-31.15:35:02::SCWMssOS::No sw design opened at  X:/cpre488/Labs/MP-0/vitus/MP0_wrapper/zynq_fsbl/zynq_fsbl_bsp/system.mss
TRACE::2026-01-31.15:35:02::SCWMssOS::mss exists loading the mss file  X:/cpre488/Labs/MP-0/vitus/MP0_wrapper/zynq_fsbl/zynq_fsbl_bsp/system.mss
TRACE::2026-01-31.15:35:02::SCWMssOS::Opened the sw design from mss  X:/cpre488/Labs/MP-0/vitus/MP0_wrapper/zynq_fsbl/zynq_fsbl_bsp/system.mss
TRACE::2026-01-31.15:35:02::SCWMssOS::Adding the swdes entry X:/cpre488/Labs/MP-0/vitus/MP0_wrapper/zynq_fsbl/zynq_fsbl_bsp/system.mss with des name system
TRACE::2026-01-31.15:35:02::SCWMssOS::updating the scw layer about changes
TRACE::2026-01-31.15:35:02::SCWMssOS::Opened the sw design.  X:/cpre488/Labs/MP-0/vitus/MP0_wrapper/zynq_fsbl/zynq_fsbl_bsp/system.mss
TRACE::2026-01-31.15:35:02::SCWMssOS::Saving the mss changes X:/cpre488/Labs/MP-0/vitus/MP0_wrapper/zynq_fsbl/zynq_fsbl_bsp/system.mss
TRACE::2026-01-31.15:35:02::SCWMssOS::Found a swdesign opened with the mssfile.
TRACE::2026-01-31.15:35:02::SCWMssOS::Completed writemss as part of save.
TRACE::2026-01-31.15:35:02::SCWMssOS::Commit changes completed.
TRACE::2026-01-31.15:35:02::SCWMssOS::Saving the mss changes X:/cpre488/Labs/MP-0/vitus/MP0_wrapper/ps7_cortexa9_0/domain_ps7_cortexa9_0/bsp/system.mss
TRACE::2026-01-31.15:35:02::SCWMssOS::Adding the swdes entry, mss present, able to open swdb X:/cpre488/Labs/MP-0/vitus/MP0_wrapper/ps7_cortexa9_0/domain_ps7_cortexa9_0/bsp/system.mss with des name system_0
TRACE::2026-01-31.15:35:02::SCWMssOS::Writing the mss file completed X:/cpre488/Labs/MP-0/vitus/MP0_wrapper/ps7_cortexa9_0/domain_ps7_cortexa9_0/bsp/system.mss
TRACE::2026-01-31.15:35:02::SCWMssOS::Commit changes completed.
TRACE::2026-01-31.15:35:02::SCWPlatform::Trying to open the hw design at X:/cpre488/Labs/MP-0/vitus/MP0_wrapper/hw/MP0_wrapper.xsa
TRACE::2026-01-31.15:35:02::SCWPlatform::DSA given X:/cpre488/Labs/MP-0/vitus/MP0_wrapper/hw/MP0_wrapper.xsa
TRACE::2026-01-31.15:35:02::SCWPlatform::DSA absoulate path X:/cpre488/Labs/MP-0/vitus/MP0_wrapper/hw/MP0_wrapper.xsa
TRACE::2026-01-31.15:35:02::SCWPlatform::DSA directory X:/cpre488/Labs/MP-0/vitus/MP0_wrapper/hw
TRACE::2026-01-31.15:35:02::SCWPlatform:: Platform Path X:/cpre488/Labs/MP-0/vitus/MP0_wrapper/hw/MP0_wrapper.xsa
TRACE::2026-01-31.15:35:02::SCWPlatform:: Unique name xilinx:zed::0.0
TRACE::2026-01-31.15:35:02::SCWPlatform::Trying to set the existing hwdb with name MP0_wrapper_7
TRACE::2026-01-31.15:35:02::SCWPlatform::Opened existing hwdb MP0_wrapper_7
TRACE::2026-01-31.15:35:02::SCWPlatform::Found the Hw Db part of the input DSA
TRACE::2026-01-31.15:35:02::SCWMssOS::Checking the sw design at  X:/cpre488/Labs/MP-0/vitus/MP0_wrapper/zynq_fsbl/zynq_fsbl_bsp/system.mss
TRACE::2026-01-31.15:35:02::SCWMssOS::DEBUG:  swdes dump  X:/cpre488/Labs/MP-0/vitus/MP0_wrapper/ps7_cortexa9_0/domain_ps7_cortexa9_0/bsp/system.mss|system_0||
X:/cpre488/Labs/MP-0/vitus/MP0_wrapper/zynq_fsbl/zynq_fsbl_bsp/system.mss|system||

TRACE::2026-01-31.15:35:02::SCWMssOS::Sw design exists and opened at  X:/cpre488/Labs/MP-0/vitus/MP0_wrapper/zynq_fsbl/zynq_fsbl_bsp/system.mss
TRACE::2026-01-31.15:35:02::SCWPlatform::Trying to open the hw design at X:/cpre488/Labs/MP-0/vitus/MP0_wrapper/hw/MP0_wrapper.xsa
TRACE::2026-01-31.15:35:02::SCWPlatform::DSA given X:/cpre488/Labs/MP-0/vitus/MP0_wrapper/hw/MP0_wrapper.xsa
TRACE::2026-01-31.15:35:02::SCWPlatform::DSA absoulate path X:/cpre488/Labs/MP-0/vitus/MP0_wrapper/hw/MP0_wrapper.xsa
TRACE::2026-01-31.15:35:02::SCWPlatform::DSA directory X:/cpre488/Labs/MP-0/vitus/MP0_wrapper/hw
TRACE::2026-01-31.15:35:02::SCWPlatform:: Platform Path X:/cpre488/Labs/MP-0/vitus/MP0_wrapper/hw/MP0_wrapper.xsa
TRACE::2026-01-31.15:35:02::SCWPlatform:: Unique name xilinx:zed::0.0
TRACE::2026-01-31.15:35:02::SCWPlatform::Trying to set the existing hwdb with name MP0_wrapper_7
TRACE::2026-01-31.15:35:02::SCWPlatform::Opened existing hwdb MP0_wrapper_7
TRACE::2026-01-31.15:35:02::SCWPlatform::Found the Hw Db part of the input DSA
TRACE::2026-01-31.15:35:02::SCWMssOS::Checking the sw design at  X:/cpre488/Labs/MP-0/vitus/MP0_wrapper/ps7_cortexa9_0/domain_ps7_cortexa9_0/bsp/system.mss
TRACE::2026-01-31.15:35:02::SCWMssOS::DEBUG:  swdes dump  X:/cpre488/Labs/MP-0/vitus/MP0_wrapper/ps7_cortexa9_0/domain_ps7_cortexa9_0/bsp/system.mss|system_0||
X:/cpre488/Labs/MP-0/vitus/MP0_wrapper/zynq_fsbl/zynq_fsbl_bsp/system.mss|system||

TRACE::2026-01-31.15:35:02::SCWMssOS::Sw design exists and opened at  X:/cpre488/Labs/MP-0/vitus/MP0_wrapper/ps7_cortexa9_0/domain_ps7_cortexa9_0/bsp/system.mss
TRACE::2026-01-31.15:35:02::SCWWriter::formatted JSON is {
	"platformName":	"MP0_wrapper",
	"sprVersion":	"2.0",
	"mode":	"gui",
	"dsaType":	"Fixed",
	"platformDesc":	"MP0_wrapper",
	"platHandOff":	"X:/cpre488/Labs/MP-0/MP-0/MP0_wrapper.xsa",
	"platIntHandOff":	"<platformDir>/hw/MP0_wrapper.xsa",
	"deviceType":	"zynq",
	"platIsPrebuiltAutogen":	"false",
	"platIsNoBootBsp":	"false",
	"hasFsblMakeHasChanges":	"false",
	"hasPmufwMakeHasChanges":	"false",
	"fsblExtraCompilerFlags":	"-MMD -MP       -mcpu=cortex-a9 -mfpu=vfpv3 -mfloat-abi=hard ",
	"platPreBuiltFlag":	false,
	"platformSamplesDir":	"",
	"platActiveSys":	"MP0_wrapper",
	"systems":	[{
			"systemName":	"MP0_wrapper",
			"systemDesc":	"MP0_wrapper",
			"sysIsBootAutoGen":	"true",
			"systemDispName":	"MP0_wrapper",
			"sysActiveDom":	"domain_ps7_cortexa9_0",
			"sysDefaultDom":	"domain_ps7_cortexa9_0",
			"domains":	[{
					"domainName":	"zynq_fsbl",
					"domainDispName":	"zynq_fsbl",
					"domainDesc":	"FSBL Application BSP - Auto Generated.",
					"processors":	"ps7_cortexa9_0",
					"os":	"standalone",
					"sdxOs":	"standalone",
					"debugEnable":	"",
					"domRuntimes":	["cpp"],
					"swRepo":	"",
					"mssOsVer":	"7.2",
					"mssFile":	"",
					"md5Digest":	"d070912764dbc9091b0675940dbd0d2a",
					"compatibleApp":	"zynq_fsbl",
					"domType":	"bootDomain",
					"arch":	"32-bit",
					"appSettings":	{
						"appCompilerFlags":	"",
						"appLinkerFlags":	""
					},
					"addedLibs":	["xilffs:4.3", "xilrsa:1.6"],
					"libOptions":	{
						"libsContainingOptions":	[]
					},
					"prebuiltLibs":	{
						"prebuiltIncPath":	[],
						"prebuiltLibPath":	[]
					},
					"isolation":	{
					}
				}, {
					"domainName":	"domain_ps7_cortexa9_0",
					"domainDispName":	"domain_ps7_cortexa9_0",
					"domainDesc":	"domain_ps7_cortexa9_0",
					"processors":	"ps7_cortexa9_0",
					"os":	"standalone",
					"sdxOs":	"standalone",
					"qemuArgs":	"C:/Xilinx/Vitis/2020.1/data/emulation/platforms/zynq/qemu/qemu_args.txt",
					"qemuData":	"C:/Xilinx/Vitis/2020.1/data/emulation/platforms/zynq/qemu/",
					"debugEnable":	"False",
					"domRuntimes":	["cpp"],
					"swRepo":	"",
					"mssOsVer":	"7.2",
					"mssFile":	"",
					"md5Digest":	"5ae316de3f4391f8eb31fb72c822226d",
					"compatibleApp":	"",
					"domType":	"mssDomain",
					"arch":	"32-bit",
					"appSettings":	{
						"appCompilerFlags":	"",
						"appLinkerFlags":	""
					},
					"addedLibs":	[],
					"libOptions":	{
						"libsContainingOptions":	[]
					},
					"prebuiltLibs":	{
						"prebuiltIncPath":	[],
						"prebuiltLibPath":	[]
					},
					"isolation":	{
					}
				}]
		}]
}
LOG::2026-01-31.15:35:09::SCWPlatform::Started generating the artifacts platform MP0_wrapper
TRACE::2026-01-31.15:35:09::SCWPlatform::Sanity checking of platform is completed
LOG::2026-01-31.15:35:09::SCWPlatform::Started generating the artifacts for system configuration MP0_wrapper
LOG::2026-01-31.15:35:09::SCWSystem::Checking the domain zynq_fsbl
LOG::2026-01-31.15:35:09::SCWSystem::Doing application build for :  zynq_fsbl
TRACE::2026-01-31.15:35:09::SCWBDomain::Not a forced makefile updation, No changes are present. 
TRACE::2026-01-31.15:35:09::SCWDomain::Skipping the build for domain :  zynq_fsbl
LOG::2026-01-31.15:35:09::SCWSystem::Checking the domain domain_ps7_cortexa9_0
LOG::2026-01-31.15:35:09::SCWSystem::Not a boot domain 
LOG::2026-01-31.15:35:09::SCWSystem::Started Processing the domain domain_ps7_cortexa9_0
TRACE::2026-01-31.15:35:09::SCWDomain::Generating domain artifcats
TRACE::2026-01-31.15:35:09::SCWMssOS::Generating standalone artifcats
TRACE::2026-01-31.15:35:09::SCWMssOS::Copying the qemu file from  C:/Xilinx/Vitis/2020.1/data/emulation/platforms/zynq/qemu/qemu_args.txt To X:/cpre488/Labs/MP-0/vitus/MP0_wrapper/export/MP0_wrapper/sw/MP0_wrapper/qemu/
TRACE::2026-01-31.15:35:09::SCWMssOS::Copying the qemu file from  C:/Xilinx/Vitis/2020.1/data/emulation/platforms/zynq/qemu/qemu_args.txt To X:/cpre488/Labs/MP-0/vitus/MP0_wrapper/export/MP0_wrapper/sw/MP0_wrapper/domain_ps7_cortexa9_0/qemu/
TRACE::2026-01-31.15:35:09::SCWMssOS:: Copying the user libraries. 
TRACE::2026-01-31.15:35:09::SCWPlatform::Trying to open the hw design at X:/cpre488/Labs/MP-0/vitus/MP0_wrapper/hw/MP0_wrapper.xsa
TRACE::2026-01-31.15:35:09::SCWPlatform::DSA given X:/cpre488/Labs/MP-0/vitus/MP0_wrapper/hw/MP0_wrapper.xsa
TRACE::2026-01-31.15:35:09::SCWPlatform::DSA absoulate path X:/cpre488/Labs/MP-0/vitus/MP0_wrapper/hw/MP0_wrapper.xsa
TRACE::2026-01-31.15:35:09::SCWPlatform::DSA directory X:/cpre488/Labs/MP-0/vitus/MP0_wrapper/hw
TRACE::2026-01-31.15:35:09::SCWPlatform:: Platform Path X:/cpre488/Labs/MP-0/vitus/MP0_wrapper/hw/MP0_wrapper.xsa
TRACE::2026-01-31.15:35:09::SCWPlatform:: Unique name xilinx:zed::0.0
TRACE::2026-01-31.15:35:09::SCWPlatform::Trying to set the existing hwdb with name MP0_wrapper_7
TRACE::2026-01-31.15:35:09::SCWPlatform::Opened existing hwdb MP0_wrapper_7
TRACE::2026-01-31.15:35:09::SCWPlatform::Found the Hw Db part of the input DSA
TRACE::2026-01-31.15:35:09::SCWMssOS::Checking the sw design at  X:/cpre488/Labs/MP-0/vitus/MP0_wrapper/ps7_cortexa9_0/domain_ps7_cortexa9_0/bsp/system.mss
TRACE::2026-01-31.15:35:09::SCWMssOS::DEBUG:  swdes dump  X:/cpre488/Labs/MP-0/vitus/MP0_wrapper/ps7_cortexa9_0/domain_ps7_cortexa9_0/bsp/system.mss|system_0||
X:/cpre488/Labs/MP-0/vitus/MP0_wrapper/zynq_fsbl/zynq_fsbl_bsp/system.mss|system||

TRACE::2026-01-31.15:35:09::SCWMssOS::Sw design exists and opened at  X:/cpre488/Labs/MP-0/vitus/MP0_wrapper/ps7_cortexa9_0/domain_ps7_cortexa9_0/bsp/system.mss
TRACE::2026-01-31.15:35:09::SCWMssOS::Completed writing the mss file at X:/cpre488/Labs/MP-0/vitus/MP0_wrapper/ps7_cortexa9_0/domain_ps7_cortexa9_0/bsp
TRACE::2026-01-31.15:35:09::SCWMssOS::Mss edits present, copying mssfile into export location X:/cpre488/Labs/MP-0/vitus/MP0_wrapper/ps7_cortexa9_0/domain_ps7_cortexa9_0/bsp/system.mss
TRACE::2026-01-31.15:35:10::SCWMssOS::bsp generated is stale removing and regenerating. 
TRACE::2026-01-31.15:35:14::SCWMssOS::doing bsp build ... 
TRACE::2026-01-31.15:35:14::SCWMssOS::System Command Ran  X: & cd  X:/cpre488/Labs/MP-0/vitus/MP0_wrapper/ps7_cortexa9_0/domain_ps7_cortexa9_0/bsp & make 
TRACE::2026-01-31.15:35:15::SCWMssOS::"Running Make include in ps7_cortexa9_0/libsrc/axivdma_v6_7/src"

TRACE::2026-01-31.15:35:15::SCWMssOS::make -C ps7_cortexa9_0/libsrc/axivdma_v6_7/src -s include  "SHELL=CMD" "COMPILER=arm-none-eabi-gcc" "ASSEMBLER=arm-none-eabi-as
TRACE::2026-01-31.15:35:15::SCWMssOS::" "ARCHIVER=arm-none-eabi-ar" "COMPILER_FLAGS=  -O2 -c" "EXTRA_COMPILER_FLAGS=-mcpu=cortex-a9 -mfpu=vfpv3 -mfloat-abi=hard -nos
TRACE::2026-01-31.15:35:15::SCWMssOS::tartfiles -g -Wall -Wextra"

TRACE::2026-01-31.15:35:15::SCWMssOS::"Running Make include in ps7_cortexa9_0/libsrc/coresightps_dcc_v1_7/src"

TRACE::2026-01-31.15:35:15::SCWMssOS::make -C ps7_cortexa9_0/libsrc/coresightps_dcc_v1_7/src -s include  "SHELL=CMD" "COMPILER=arm-none-eabi-gcc" "ASSEMBLER=arm-none
TRACE::2026-01-31.15:35:15::SCWMssOS::-eabi-as" "ARCHIVER=arm-none-eabi-ar" "COMPILER_FLAGS=  -O2 -c" "EXTRA_COMPILER_FLAGS=-mcpu=cortex-a9 -mfpu=vfpv3 -mfloat-abi=h
TRACE::2026-01-31.15:35:15::SCWMssOS::ard -nostartfiles -g -Wall -Wextra"

TRACE::2026-01-31.15:35:15::SCWMssOS::"Running Make include in ps7_cortexa9_0/libsrc/cpu_cortexa9_v2_9/src"

TRACE::2026-01-31.15:35:15::SCWMssOS::make -C ps7_cortexa9_0/libsrc/cpu_cortexa9_v2_9/src -s include  "SHELL=CMD" "COMPILER=arm-none-eabi-gcc" "ASSEMBLER=arm-none-ea
TRACE::2026-01-31.15:35:15::SCWMssOS::bi-as" "ARCHIVER=arm-none-eabi-ar" "COMPILER_FLAGS=  -O2 -c" "EXTRA_COMPILER_FLAGS=-mcpu=cortex-a9 -mfpu=vfpv3 -mfloat-abi=hard
TRACE::2026-01-31.15:35:15::SCWMssOS:: -nostartfiles -g -Wall -Wextra"

TRACE::2026-01-31.15:35:15::SCWMssOS::"Running Make include in ps7_cortexa9_0/libsrc/ddrps_v1_1/src"

TRACE::2026-01-31.15:35:15::SCWMssOS::make -C ps7_cortexa9_0/libsrc/ddrps_v1_1/src -s include  "SHELL=CMD" "COMPILER=arm-none-eabi-gcc" "ASSEMBLER=arm-none-eabi-as" 
TRACE::2026-01-31.15:35:15::SCWMssOS::"ARCHIVER=arm-none-eabi-ar" "COMPILER_FLAGS=  -O2 -c" "EXTRA_COMPILER_FLAGS=-mcpu=cortex-a9 -mfpu=vfpv3 -mfloat-abi=hard -nosta
TRACE::2026-01-31.15:35:15::SCWMssOS::rtfiles -g -Wall -Wextra"

TRACE::2026-01-31.15:35:15::SCWMssOS::"Running Make include in ps7_cortexa9_0/libsrc/devcfg_v3_6/src"

TRACE::2026-01-31.15:35:15::SCWMssOS::make -C ps7_cortexa9_0/libsrc/devcfg_v3_6/src -s include  "SHELL=CMD" "COMPILER=arm-none-eabi-gcc" "ASSEMBLER=arm-none-eabi-as"
TRACE::2026-01-31.15:35:15::SCWMssOS:: "ARCHIVER=arm-none-eabi-ar" "COMPILER_FLAGS=  -O2 -c" "EXTRA_COMPILER_FLAGS=-mcpu=cortex-a9 -mfpu=vfpv3 -mfloat-abi=hard -nost
TRACE::2026-01-31.15:35:15::SCWMssOS::artfiles -g -Wall -Wextra"

TRACE::2026-01-31.15:35:15::SCWMssOS::"Running Make include in ps7_cortexa9_0/libsrc/dmaps_v2_6/src"

TRACE::2026-01-31.15:35:15::SCWMssOS::make -C ps7_cortexa9_0/libsrc/dmaps_v2_6/src -s include  "SHELL=CMD" "COMPILER=arm-none-eabi-gcc" "ASSEMBLER=arm-none-eabi-as" 
TRACE::2026-01-31.15:35:15::SCWMssOS::"ARCHIVER=arm-none-eabi-ar" "COMPILER_FLAGS=  -O2 -c" "EXTRA_COMPILER_FLAGS=-mcpu=cortex-a9 -mfpu=vfpv3 -mfloat-abi=hard -nosta
TRACE::2026-01-31.15:35:15::SCWMssOS::rtfiles -g -Wall -Wextra"

TRACE::2026-01-31.15:35:15::SCWMssOS::"Running Make include in ps7_cortexa9_0/libsrc/emacps_v3_11/src"

TRACE::2026-01-31.15:35:15::SCWMssOS::make -C ps7_cortexa9_0/libsrc/emacps_v3_11/src -s include  "SHELL=CMD" "COMPILER=arm-none-eabi-gcc" "ASSEMBLER=arm-none-eabi-as
TRACE::2026-01-31.15:35:15::SCWMssOS::" "ARCHIVER=arm-none-eabi-ar" "COMPILER_FLAGS=  -O2 -c" "EXTRA_COMPILER_FLAGS=-mcpu=cortex-a9 -mfpu=vfpv3 -mfloat-abi=hard -nos
TRACE::2026-01-31.15:35:15::SCWMssOS::tartfiles -g -Wall -Wextra"

TRACE::2026-01-31.15:35:15::SCWMssOS::"Running Make include in ps7_cortexa9_0/libsrc/gpiops_v3_7/src"

TRACE::2026-01-31.15:35:15::SCWMssOS::make -C ps7_cortexa9_0/libsrc/gpiops_v3_7/src -s include  "SHELL=CMD" "COMPILER=arm-none-eabi-gcc" "ASSEMBLER=arm-none-eabi-as"
TRACE::2026-01-31.15:35:15::SCWMssOS:: "ARCHIVER=arm-none-eabi-ar" "COMPILER_FLAGS=  -O2 -c" "EXTRA_COMPILER_FLAGS=-mcpu=cortex-a9 -mfpu=vfpv3 -mfloat-abi=hard -nost
TRACE::2026-01-31.15:35:15::SCWMssOS::artfiles -g -Wall -Wextra"

TRACE::2026-01-31.15:35:16::SCWMssOS::"Running Make include in ps7_cortexa9_0/libsrc/gpio_v4_6/src"

TRACE::2026-01-31.15:35:16::SCWMssOS::make -C ps7_cortexa9_0/libsrc/gpio_v4_6/src -s include  "SHELL=CMD" "COMPILER=arm-none-eabi-gcc" "ASSEMBLER=arm-none-eabi-as" "
TRACE::2026-01-31.15:35:16::SCWMssOS::ARCHIVER=arm-none-eabi-ar" "COMPILER_FLAGS=  -O2 -c" "EXTRA_COMPILER_FLAGS=-mcpu=cortex-a9 -mfpu=vfpv3 -mfloat-abi=hard -nostar
TRACE::2026-01-31.15:35:16::SCWMssOS::tfiles -g -Wall -Wextra"

TRACE::2026-01-31.15:35:16::SCWMssOS::"Running Make include in ps7_cortexa9_0/libsrc/qspips_v3_7/src"

TRACE::2026-01-31.15:35:16::SCWMssOS::make -C ps7_cortexa9_0/libsrc/qspips_v3_7/src -s include  "SHELL=CMD" "COMPILER=arm-none-eabi-gcc" "ASSEMBLER=arm-none-eabi-as"
TRACE::2026-01-31.15:35:16::SCWMssOS:: "ARCHIVER=arm-none-eabi-ar" "COMPILER_FLAGS=  -O2 -c" "EXTRA_COMPILER_FLAGS=-mcpu=cortex-a9 -mfpu=vfpv3 -mfloat-abi=hard -nost
TRACE::2026-01-31.15:35:16::SCWMssOS::artfiles -g -Wall -Wextra"

TRACE::2026-01-31.15:35:16::SCWMssOS::"Running Make include in ps7_cortexa9_0/libsrc/scugic_v4_2/src"

TRACE::2026-01-31.15:35:16::SCWMssOS::make -C ps7_cortexa9_0/libsrc/scugic_v4_2/src -s include  "SHELL=CMD" "COMPILER=arm-none-eabi-gcc" "ASSEMBLER=arm-none-eabi-as"
TRACE::2026-01-31.15:35:16::SCWMssOS:: "ARCHIVER=arm-none-eabi-ar" "COMPILER_FLAGS=  -O2 -c" "EXTRA_COMPILER_FLAGS=-mcpu=cortex-a9 -mfpu=vfpv3 -mfloat-abi=hard -nost
TRACE::2026-01-31.15:35:16::SCWMssOS::artfiles -g -Wall -Wextra"

TRACE::2026-01-31.15:35:16::SCWMssOS::"Running Make include in ps7_cortexa9_0/libsrc/scutimer_v2_2/src"

TRACE::2026-01-31.15:35:16::SCWMssOS::make -C ps7_cortexa9_0/libsrc/scutimer_v2_2/src -s include  "SHELL=CMD" "COMPILER=arm-none-eabi-gcc" "ASSEMBLER=arm-none-eabi-a
TRACE::2026-01-31.15:35:16::SCWMssOS::s" "ARCHIVER=arm-none-eabi-ar" "COMPILER_FLAGS=  -O2 -c" "EXTRA_COMPILER_FLAGS=-mcpu=cortex-a9 -mfpu=vfpv3 -mfloat-abi=hard -no
TRACE::2026-01-31.15:35:16::SCWMssOS::startfiles -g -Wall -Wextra"

TRACE::2026-01-31.15:35:16::SCWMssOS::"Running Make include in ps7_cortexa9_0/libsrc/scuwdt_v2_2/src"

TRACE::2026-01-31.15:35:16::SCWMssOS::make -C ps7_cortexa9_0/libsrc/scuwdt_v2_2/src -s include  "SHELL=CMD" "COMPILER=arm-none-eabi-gcc" "ASSEMBLER=arm-none-eabi-as"
TRACE::2026-01-31.15:35:16::SCWMssOS:: "ARCHIVER=arm-none-eabi-ar" "COMPILER_FLAGS=  -O2 -c" "EXTRA_COMPILER_FLAGS=-mcpu=cortex-a9 -mfpu=vfpv3 -mfloat-abi=hard -nost
TRACE::2026-01-31.15:35:16::SCWMssOS::artfiles -g -Wall -Wextra"

TRACE::2026-01-31.15:35:16::SCWMssOS::"Running Make include in ps7_cortexa9_0/libsrc/sdps_v3_9/src"

TRACE::2026-01-31.15:35:16::SCWMssOS::make -C ps7_cortexa9_0/libsrc/sdps_v3_9/src -s include  "SHELL=CMD" "COMPILER=arm-none-eabi-gcc" "ASSEMBLER=arm-none-eabi-as" "
TRACE::2026-01-31.15:35:16::SCWMssOS::ARCHIVER=arm-none-eabi-ar" "COMPILER_FLAGS=  -O2 -c" "EXTRA_COMPILER_FLAGS=-mcpu=cortex-a9 -mfpu=vfpv3 -mfloat-abi=hard -nostar
TRACE::2026-01-31.15:35:16::SCWMssOS::tfiles -g -Wall -Wextra"

TRACE::2026-01-31.15:35:16::SCWMssOS::"Running Make include in ps7_cortexa9_0/libsrc/standalone_v7_2/src"

TRACE::2026-01-31.15:35:16::SCWMssOS::make -C ps7_cortexa9_0/libsrc/standalone_v7_2/src -s include  "SHELL=CMD" "COMPILER=arm-none-eabi-gcc" "ASSEMBLER=arm-none-eabi
TRACE::2026-01-31.15:35:16::SCWMssOS::-as" "ARCHIVER=arm-none-eabi-ar" "COMPILER_FLAGS=  -O2 -c" "EXTRA_COMPILER_FLAGS=-mcpu=cortex-a9 -mfpu=vfpv3 -mfloat-abi=hard -
TRACE::2026-01-31.15:35:16::SCWMssOS::nostartfiles -g -Wall -Wextra"

TRACE::2026-01-31.15:35:17::SCWMssOS::"Running Make include in ps7_cortexa9_0/libsrc/ttcps_v3_11/src"

TRACE::2026-01-31.15:35:17::SCWMssOS::make -C ps7_cortexa9_0/libsrc/ttcps_v3_11/src -s include  "SHELL=CMD" "COMPILER=arm-none-eabi-gcc" "ASSEMBLER=arm-none-eabi-as"
TRACE::2026-01-31.15:35:17::SCWMssOS:: "ARCHIVER=arm-none-eabi-ar" "COMPILER_FLAGS=  -O2 -c" "EXTRA_COMPILER_FLAGS=-mcpu=cortex-a9 -mfpu=vfpv3 -mfloat-abi=hard -nost
TRACE::2026-01-31.15:35:17::SCWMssOS::artfiles -g -Wall -Wextra"

TRACE::2026-01-31.15:35:17::SCWMssOS::"Running Make include in ps7_cortexa9_0/libsrc/uartps_v3_9/src"

TRACE::2026-01-31.15:35:17::SCWMssOS::make -C ps7_cortexa9_0/libsrc/uartps_v3_9/src -s include  "SHELL=CMD" "COMPILER=arm-none-eabi-gcc" "ASSEMBLER=arm-none-eabi-as"
TRACE::2026-01-31.15:35:17::SCWMssOS:: "ARCHIVER=arm-none-eabi-ar" "COMPILER_FLAGS=  -O2 -c" "EXTRA_COMPILER_FLAGS=-mcpu=cortex-a9 -mfpu=vfpv3 -mfloat-abi=hard -nost
TRACE::2026-01-31.15:35:17::SCWMssOS::artfiles -g -Wall -Wextra"

TRACE::2026-01-31.15:35:17::SCWMssOS::"Running Make include in ps7_cortexa9_0/libsrc/usbps_v2_5/src"

TRACE::2026-01-31.15:35:17::SCWMssOS::make -C ps7_cortexa9_0/libsrc/usbps_v2_5/src -s include  "SHELL=CMD" "COMPILER=arm-none-eabi-gcc" "ASSEMBLER=arm-none-eabi-as" 
TRACE::2026-01-31.15:35:17::SCWMssOS::"ARCHIVER=arm-none-eabi-ar" "COMPILER_FLAGS=  -O2 -c" "EXTRA_COMPILER_FLAGS=-mcpu=cortex-a9 -mfpu=vfpv3 -mfloat-abi=hard -nosta
TRACE::2026-01-31.15:35:17::SCWMssOS::rtfiles -g -Wall -Wextra"

TRACE::2026-01-31.15:35:17::SCWMssOS::"Running Make include in ps7_cortexa9_0/libsrc/vtc_v8_2/src"

TRACE::2026-01-31.15:35:17::SCWMssOS::make -C ps7_cortexa9_0/libsrc/vtc_v8_2/src -s include  "SHELL=CMD" "COMPILER=arm-none-eabi-gcc" "ASSEMBLER=arm-none-eabi-as" "A
TRACE::2026-01-31.15:35:17::SCWMssOS::RCHIVER=arm-none-eabi-ar" "COMPILER_FLAGS=  -O2 -c" "EXTRA_COMPILER_FLAGS=-mcpu=cortex-a9 -mfpu=vfpv3 -mfloat-abi=hard -nostart
TRACE::2026-01-31.15:35:17::SCWMssOS::files -g -Wall -Wextra"

TRACE::2026-01-31.15:35:17::SCWMssOS::"Running Make include in ps7_cortexa9_0/libsrc/xadcps_v2_4/src"

TRACE::2026-01-31.15:35:17::SCWMssOS::make -C ps7_cortexa9_0/libsrc/xadcps_v2_4/src -s include  "SHELL=CMD" "COMPILER=arm-none-eabi-gcc" "ASSEMBLER=arm-none-eabi-as"
TRACE::2026-01-31.15:35:17::SCWMssOS:: "ARCHIVER=arm-none-eabi-ar" "COMPILER_FLAGS=  -O2 -c" "EXTRA_COMPILER_FLAGS=-mcpu=cortex-a9 -mfpu=vfpv3 -mfloat-abi=hard -nost
TRACE::2026-01-31.15:35:17::SCWMssOS::artfiles -g -Wall -Wextra"

TRACE::2026-01-31.15:35:18::SCWMssOS::"Running Make libs in ps7_cortexa9_0/libsrc/axivdma_v6_7/src"

TRACE::2026-01-31.15:35:18::SCWMssOS::make -C ps7_cortexa9_0/libsrc/axivdma_v6_7/src -s libs  "SHELL=CMD" "COMPILER=arm-none-eabi-gcc" "ASSEMBLER=arm-none-eabi-as" "
TRACE::2026-01-31.15:35:18::SCWMssOS::ARCHIVER=arm-none-eabi-ar" "COMPILER_FLAGS=  -O2 -c" "EXTRA_COMPILER_FLAGS=-mcpu=cortex-a9 -mfpu=vfpv3 -mfloat-abi=hard -nostar
TRACE::2026-01-31.15:35:18::SCWMssOS::tfiles -g -Wall -Wextra"

TRACE::2026-01-31.15:35:18::SCWMssOS::"Compiling axivdma"

TRACE::2026-01-31.15:35:19::SCWMssOS::"Running Make libs in ps7_cortexa9_0/libsrc/coresightps_dcc_v1_7/src"

TRACE::2026-01-31.15:35:19::SCWMssOS::make -C ps7_cortexa9_0/libsrc/coresightps_dcc_v1_7/src -s libs  "SHELL=CMD" "COMPILER=arm-none-eabi-gcc" "ASSEMBLER=arm-none-ea
TRACE::2026-01-31.15:35:19::SCWMssOS::bi-as" "ARCHIVER=arm-none-eabi-ar" "COMPILER_FLAGS=  -O2 -c" "EXTRA_COMPILER_FLAGS=-mcpu=cortex-a9 -mfpu=vfpv3 -mfloat-abi=hard
TRACE::2026-01-31.15:35:19::SCWMssOS:: -nostartfiles -g -Wall -Wextra"

TRACE::2026-01-31.15:35:19::SCWMssOS::"Compiling coresightps_dcc"

TRACE::2026-01-31.15:35:19::SCWMssOS::"Running Make libs in ps7_cortexa9_0/libsrc/cpu_cortexa9_v2_9/src"

TRACE::2026-01-31.15:35:19::SCWMssOS::make -C ps7_cortexa9_0/libsrc/cpu_cortexa9_v2_9/src -s libs  "SHELL=CMD" "COMPILER=arm-none-eabi-gcc" "ASSEMBLER=arm-none-eabi-
TRACE::2026-01-31.15:35:19::SCWMssOS::as" "ARCHIVER=arm-none-eabi-ar" "COMPILER_FLAGS=  -O2 -c" "EXTRA_COMPILER_FLAGS=-mcpu=cortex-a9 -mfpu=vfpv3 -mfloat-abi=hard -n
TRACE::2026-01-31.15:35:19::SCWMssOS::ostartfiles -g -Wall -Wextra"

TRACE::2026-01-31.15:35:19::SCWMssOS::"Compiling cpu_cortexa9"

TRACE::2026-01-31.15:35:19::SCWMssOS::"Running Make libs in ps7_cortexa9_0/libsrc/ddrps_v1_1/src"

TRACE::2026-01-31.15:35:19::SCWMssOS::make -C ps7_cortexa9_0/libsrc/ddrps_v1_1/src -s libs  "SHELL=CMD" "COMPILER=arm-none-eabi-gcc" "ASSEMBLER=arm-none-eabi-as" "AR
TRACE::2026-01-31.15:35:19::SCWMssOS::CHIVER=arm-none-eabi-ar" "COMPILER_FLAGS=  -O2 -c" "EXTRA_COMPILER_FLAGS=-mcpu=cortex-a9 -mfpu=vfpv3 -mfloat-abi=hard -nostartf
TRACE::2026-01-31.15:35:19::SCWMssOS::iles -g -Wall -Wextra"

TRACE::2026-01-31.15:35:19::SCWMssOS::"Compiling ddrps"

TRACE::2026-01-31.15:35:19::SCWMssOS::"Running Make libs in ps7_cortexa9_0/libsrc/devcfg_v3_6/src"

TRACE::2026-01-31.15:35:19::SCWMssOS::make -C ps7_cortexa9_0/libsrc/devcfg_v3_6/src -s libs  "SHELL=CMD" "COMPILER=arm-none-eabi-gcc" "ASSEMBLER=arm-none-eabi-as" "A
TRACE::2026-01-31.15:35:19::SCWMssOS::RCHIVER=arm-none-eabi-ar" "COMPILER_FLAGS=  -O2 -c" "EXTRA_COMPILER_FLAGS=-mcpu=cortex-a9 -mfpu=vfpv3 -mfloat-abi=hard -nostart
TRACE::2026-01-31.15:35:19::SCWMssOS::files -g -Wall -Wextra"

TRACE::2026-01-31.15:35:19::SCWMssOS::"Compiling devcfg"

TRACE::2026-01-31.15:35:20::SCWMssOS::"Running Make libs in ps7_cortexa9_0/libsrc/dmaps_v2_6/src"

TRACE::2026-01-31.15:35:20::SCWMssOS::make -C ps7_cortexa9_0/libsrc/dmaps_v2_6/src -s libs  "SHELL=CMD" "COMPILER=arm-none-eabi-gcc" "ASSEMBLER=arm-none-eabi-as" "AR
TRACE::2026-01-31.15:35:20::SCWMssOS::CHIVER=arm-none-eabi-ar" "COMPILER_FLAGS=  -O2 -c" "EXTRA_COMPILER_FLAGS=-mcpu=cortex-a9 -mfpu=vfpv3 -mfloat-abi=hard -nostartf
TRACE::2026-01-31.15:35:20::SCWMssOS::iles -g -Wall -Wextra"

TRACE::2026-01-31.15:35:20::SCWMssOS::"Compiling dmaps"

TRACE::2026-01-31.15:35:20::SCWMssOS::"Running Make libs in ps7_cortexa9_0/libsrc/emacps_v3_11/src"

TRACE::2026-01-31.15:35:20::SCWMssOS::make -C ps7_cortexa9_0/libsrc/emacps_v3_11/src -s libs  "SHELL=CMD" "COMPILER=arm-none-eabi-gcc" "ASSEMBLER=arm-none-eabi-as" "
TRACE::2026-01-31.15:35:20::SCWMssOS::ARCHIVER=arm-none-eabi-ar" "COMPILER_FLAGS=  -O2 -c" "EXTRA_COMPILER_FLAGS=-mcpu=cortex-a9 -mfpu=vfpv3 -mfloat-abi=hard -nostar
TRACE::2026-01-31.15:35:20::SCWMssOS::tfiles -g -Wall -Wextra"

TRACE::2026-01-31.15:35:20::SCWMssOS::"Compiling emacps"

TRACE::2026-01-31.15:35:21::SCWMssOS::"Running Make libs in ps7_cortexa9_0/libsrc/gpiops_v3_7/src"

TRACE::2026-01-31.15:35:21::SCWMssOS::make -C ps7_cortexa9_0/libsrc/gpiops_v3_7/src -s libs  "SHELL=CMD" "COMPILER=arm-none-eabi-gcc" "ASSEMBLER=arm-none-eabi-as" "A
TRACE::2026-01-31.15:35:21::SCWMssOS::RCHIVER=arm-none-eabi-ar" "COMPILER_FLAGS=  -O2 -c" "EXTRA_COMPILER_FLAGS=-mcpu=cortex-a9 -mfpu=vfpv3 -mfloat-abi=hard -nostart
TRACE::2026-01-31.15:35:21::SCWMssOS::files -g -Wall -Wextra"

TRACE::2026-01-31.15:35:21::SCWMssOS::"Compiling gpiops"

TRACE::2026-01-31.15:35:22::SCWMssOS::"Running Make libs in ps7_cortexa9_0/libsrc/gpio_v4_6/src"

TRACE::2026-01-31.15:35:22::SCWMssOS::make -C ps7_cortexa9_0/libsrc/gpio_v4_6/src -s libs  "SHELL=CMD" "COMPILER=arm-none-eabi-gcc" "ASSEMBLER=arm-none-eabi-as" "ARC
TRACE::2026-01-31.15:35:22::SCWMssOS::HIVER=arm-none-eabi-ar" "COMPILER_FLAGS=  -O2 -c" "EXTRA_COMPILER_FLAGS=-mcpu=cortex-a9 -mfpu=vfpv3 -mfloat-abi=hard -nostartfi
TRACE::2026-01-31.15:35:22::SCWMssOS::les -g -Wall -Wextra"

TRACE::2026-01-31.15:35:22::SCWMssOS::"Compiling gpio"

TRACE::2026-01-31.15:35:23::SCWMssOS::"Running Make libs in ps7_cortexa9_0/libsrc/qspips_v3_7/src"

TRACE::2026-01-31.15:35:23::SCWMssOS::make -C ps7_cortexa9_0/libsrc/qspips_v3_7/src -s libs  "SHELL=CMD" "COMPILER=arm-none-eabi-gcc" "ASSEMBLER=arm-none-eabi-as" "A
TRACE::2026-01-31.15:35:23::SCWMssOS::RCHIVER=arm-none-eabi-ar" "COMPILER_FLAGS=  -O2 -c" "EXTRA_COMPILER_FLAGS=-mcpu=cortex-a9 -mfpu=vfpv3 -mfloat-abi=hard -nostart
TRACE::2026-01-31.15:35:23::SCWMssOS::files -g -Wall -Wextra"

TRACE::2026-01-31.15:35:23::SCWMssOS::"Compiling qspips"

TRACE::2026-01-31.15:35:24::SCWMssOS::"Running Make libs in ps7_cortexa9_0/libsrc/scugic_v4_2/src"

TRACE::2026-01-31.15:35:24::SCWMssOS::make -C ps7_cortexa9_0/libsrc/scugic_v4_2/src -s libs  "SHELL=CMD" "COMPILER=arm-none-eabi-gcc" "ASSEMBLER=arm-none-eabi-as" "A
TRACE::2026-01-31.15:35:24::SCWMssOS::RCHIVER=arm-none-eabi-ar" "COMPILER_FLAGS=  -O2 -c" "EXTRA_COMPILER_FLAGS=-mcpu=cortex-a9 -mfpu=vfpv3 -mfloat-abi=hard -nostart
TRACE::2026-01-31.15:35:24::SCWMssOS::files -g -Wall -Wextra"

TRACE::2026-01-31.15:35:24::SCWMssOS::"Compiling scugic"

TRACE::2026-01-31.15:35:24::SCWMssOS::"Running Make libs in ps7_cortexa9_0/libsrc/scutimer_v2_2/src"

TRACE::2026-01-31.15:35:24::SCWMssOS::make -C ps7_cortexa9_0/libsrc/scutimer_v2_2/src -s libs  "SHELL=CMD" "COMPILER=arm-none-eabi-gcc" "ASSEMBLER=arm-none-eabi-as" 
TRACE::2026-01-31.15:35:24::SCWMssOS::"ARCHIVER=arm-none-eabi-ar" "COMPILER_FLAGS=  -O2 -c" "EXTRA_COMPILER_FLAGS=-mcpu=cortex-a9 -mfpu=vfpv3 -mfloat-abi=hard -nosta
TRACE::2026-01-31.15:35:24::SCWMssOS::rtfiles -g -Wall -Wextra"

TRACE::2026-01-31.15:35:24::SCWMssOS::"Compiling scutimer"

TRACE::2026-01-31.15:35:25::SCWMssOS::"Running Make libs in ps7_cortexa9_0/libsrc/scuwdt_v2_2/src"

TRACE::2026-01-31.15:35:25::SCWMssOS::make -C ps7_cortexa9_0/libsrc/scuwdt_v2_2/src -s libs  "SHELL=CMD" "COMPILER=arm-none-eabi-gcc" "ASSEMBLER=arm-none-eabi-as" "A
TRACE::2026-01-31.15:35:25::SCWMssOS::RCHIVER=arm-none-eabi-ar" "COMPILER_FLAGS=  -O2 -c" "EXTRA_COMPILER_FLAGS=-mcpu=cortex-a9 -mfpu=vfpv3 -mfloat-abi=hard -nostart
TRACE::2026-01-31.15:35:25::SCWMssOS::files -g -Wall -Wextra"

TRACE::2026-01-31.15:35:25::SCWMssOS::"Compiling scuwdt"

TRACE::2026-01-31.15:35:25::SCWMssOS::"Running Make libs in ps7_cortexa9_0/libsrc/sdps_v3_9/src"

TRACE::2026-01-31.15:35:25::SCWMssOS::make -C ps7_cortexa9_0/libsrc/sdps_v3_9/src -s libs  "SHELL=CMD" "COMPILER=arm-none-eabi-gcc" "ASSEMBLER=arm-none-eabi-as" "ARC
TRACE::2026-01-31.15:35:25::SCWMssOS::HIVER=arm-none-eabi-ar" "COMPILER_FLAGS=  -O2 -c" "EXTRA_COMPILER_FLAGS=-mcpu=cortex-a9 -mfpu=vfpv3 -mfloat-abi=hard -nostartfi
TRACE::2026-01-31.15:35:25::SCWMssOS::les -g -Wall -Wextra"

TRACE::2026-01-31.15:35:25::SCWMssOS::"Compiling sdps"

TRACE::2026-01-31.15:35:26::SCWMssOS::"Running Make libs in ps7_cortexa9_0/libsrc/standalone_v7_2/src"

TRACE::2026-01-31.15:35:26::SCWMssOS::make -C ps7_cortexa9_0/libsrc/standalone_v7_2/src -s libs  "SHELL=CMD" "COMPILER=arm-none-eabi-gcc" "ASSEMBLER=arm-none-eabi-as
TRACE::2026-01-31.15:35:26::SCWMssOS::" "ARCHIVER=arm-none-eabi-ar" "COMPILER_FLAGS=  -O2 -c" "EXTRA_COMPILER_FLAGS=-mcpu=cortex-a9 -mfpu=vfpv3 -mfloat-abi=hard -nos
TRACE::2026-01-31.15:35:26::SCWMssOS::tartfiles -g -Wall -Wextra"

TRACE::2026-01-31.15:35:26::SCWMssOS::"Compiling standalone"

TRACE::2026-01-31.15:35:30::SCWMssOS::"Running Make libs in ps7_cortexa9_0/libsrc/ttcps_v3_11/src"

TRACE::2026-01-31.15:35:30::SCWMssOS::make -C ps7_cortexa9_0/libsrc/ttcps_v3_11/src -s libs  "SHELL=CMD" "COMPILER=arm-none-eabi-gcc" "ASSEMBLER=arm-none-eabi-as" "A
TRACE::2026-01-31.15:35:30::SCWMssOS::RCHIVER=arm-none-eabi-ar" "COMPILER_FLAGS=  -O2 -c" "EXTRA_COMPILER_FLAGS=-mcpu=cortex-a9 -mfpu=vfpv3 -mfloat-abi=hard -nostart
TRACE::2026-01-31.15:35:30::SCWMssOS::files -g -Wall -Wextra"

TRACE::2026-01-31.15:35:30::SCWMssOS::"Compiling ttcps"

TRACE::2026-01-31.15:35:31::SCWMssOS::"Running Make libs in ps7_cortexa9_0/libsrc/uartps_v3_9/src"

TRACE::2026-01-31.15:35:31::SCWMssOS::make -C ps7_cortexa9_0/libsrc/uartps_v3_9/src -s libs  "SHELL=CMD" "COMPILER=arm-none-eabi-gcc" "ASSEMBLER=arm-none-eabi-as" "A
TRACE::2026-01-31.15:35:31::SCWMssOS::RCHIVER=arm-none-eabi-ar" "COMPILER_FLAGS=  -O2 -c" "EXTRA_COMPILER_FLAGS=-mcpu=cortex-a9 -mfpu=vfpv3 -mfloat-abi=hard -nostart
TRACE::2026-01-31.15:35:31::SCWMssOS::files -g -Wall -Wextra"

TRACE::2026-01-31.15:35:31::SCWMssOS::"Compiling uartps"

TRACE::2026-01-31.15:35:32::SCWMssOS::"Running Make libs in ps7_cortexa9_0/libsrc/usbps_v2_5/src"

TRACE::2026-01-31.15:35:32::SCWMssOS::make -C ps7_cortexa9_0/libsrc/usbps_v2_5/src -s libs  "SHELL=CMD" "COMPILER=arm-none-eabi-gcc" "ASSEMBLER=arm-none-eabi-as" "AR
TRACE::2026-01-31.15:35:32::SCWMssOS::CHIVER=arm-none-eabi-ar" "COMPILER_FLAGS=  -O2 -c" "EXTRA_COMPILER_FLAGS=-mcpu=cortex-a9 -mfpu=vfpv3 -mfloat-abi=hard -nostartf
TRACE::2026-01-31.15:35:32::SCWMssOS::iles -g -Wall -Wextra"

TRACE::2026-01-31.15:35:32::SCWMssOS::"Compiling usbps"

TRACE::2026-01-31.15:35:32::SCWMssOS::"Running Make libs in ps7_cortexa9_0/libsrc/vtc_v8_2/src"

TRACE::2026-01-31.15:35:32::SCWMssOS::make -C ps7_cortexa9_0/libsrc/vtc_v8_2/src -s libs  "SHELL=CMD" "COMPILER=arm-none-eabi-gcc" "ASSEMBLER=arm-none-eabi-as" "ARCH
TRACE::2026-01-31.15:35:32::SCWMssOS::IVER=arm-none-eabi-ar" "COMPILER_FLAGS=  -O2 -c" "EXTRA_COMPILER_FLAGS=-mcpu=cortex-a9 -mfpu=vfpv3 -mfloat-abi=hard -nostartfil
TRACE::2026-01-31.15:35:32::SCWMssOS::es -g -Wall -Wextra"

TRACE::2026-01-31.15:35:32::SCWMssOS::"Compiling video timing controller"

TRACE::2026-01-31.15:35:33::SCWMssOS::"Running Make libs in ps7_cortexa9_0/libsrc/xadcps_v2_4/src"

TRACE::2026-01-31.15:35:33::SCWMssOS::make -C ps7_cortexa9_0/libsrc/xadcps_v2_4/src -s libs  "SHELL=CMD" "COMPILER=arm-none-eabi-gcc" "ASSEMBLER=arm-none-eabi-as" "A
TRACE::2026-01-31.15:35:33::SCWMssOS::RCHIVER=arm-none-eabi-ar" "COMPILER_FLAGS=  -O2 -c" "EXTRA_COMPILER_FLAGS=-mcpu=cortex-a9 -mfpu=vfpv3 -mfloat-abi=hard -nostart
TRACE::2026-01-31.15:35:33::SCWMssOS::files -g -Wall -Wextra"

TRACE::2026-01-31.15:35:33::SCWMssOS::"Compiling xadcps"

TRACE::2026-01-31.15:35:34::SCWMssOS::'Finished building libraries'

TRACE::2026-01-31.15:35:35::SCWMssOS:: Checking if to create the Supporting Applications
TRACE::2026-01-31.15:35:35::SCWMssOS:: No Linux domain exists, trying to generate FSBL 
LOG::2026-01-31.15:35:35::SCWSystem::Completed Processing the domain domain_ps7_cortexa9_0
LOG::2026-01-31.15:35:35::SCWSystem::Completed Processing the sysconfig MP0_wrapper
LOG::2026-01-31.15:35:35::SCWPlatform::Completed generating the artifacts for system configuration MP0_wrapper
TRACE::2026-01-31.15:35:35::SCWPlatform::Started preparing the platform 
TRACE::2026-01-31.15:35:35::SCWSystem::Writing the bif file for system config MP0_wrapper
TRACE::2026-01-31.15:35:35::SCWSystem::dir created 
TRACE::2026-01-31.15:35:35::SCWSystem::Writing the bif 
TRACE::2026-01-31.15:35:35::SCWPlatform::Started writing the spfm file 
TRACE::2026-01-31.15:35:35::SCWPlatform::Started writing the xpfm file 
TRACE::2026-01-31.15:35:35::SCWPlatform::Completed generating the platform
TRACE::2026-01-31.15:35:35::SCWMssOS::Saving the mss changes X:/cpre488/Labs/MP-0/vitus/MP0_wrapper/zynq_fsbl/zynq_fsbl_bsp/system.mss
TRACE::2026-01-31.15:35:35::SCWMssOS::Found a swdesign opened with the mssfile.
TRACE::2026-01-31.15:35:35::SCWMssOS::Completed writemss as part of save.
TRACE::2026-01-31.15:35:35::SCWMssOS::Commit changes completed.
TRACE::2026-01-31.15:35:35::SCWMssOS::Saving the mss changes X:/cpre488/Labs/MP-0/vitus/MP0_wrapper/ps7_cortexa9_0/domain_ps7_cortexa9_0/bsp/system.mss
TRACE::2026-01-31.15:35:35::SCWMssOS::Found a swdesign opened with the mssfile.
TRACE::2026-01-31.15:35:35::SCWMssOS::Running validate of swdbs.
KEYINFO::2026-01-31.15:35:35::SCWMssOS::Could not open the swdb for system_0
KEYINFO::2026-01-31.15:35:35::SCWMssOS::Could not open the sw design at  system_0
ERROR: [Hsi 55-1558] Software Design system_0 is not found

TRACE::2026-01-31.15:35:35::SCWMssOS::Cleared the swdb table entry
TRACE::2026-01-31.15:35:35::SCWMssOS::Adding the swdes entry, mss present, able to open swdb X:/cpre488/Labs/MP-0/vitus/MP0_wrapper/ps7_cortexa9_0/domain_ps7_cortexa9_0/bsp/system.mss with des name system_0
TRACE::2026-01-31.15:35:35::SCWMssOS::Writing the mss file completed X:/cpre488/Labs/MP-0/vitus/MP0_wrapper/ps7_cortexa9_0/domain_ps7_cortexa9_0/bsp/system.mss
TRACE::2026-01-31.15:35:35::SCWMssOS::Commit changes completed.
TRACE::2026-01-31.15:35:35::SCWPlatform::Trying to open the hw design at X:/cpre488/Labs/MP-0/vitus/MP0_wrapper/hw/MP0_wrapper.xsa
TRACE::2026-01-31.15:35:35::SCWPlatform::DSA given X:/cpre488/Labs/MP-0/vitus/MP0_wrapper/hw/MP0_wrapper.xsa
TRACE::2026-01-31.15:35:35::SCWPlatform::DSA absoulate path X:/cpre488/Labs/MP-0/vitus/MP0_wrapper/hw/MP0_wrapper.xsa
TRACE::2026-01-31.15:35:35::SCWPlatform::DSA directory X:/cpre488/Labs/MP-0/vitus/MP0_wrapper/hw
TRACE::2026-01-31.15:35:35::SCWPlatform:: Platform Path X:/cpre488/Labs/MP-0/vitus/MP0_wrapper/hw/MP0_wrapper.xsa
TRACE::2026-01-31.15:35:35::SCWPlatform:: Unique name xilinx:zed::0.0
TRACE::2026-01-31.15:35:35::SCWPlatform::Trying to set the existing hwdb with name MP0_wrapper_7
TRACE::2026-01-31.15:35:35::SCWPlatform::Opened existing hwdb MP0_wrapper_7
TRACE::2026-01-31.15:35:35::SCWPlatform::Found the Hw Db part of the input DSA
TRACE::2026-01-31.15:35:35::SCWMssOS::Checking the sw design at  X:/cpre488/Labs/MP-0/vitus/MP0_wrapper/zynq_fsbl/zynq_fsbl_bsp/system.mss
TRACE::2026-01-31.15:35:35::SCWMssOS::DEBUG:  swdes dump  X:/cpre488/Labs/MP-0/vitus/MP0_wrapper/ps7_cortexa9_0/domain_ps7_cortexa9_0/bsp/system.mss|system_0||
X:/cpre488/Labs/MP-0/vitus/MP0_wrapper/zynq_fsbl/zynq_fsbl_bsp/system.mss|system||

TRACE::2026-01-31.15:35:35::SCWMssOS::Sw design exists and opened at  X:/cpre488/Labs/MP-0/vitus/MP0_wrapper/zynq_fsbl/zynq_fsbl_bsp/system.mss
TRACE::2026-01-31.15:35:35::SCWPlatform::Trying to open the hw design at X:/cpre488/Labs/MP-0/vitus/MP0_wrapper/hw/MP0_wrapper.xsa
TRACE::2026-01-31.15:35:35::SCWPlatform::DSA given X:/cpre488/Labs/MP-0/vitus/MP0_wrapper/hw/MP0_wrapper.xsa
TRACE::2026-01-31.15:35:35::SCWPlatform::DSA absoulate path X:/cpre488/Labs/MP-0/vitus/MP0_wrapper/hw/MP0_wrapper.xsa
TRACE::2026-01-31.15:35:35::SCWPlatform::DSA directory X:/cpre488/Labs/MP-0/vitus/MP0_wrapper/hw
TRACE::2026-01-31.15:35:35::SCWPlatform:: Platform Path X:/cpre488/Labs/MP-0/vitus/MP0_wrapper/hw/MP0_wrapper.xsa
TRACE::2026-01-31.15:35:35::SCWPlatform:: Unique name xilinx:zed::0.0
TRACE::2026-01-31.15:35:35::SCWPlatform::Trying to set the existing hwdb with name MP0_wrapper_7
TRACE::2026-01-31.15:35:35::SCWPlatform::Opened existing hwdb MP0_wrapper_7
TRACE::2026-01-31.15:35:35::SCWPlatform::Found the Hw Db part of the input DSA
TRACE::2026-01-31.15:35:35::SCWMssOS::Checking the sw design at  X:/cpre488/Labs/MP-0/vitus/MP0_wrapper/ps7_cortexa9_0/domain_ps7_cortexa9_0/bsp/system.mss
TRACE::2026-01-31.15:35:35::SCWMssOS::DEBUG:  swdes dump  X:/cpre488/Labs/MP-0/vitus/MP0_wrapper/ps7_cortexa9_0/domain_ps7_cortexa9_0/bsp/system.mss|system_0||
X:/cpre488/Labs/MP-0/vitus/MP0_wrapper/zynq_fsbl/zynq_fsbl_bsp/system.mss|system||

TRACE::2026-01-31.15:35:35::SCWMssOS::Sw design exists and opened at  X:/cpre488/Labs/MP-0/vitus/MP0_wrapper/ps7_cortexa9_0/domain_ps7_cortexa9_0/bsp/system.mss
TRACE::2026-01-31.15:35:35::SCWWriter::formatted JSON is {
	"platformName":	"MP0_wrapper",
	"sprVersion":	"2.0",
	"mode":	"gui",
	"dsaType":	"Fixed",
	"platformDesc":	"MP0_wrapper",
	"platHandOff":	"X:/cpre488/Labs/MP-0/MP-0/MP0_wrapper.xsa",
	"platIntHandOff":	"<platformDir>/hw/MP0_wrapper.xsa",
	"deviceType":	"zynq",
	"platIsPrebuiltAutogen":	"false",
	"platIsNoBootBsp":	"false",
	"hasFsblMakeHasChanges":	"false",
	"hasPmufwMakeHasChanges":	"false",
	"fsblExtraCompilerFlags":	"-MMD -MP       -mcpu=cortex-a9 -mfpu=vfpv3 -mfloat-abi=hard ",
	"platPreBuiltFlag":	false,
	"platformSamplesDir":	"",
	"platActiveSys":	"MP0_wrapper",
	"systems":	[{
			"systemName":	"MP0_wrapper",
			"systemDesc":	"MP0_wrapper",
			"sysIsBootAutoGen":	"true",
			"systemDispName":	"MP0_wrapper",
			"sysActiveDom":	"domain_ps7_cortexa9_0",
			"sysDefaultDom":	"domain_ps7_cortexa9_0",
			"domains":	[{
					"domainName":	"zynq_fsbl",
					"domainDispName":	"zynq_fsbl",
					"domainDesc":	"FSBL Application BSP - Auto Generated.",
					"processors":	"ps7_cortexa9_0",
					"os":	"standalone",
					"sdxOs":	"standalone",
					"debugEnable":	"",
					"domRuntimes":	["cpp"],
					"swRepo":	"",
					"mssOsVer":	"7.2",
					"mssFile":	"",
					"md5Digest":	"d070912764dbc9091b0675940dbd0d2a",
					"compatibleApp":	"zynq_fsbl",
					"domType":	"bootDomain",
					"arch":	"32-bit",
					"appSettings":	{
						"appCompilerFlags":	"",
						"appLinkerFlags":	""
					},
					"addedLibs":	["xilffs:4.3", "xilrsa:1.6"],
					"libOptions":	{
						"libsContainingOptions":	[]
					},
					"prebuiltLibs":	{
						"prebuiltIncPath":	[],
						"prebuiltLibPath":	[]
					},
					"isolation":	{
					}
				}, {
					"domainName":	"domain_ps7_cortexa9_0",
					"domainDispName":	"domain_ps7_cortexa9_0",
					"domainDesc":	"domain_ps7_cortexa9_0",
					"processors":	"ps7_cortexa9_0",
					"os":	"standalone",
					"sdxOs":	"standalone",
					"qemuArgs":	"C:/Xilinx/Vitis/2020.1/data/emulation/platforms/zynq/qemu/qemu_args.txt",
					"qemuData":	"C:/Xilinx/Vitis/2020.1/data/emulation/platforms/zynq/qemu/",
					"debugEnable":	"False",
					"domRuntimes":	["cpp"],
					"swRepo":	"",
					"mssOsVer":	"7.2",
					"mssFile":	"",
					"md5Digest":	"7fb497b05e7fa148af2cf6db6c8b55c6",
					"compatibleApp":	"",
					"domType":	"mssDomain",
					"arch":	"32-bit",
					"appSettings":	{
						"appCompilerFlags":	"",
						"appLinkerFlags":	""
					},
					"addedLibs":	[],
					"libOptions":	{
						"libsContainingOptions":	[]
					},
					"prebuiltLibs":	{
						"prebuiltIncPath":	[],
						"prebuiltLibPath":	[]
					},
					"isolation":	{
					}
				}]
		}]
}
KEYINFO::2026-01-31.15:35:35::SCWPlatform::updated the xpfm file.
TRACE::2026-01-31.15:35:35::SCWPlatform::Trying to open the hw design at X:/cpre488/Labs/MP-0/vitus/MP0_wrapper/hw/MP0_wrapper.xsa
TRACE::2026-01-31.15:35:35::SCWPlatform::DSA given X:/cpre488/Labs/MP-0/vitus/MP0_wrapper/hw/MP0_wrapper.xsa
TRACE::2026-01-31.15:35:35::SCWPlatform::DSA absoulate path X:/cpre488/Labs/MP-0/vitus/MP0_wrapper/hw/MP0_wrapper.xsa
TRACE::2026-01-31.15:35:35::SCWPlatform::DSA directory X:/cpre488/Labs/MP-0/vitus/MP0_wrapper/hw
TRACE::2026-01-31.15:35:35::SCWPlatform:: Platform Path X:/cpre488/Labs/MP-0/vitus/MP0_wrapper/hw/MP0_wrapper.xsa
TRACE::2026-01-31.15:35:35::SCWPlatform:: Unique name xilinx:zed::0.0
TRACE::2026-01-31.15:35:35::SCWPlatform::Trying to set the existing hwdb with name MP0_wrapper_7
TRACE::2026-01-31.15:35:35::SCWPlatform::Opened existing hwdb MP0_wrapper_7
TRACE::2026-01-31.15:35:35::SCWPlatform::Found the Hw Db part of the input DSA
TRACE::2026-01-31.15:35:35::SCWMssOS::Checking the sw design at  X:/cpre488/Labs/MP-0/vitus/MP0_wrapper/ps7_cortexa9_0/domain_ps7_cortexa9_0/bsp/system.mss
TRACE::2026-01-31.15:35:35::SCWMssOS::DEBUG:  swdes dump  X:/cpre488/Labs/MP-0/vitus/MP0_wrapper/ps7_cortexa9_0/domain_ps7_cortexa9_0/bsp/system.mss|system_0||
X:/cpre488/Labs/MP-0/vitus/MP0_wrapper/zynq_fsbl/zynq_fsbl_bsp/system.mss|system||

TRACE::2026-01-31.15:35:35::SCWMssOS::Sw design exists and opened at  X:/cpre488/Labs/MP-0/vitus/MP0_wrapper/ps7_cortexa9_0/domain_ps7_cortexa9_0/bsp/system.mss
TRACE::2026-02-03.17:03:19::SCWPlatform::Trying to open the hw design at X:/cpre488/Labs/MP-0/vitus/MP0_wrapper/hw/MP0_wrapper.xsa
TRACE::2026-02-03.17:03:19::SCWPlatform::DSA given X:/cpre488/Labs/MP-0/vitus/MP0_wrapper/hw/MP0_wrapper.xsa
TRACE::2026-02-03.17:03:19::SCWPlatform::DSA absoulate path X:/cpre488/Labs/MP-0/vitus/MP0_wrapper/hw/MP0_wrapper.xsa
TRACE::2026-02-03.17:03:20::SCWPlatform::DSA directory X:/cpre488/Labs/MP-0/vitus/MP0_wrapper/hw
TRACE::2026-02-03.17:03:20::SCWPlatform:: Platform Path X:/cpre488/Labs/MP-0/vitus/MP0_wrapper/hw/MP0_wrapper.xsa
TRACE::2026-02-03.17:03:20::SCWPlatform:: Unique name xilinx:zed::0.0
TRACE::2026-02-03.17:03:20::SCWPlatform::Do not have an existing db opened. 
TRACE::2026-02-03.17:03:22::SCWPlatform::Opened new HwDB with name MP0_wrapper_0
TRACE::2026-02-03.17:03:22::SCWReader::Active system found as  MP0_wrapper
TRACE::2026-02-03.17:03:22::SCWReader::Handling sysconfig MP0_wrapper
TRACE::2026-02-03.17:03:22::SCWDomain::checking for install qemu data   : 
TRACE::2026-02-03.17:03:22::SCWDomain:: Using the QEMU Data from install at  : C:/Xilinx/Vitis/2020.1/data/emulation/platforms/zynq/qemu/
TRACE::2026-02-03.17:03:22::SCWDomain:: Using the QEMU args  from install at  : C:/Xilinx/Vitis/2020.1/data/emulation/platforms/zynq/qemu/qemu_args.txt
TRACE::2026-02-03.17:03:22::SCWPlatform::Trying to open the hw design at X:/cpre488/Labs/MP-0/vitus/MP0_wrapper/hw/MP0_wrapper.xsa
TRACE::2026-02-03.17:03:22::SCWPlatform::DSA given X:/cpre488/Labs/MP-0/vitus/MP0_wrapper/hw/MP0_wrapper.xsa
TRACE::2026-02-03.17:03:22::SCWPlatform::DSA absoulate path X:/cpre488/Labs/MP-0/vitus/MP0_wrapper/hw/MP0_wrapper.xsa
TRACE::2026-02-03.17:03:22::SCWPlatform::DSA directory X:/cpre488/Labs/MP-0/vitus/MP0_wrapper/hw
TRACE::2026-02-03.17:03:22::SCWPlatform:: Platform Path X:/cpre488/Labs/MP-0/vitus/MP0_wrapper/hw/MP0_wrapper.xsa
TRACE::2026-02-03.17:03:22::SCWPlatform:: Unique name xilinx:zed::0.0
TRACE::2026-02-03.17:03:22::SCWPlatform::Trying to set the existing hwdb with name MP0_wrapper_0
TRACE::2026-02-03.17:03:22::SCWPlatform::Opened existing hwdb MP0_wrapper_0
TRACE::2026-02-03.17:03:22::SCWPlatform::Found the Hw Db part of the input DSA
TRACE::2026-02-03.17:03:22::SCWPlatform::Trying to open the hw design at X:/cpre488/Labs/MP-0/vitus/MP0_wrapper/hw/MP0_wrapper.xsa
TRACE::2026-02-03.17:03:22::SCWPlatform::DSA given X:/cpre488/Labs/MP-0/vitus/MP0_wrapper/hw/MP0_wrapper.xsa
TRACE::2026-02-03.17:03:22::SCWPlatform::DSA absoulate path X:/cpre488/Labs/MP-0/vitus/MP0_wrapper/hw/MP0_wrapper.xsa
TRACE::2026-02-03.17:03:22::SCWPlatform::DSA directory X:/cpre488/Labs/MP-0/vitus/MP0_wrapper/hw
TRACE::2026-02-03.17:03:22::SCWPlatform:: Platform Path X:/cpre488/Labs/MP-0/vitus/MP0_wrapper/hw/MP0_wrapper.xsa
TRACE::2026-02-03.17:03:22::SCWPlatform:: Unique name xilinx:zed::0.0
TRACE::2026-02-03.17:03:22::SCWPlatform::Trying to set the existing hwdb with name MP0_wrapper_0
TRACE::2026-02-03.17:03:22::SCWPlatform::Opened existing hwdb MP0_wrapper_0
TRACE::2026-02-03.17:03:22::SCWPlatform::Found the Hw Db part of the input DSA
TRACE::2026-02-03.17:03:22::SCWPlatform::Trying to open the hw design at X:/cpre488/Labs/MP-0/vitus/MP0_wrapper/hw/MP0_wrapper.xsa
TRACE::2026-02-03.17:03:22::SCWPlatform::DSA given X:/cpre488/Labs/MP-0/vitus/MP0_wrapper/hw/MP0_wrapper.xsa
TRACE::2026-02-03.17:03:22::SCWPlatform::DSA absoulate path X:/cpre488/Labs/MP-0/vitus/MP0_wrapper/hw/MP0_wrapper.xsa
TRACE::2026-02-03.17:03:22::SCWPlatform::DSA directory X:/cpre488/Labs/MP-0/vitus/MP0_wrapper/hw
TRACE::2026-02-03.17:03:22::SCWPlatform:: Platform Path X:/cpre488/Labs/MP-0/vitus/MP0_wrapper/hw/MP0_wrapper.xsa
TRACE::2026-02-03.17:03:22::SCWPlatform:: Unique name xilinx:zed::0.0
TRACE::2026-02-03.17:03:22::SCWPlatform::Trying to set the existing hwdb with name MP0_wrapper_0
TRACE::2026-02-03.17:03:22::SCWPlatform::Opened existing hwdb MP0_wrapper_0
TRACE::2026-02-03.17:03:22::SCWPlatform::Found the Hw Db part of the input DSA
TRACE::2026-02-03.17:03:22::SCWReader::Boot application domain added for zynq_fsbl
TRACE::2026-02-03.17:03:22::SCWPlatform::Trying to open the hw design at X:/cpre488/Labs/MP-0/vitus/MP0_wrapper/hw/MP0_wrapper.xsa
TRACE::2026-02-03.17:03:22::SCWPlatform::DSA given X:/cpre488/Labs/MP-0/vitus/MP0_wrapper/hw/MP0_wrapper.xsa
TRACE::2026-02-03.17:03:22::SCWPlatform::DSA absoulate path X:/cpre488/Labs/MP-0/vitus/MP0_wrapper/hw/MP0_wrapper.xsa
TRACE::2026-02-03.17:03:22::SCWPlatform::DSA directory X:/cpre488/Labs/MP-0/vitus/MP0_wrapper/hw
TRACE::2026-02-03.17:03:22::SCWPlatform:: Platform Path X:/cpre488/Labs/MP-0/vitus/MP0_wrapper/hw/MP0_wrapper.xsa
TRACE::2026-02-03.17:03:22::SCWPlatform:: Unique name xilinx:zed::0.0
TRACE::2026-02-03.17:03:22::SCWPlatform::Trying to set the existing hwdb with name MP0_wrapper_0
TRACE::2026-02-03.17:03:22::SCWPlatform::Opened existing hwdb MP0_wrapper_0
TRACE::2026-02-03.17:03:22::SCWPlatform::Found the Hw Db part of the input DSA
TRACE::2026-02-03.17:03:22::SCWMssOS::Checking the sw design at  X:/cpre488/Labs/MP-0/vitus/MP0_wrapper/zynq_fsbl/zynq_fsbl_bsp/system.mss
TRACE::2026-02-03.17:03:22::SCWMssOS::DEBUG:  swdes dump  
TRACE::2026-02-03.17:03:22::SCWMssOS::No sw design opened at  X:/cpre488/Labs/MP-0/vitus/MP0_wrapper/zynq_fsbl/zynq_fsbl_bsp/system.mss
TRACE::2026-02-03.17:03:22::SCWMssOS::mss exists loading the mss file  X:/cpre488/Labs/MP-0/vitus/MP0_wrapper/zynq_fsbl/zynq_fsbl_bsp/system.mss
TRACE::2026-02-03.17:03:22::SCWMssOS::Opened the sw design from mss  X:/cpre488/Labs/MP-0/vitus/MP0_wrapper/zynq_fsbl/zynq_fsbl_bsp/system.mss
TRACE::2026-02-03.17:03:22::SCWMssOS::Adding the swdes entry X:/cpre488/Labs/MP-0/vitus/MP0_wrapper/zynq_fsbl/zynq_fsbl_bsp/system.mss with des name system
TRACE::2026-02-03.17:03:22::SCWMssOS::updating the scw layer about changes
TRACE::2026-02-03.17:03:22::SCWMssOS::Opened the sw design.  X:/cpre488/Labs/MP-0/vitus/MP0_wrapper/zynq_fsbl/zynq_fsbl_bsp/system.mss
TRACE::2026-02-03.17:03:22::SCWPlatform::Trying to open the hw design at X:/cpre488/Labs/MP-0/vitus/MP0_wrapper/hw/MP0_wrapper.xsa
TRACE::2026-02-03.17:03:22::SCWPlatform::DSA given X:/cpre488/Labs/MP-0/vitus/MP0_wrapper/hw/MP0_wrapper.xsa
TRACE::2026-02-03.17:03:22::SCWPlatform::DSA absoulate path X:/cpre488/Labs/MP-0/vitus/MP0_wrapper/hw/MP0_wrapper.xsa
TRACE::2026-02-03.17:03:22::SCWPlatform::DSA directory X:/cpre488/Labs/MP-0/vitus/MP0_wrapper/hw
TRACE::2026-02-03.17:03:22::SCWPlatform:: Platform Path X:/cpre488/Labs/MP-0/vitus/MP0_wrapper/hw/MP0_wrapper.xsa
TRACE::2026-02-03.17:03:22::SCWPlatform:: Unique name xilinx:zed::0.0
TRACE::2026-02-03.17:03:22::SCWPlatform::Trying to set the existing hwdb with name MP0_wrapper_0
TRACE::2026-02-03.17:03:22::SCWPlatform::Opened existing hwdb MP0_wrapper_0
TRACE::2026-02-03.17:03:22::SCWPlatform::Found the Hw Db part of the input DSA
TRACE::2026-02-03.17:03:22::SCWMssOS::Checking the sw design at  X:/cpre488/Labs/MP-0/vitus/MP0_wrapper/zynq_fsbl/zynq_fsbl_bsp/system.mss
TRACE::2026-02-03.17:03:22::SCWMssOS::DEBUG:  swdes dump  X:/cpre488/Labs/MP-0/vitus/MP0_wrapper/zynq_fsbl/zynq_fsbl_bsp/system.mss|system||

TRACE::2026-02-03.17:03:22::SCWMssOS::Sw design exists and opened at  X:/cpre488/Labs/MP-0/vitus/MP0_wrapper/zynq_fsbl/zynq_fsbl_bsp/system.mss
TRACE::2026-02-03.17:03:22::SCWMssOS:: library already available in sw design:  xilffs:4.3
TRACE::2026-02-03.17:03:22::SCWPlatform::Trying to open the hw design at X:/cpre488/Labs/MP-0/vitus/MP0_wrapper/hw/MP0_wrapper.xsa
TRACE::2026-02-03.17:03:22::SCWPlatform::DSA given X:/cpre488/Labs/MP-0/vitus/MP0_wrapper/hw/MP0_wrapper.xsa
TRACE::2026-02-03.17:03:22::SCWPlatform::DSA absoulate path X:/cpre488/Labs/MP-0/vitus/MP0_wrapper/hw/MP0_wrapper.xsa
TRACE::2026-02-03.17:03:22::SCWPlatform::DSA directory X:/cpre488/Labs/MP-0/vitus/MP0_wrapper/hw
TRACE::2026-02-03.17:03:22::SCWPlatform:: Platform Path X:/cpre488/Labs/MP-0/vitus/MP0_wrapper/hw/MP0_wrapper.xsa
TRACE::2026-02-03.17:03:22::SCWPlatform:: Unique name xilinx:zed::0.0
TRACE::2026-02-03.17:03:22::SCWPlatform::Trying to set the existing hwdb with name MP0_wrapper_0
TRACE::2026-02-03.17:03:22::SCWPlatform::Opened existing hwdb MP0_wrapper_0
TRACE::2026-02-03.17:03:22::SCWPlatform::Found the Hw Db part of the input DSA
TRACE::2026-02-03.17:03:22::SCWMssOS::Checking the sw design at  X:/cpre488/Labs/MP-0/vitus/MP0_wrapper/zynq_fsbl/zynq_fsbl_bsp/system.mss
TRACE::2026-02-03.17:03:22::SCWMssOS::DEBUG:  swdes dump  X:/cpre488/Labs/MP-0/vitus/MP0_wrapper/zynq_fsbl/zynq_fsbl_bsp/system.mss|system||

TRACE::2026-02-03.17:03:22::SCWMssOS::Sw design exists and opened at  X:/cpre488/Labs/MP-0/vitus/MP0_wrapper/zynq_fsbl/zynq_fsbl_bsp/system.mss
TRACE::2026-02-03.17:03:22::SCWMssOS:: library already available in sw design:  xilrsa:1.6
TRACE::2026-02-03.17:03:22::SCWMssOS::Saving the mss changes X:/cpre488/Labs/MP-0/vitus/MP0_wrapper/zynq_fsbl/zynq_fsbl_bsp/system.mss
TRACE::2026-02-03.17:03:22::SCWMssOS::Found a swdesign opened with the mssfile.
TRACE::2026-02-03.17:03:22::SCWMssOS::Completed writemss as part of save.
TRACE::2026-02-03.17:03:22::SCWMssOS::Commit changes completed.
TRACE::2026-02-03.17:03:22::SCWReader::Adding prebuilt librarypaths as   
TRACE::2026-02-03.17:03:22::SCWReader::Adding prebuilt incpaths  as   
TRACE::2026-02-03.17:03:22::SCWPlatform::Trying to open the hw design at X:/cpre488/Labs/MP-0/vitus/MP0_wrapper/hw/MP0_wrapper.xsa
TRACE::2026-02-03.17:03:22::SCWPlatform::DSA given X:/cpre488/Labs/MP-0/vitus/MP0_wrapper/hw/MP0_wrapper.xsa
TRACE::2026-02-03.17:03:22::SCWPlatform::DSA absoulate path X:/cpre488/Labs/MP-0/vitus/MP0_wrapper/hw/MP0_wrapper.xsa
TRACE::2026-02-03.17:03:22::SCWPlatform::DSA directory X:/cpre488/Labs/MP-0/vitus/MP0_wrapper/hw
TRACE::2026-02-03.17:03:22::SCWPlatform:: Platform Path X:/cpre488/Labs/MP-0/vitus/MP0_wrapper/hw/MP0_wrapper.xsa
TRACE::2026-02-03.17:03:22::SCWPlatform:: Unique name xilinx:zed::0.0
TRACE::2026-02-03.17:03:22::SCWPlatform::Trying to set the existing hwdb with name MP0_wrapper_0
TRACE::2026-02-03.17:03:22::SCWPlatform::Opened existing hwdb MP0_wrapper_0
TRACE::2026-02-03.17:03:22::SCWPlatform::Found the Hw Db part of the input DSA
TRACE::2026-02-03.17:03:22::SCWMssOS::Checking the sw design at  X:/cpre488/Labs/MP-0/vitus/MP0_wrapper/zynq_fsbl/zynq_fsbl_bsp/system.mss
TRACE::2026-02-03.17:03:22::SCWMssOS::DEBUG:  swdes dump  X:/cpre488/Labs/MP-0/vitus/MP0_wrapper/zynq_fsbl/zynq_fsbl_bsp/system.mss|system||

TRACE::2026-02-03.17:03:22::SCWMssOS::Sw design exists and opened at  X:/cpre488/Labs/MP-0/vitus/MP0_wrapper/zynq_fsbl/zynq_fsbl_bsp/system.mss
TRACE::2026-02-03.17:03:22::SCWReader::No isolation master present  
TRACE::2026-02-03.17:03:22::SCWDomain::checking for install qemu data   : 
TRACE::2026-02-03.17:03:22::SCWDomain:: Using the QEMU Data from install at  : C:/Xilinx/Vitis/2020.1/data/emulation/platforms/zynq/qemu/
TRACE::2026-02-03.17:03:22::SCWDomain:: Using the QEMU args  from install at  : C:/Xilinx/Vitis/2020.1/data/emulation/platforms/zynq/qemu/qemu_args.txt
TRACE::2026-02-03.17:03:22::SCWPlatform::Trying to open the hw design at X:/cpre488/Labs/MP-0/vitus/MP0_wrapper/hw/MP0_wrapper.xsa
TRACE::2026-02-03.17:03:22::SCWPlatform::DSA given X:/cpre488/Labs/MP-0/vitus/MP0_wrapper/hw/MP0_wrapper.xsa
TRACE::2026-02-03.17:03:22::SCWPlatform::DSA absoulate path X:/cpre488/Labs/MP-0/vitus/MP0_wrapper/hw/MP0_wrapper.xsa
TRACE::2026-02-03.17:03:22::SCWPlatform::DSA directory X:/cpre488/Labs/MP-0/vitus/MP0_wrapper/hw
TRACE::2026-02-03.17:03:22::SCWPlatform:: Platform Path X:/cpre488/Labs/MP-0/vitus/MP0_wrapper/hw/MP0_wrapper.xsa
TRACE::2026-02-03.17:03:22::SCWPlatform:: Unique name xilinx:zed::0.0
TRACE::2026-02-03.17:03:22::SCWPlatform::Trying to set the existing hwdb with name MP0_wrapper_0
TRACE::2026-02-03.17:03:22::SCWPlatform::Opened existing hwdb MP0_wrapper_0
TRACE::2026-02-03.17:03:22::SCWPlatform::Found the Hw Db part of the input DSA
TRACE::2026-02-03.17:03:22::SCWPlatform::Trying to open the hw design at X:/cpre488/Labs/MP-0/vitus/MP0_wrapper/hw/MP0_wrapper.xsa
TRACE::2026-02-03.17:03:22::SCWPlatform::DSA given X:/cpre488/Labs/MP-0/vitus/MP0_wrapper/hw/MP0_wrapper.xsa
TRACE::2026-02-03.17:03:22::SCWPlatform::DSA absoulate path X:/cpre488/Labs/MP-0/vitus/MP0_wrapper/hw/MP0_wrapper.xsa
TRACE::2026-02-03.17:03:22::SCWPlatform::DSA directory X:/cpre488/Labs/MP-0/vitus/MP0_wrapper/hw
TRACE::2026-02-03.17:03:22::SCWPlatform:: Platform Path X:/cpre488/Labs/MP-0/vitus/MP0_wrapper/hw/MP0_wrapper.xsa
TRACE::2026-02-03.17:03:22::SCWPlatform:: Unique name xilinx:zed::0.0
TRACE::2026-02-03.17:03:22::SCWPlatform::Trying to set the existing hwdb with name MP0_wrapper_0
TRACE::2026-02-03.17:03:22::SCWPlatform::Opened existing hwdb MP0_wrapper_0
TRACE::2026-02-03.17:03:22::SCWPlatform::Found the Hw Db part of the input DSA
TRACE::2026-02-03.17:03:22::SCWPlatform::Trying to open the hw design at X:/cpre488/Labs/MP-0/vitus/MP0_wrapper/hw/MP0_wrapper.xsa
TRACE::2026-02-03.17:03:22::SCWPlatform::DSA given X:/cpre488/Labs/MP-0/vitus/MP0_wrapper/hw/MP0_wrapper.xsa
TRACE::2026-02-03.17:03:22::SCWPlatform::DSA absoulate path X:/cpre488/Labs/MP-0/vitus/MP0_wrapper/hw/MP0_wrapper.xsa
TRACE::2026-02-03.17:03:22::SCWPlatform::DSA directory X:/cpre488/Labs/MP-0/vitus/MP0_wrapper/hw
TRACE::2026-02-03.17:03:22::SCWPlatform:: Platform Path X:/cpre488/Labs/MP-0/vitus/MP0_wrapper/hw/MP0_wrapper.xsa
TRACE::2026-02-03.17:03:22::SCWPlatform:: Unique name xilinx:zed::0.0
TRACE::2026-02-03.17:03:22::SCWPlatform::Trying to set the existing hwdb with name MP0_wrapper_0
TRACE::2026-02-03.17:03:22::SCWPlatform::Opened existing hwdb MP0_wrapper_0
TRACE::2026-02-03.17:03:22::SCWPlatform::Found the Hw Db part of the input DSA
TRACE::2026-02-03.17:03:22::SCWMssOS::Checking the sw design at  X:/cpre488/Labs/MP-0/vitus/MP0_wrapper/ps7_cortexa9_0/domain_ps7_cortexa9_0/bsp/system.mss
TRACE::2026-02-03.17:03:22::SCWMssOS::DEBUG:  swdes dump  X:/cpre488/Labs/MP-0/vitus/MP0_wrapper/zynq_fsbl/zynq_fsbl_bsp/system.mss|system||

TRACE::2026-02-03.17:03:22::SCWMssOS::No sw design opened at  X:/cpre488/Labs/MP-0/vitus/MP0_wrapper/ps7_cortexa9_0/domain_ps7_cortexa9_0/bsp/system.mss
TRACE::2026-02-03.17:03:22::SCWMssOS::mss exists loading the mss file  X:/cpre488/Labs/MP-0/vitus/MP0_wrapper/ps7_cortexa9_0/domain_ps7_cortexa9_0/bsp/system.mss
TRACE::2026-02-03.17:03:22::SCWMssOS::Opened the sw design from mss  X:/cpre488/Labs/MP-0/vitus/MP0_wrapper/ps7_cortexa9_0/domain_ps7_cortexa9_0/bsp/system.mss
TRACE::2026-02-03.17:03:22::SCWMssOS::Adding the swdes entry X:/cpre488/Labs/MP-0/vitus/MP0_wrapper/ps7_cortexa9_0/domain_ps7_cortexa9_0/bsp/system.mss with des name system_0
TRACE::2026-02-03.17:03:22::SCWMssOS::updating the scw layer about changes
TRACE::2026-02-03.17:03:22::SCWMssOS::Opened the sw design.  X:/cpre488/Labs/MP-0/vitus/MP0_wrapper/ps7_cortexa9_0/domain_ps7_cortexa9_0/bsp/system.mss
TRACE::2026-02-03.17:03:22::SCWMssOS::Saving the mss changes X:/cpre488/Labs/MP-0/vitus/MP0_wrapper/ps7_cortexa9_0/domain_ps7_cortexa9_0/bsp/system.mss
TRACE::2026-02-03.17:03:22::SCWMssOS::Found a swdesign opened with the mssfile.
TRACE::2026-02-03.17:03:22::SCWMssOS::Completed writemss as part of save.
TRACE::2026-02-03.17:03:22::SCWMssOS::Commit changes completed.
TRACE::2026-02-03.17:03:22::SCWReader::Adding prebuilt librarypaths as   
TRACE::2026-02-03.17:03:22::SCWReader::Adding prebuilt incpaths  as   
TRACE::2026-02-03.17:03:22::SCWPlatform::Trying to open the hw design at X:/cpre488/Labs/MP-0/vitus/MP0_wrapper/hw/MP0_wrapper.xsa
TRACE::2026-02-03.17:03:22::SCWPlatform::DSA given X:/cpre488/Labs/MP-0/vitus/MP0_wrapper/hw/MP0_wrapper.xsa
TRACE::2026-02-03.17:03:22::SCWPlatform::DSA absoulate path X:/cpre488/Labs/MP-0/vitus/MP0_wrapper/hw/MP0_wrapper.xsa
TRACE::2026-02-03.17:03:22::SCWPlatform::DSA directory X:/cpre488/Labs/MP-0/vitus/MP0_wrapper/hw
TRACE::2026-02-03.17:03:22::SCWPlatform:: Platform Path X:/cpre488/Labs/MP-0/vitus/MP0_wrapper/hw/MP0_wrapper.xsa
TRACE::2026-02-03.17:03:22::SCWPlatform:: Unique name xilinx:zed::0.0
TRACE::2026-02-03.17:03:22::SCWPlatform::Trying to set the existing hwdb with name MP0_wrapper_0
TRACE::2026-02-03.17:03:22::SCWPlatform::Opened existing hwdb MP0_wrapper_0
TRACE::2026-02-03.17:03:22::SCWPlatform::Found the Hw Db part of the input DSA
TRACE::2026-02-03.17:03:22::SCWMssOS::Checking the sw design at  X:/cpre488/Labs/MP-0/vitus/MP0_wrapper/ps7_cortexa9_0/domain_ps7_cortexa9_0/bsp/system.mss
TRACE::2026-02-03.17:03:22::SCWMssOS::DEBUG:  swdes dump  X:/cpre488/Labs/MP-0/vitus/MP0_wrapper/ps7_cortexa9_0/domain_ps7_cortexa9_0/bsp/system.mss|system_0||
X:/cpre488/Labs/MP-0/vitus/MP0_wrapper/zynq_fsbl/zynq_fsbl_bsp/system.mss|system||

TRACE::2026-02-03.17:03:22::SCWMssOS::Sw design exists and opened at  X:/cpre488/Labs/MP-0/vitus/MP0_wrapper/ps7_cortexa9_0/domain_ps7_cortexa9_0/bsp/system.mss
TRACE::2026-02-03.17:03:22::SCWReader::No isolation master present  
LOG::2026-02-03.17:03:22::SCWPlatform::Started generating the artifacts platform MP0_wrapper
TRACE::2026-02-03.17:03:22::SCWPlatform::Sanity checking of platform is completed
LOG::2026-02-03.17:03:23::SCWPlatform::Started generating the artifacts for system configuration MP0_wrapper
LOG::2026-02-03.17:03:23::SCWSystem::Checking the domain zynq_fsbl
LOG::2026-02-03.17:03:23::SCWSystem::Doing application build for :  zynq_fsbl
TRACE::2026-02-03.17:03:23::SCWBDomain::Not a forced makefile updation, No changes are present. 
TRACE::2026-02-03.17:03:23::SCWDomain::Building the domain as part of full build :  zynq_fsbl
TRACE::2026-02-03.17:03:23::SCWPlatform::Trying to open the hw design at X:/cpre488/Labs/MP-0/vitus/MP0_wrapper/hw/MP0_wrapper.xsa
TRACE::2026-02-03.17:03:23::SCWPlatform::DSA given X:/cpre488/Labs/MP-0/vitus/MP0_wrapper/hw/MP0_wrapper.xsa
TRACE::2026-02-03.17:03:23::SCWPlatform::DSA absoulate path X:/cpre488/Labs/MP-0/vitus/MP0_wrapper/hw/MP0_wrapper.xsa
TRACE::2026-02-03.17:03:23::SCWPlatform::DSA directory X:/cpre488/Labs/MP-0/vitus/MP0_wrapper/hw
TRACE::2026-02-03.17:03:23::SCWPlatform:: Platform Path X:/cpre488/Labs/MP-0/vitus/MP0_wrapper/hw/MP0_wrapper.xsa
TRACE::2026-02-03.17:03:23::SCWPlatform:: Unique name xilinx:zed::0.0
TRACE::2026-02-03.17:03:23::SCWPlatform::Trying to set the existing hwdb with name MP0_wrapper_0
TRACE::2026-02-03.17:03:23::SCWPlatform::Opened existing hwdb MP0_wrapper_0
TRACE::2026-02-03.17:03:23::SCWPlatform::Found the Hw Db part of the input DSA
TRACE::2026-02-03.17:03:23::SCWMssOS::Checking the sw design at  X:/cpre488/Labs/MP-0/vitus/MP0_wrapper/zynq_fsbl/zynq_fsbl_bsp/system.mss
TRACE::2026-02-03.17:03:23::SCWMssOS::DEBUG:  swdes dump  X:/cpre488/Labs/MP-0/vitus/MP0_wrapper/ps7_cortexa9_0/domain_ps7_cortexa9_0/bsp/system.mss|system_0||
X:/cpre488/Labs/MP-0/vitus/MP0_wrapper/zynq_fsbl/zynq_fsbl_bsp/system.mss|system||

TRACE::2026-02-03.17:03:23::SCWMssOS::Sw design exists and opened at  X:/cpre488/Labs/MP-0/vitus/MP0_wrapper/zynq_fsbl/zynq_fsbl_bsp/system.mss
TRACE::2026-02-03.17:03:23::SCWBDomain::Completed writing the mss file at X:/cpre488/Labs/MP-0/vitus/MP0_wrapper/zynq_fsbl/zynq_fsbl_bsp
TRACE::2026-02-03.17:03:24::SCWBDomain::bsp generated is stale removing and regenerating. 
TRACE::2026-02-03.17:03:27::SCWBDomain::Updating the makefile used for building the Application zynq_fsbl
TRACE::2026-02-03.17:03:27::SCWPlatform::Trying to open the hw design at X:/cpre488/Labs/MP-0/vitus/MP0_wrapper/hw/MP0_wrapper.xsa
TRACE::2026-02-03.17:03:27::SCWPlatform::DSA given X:/cpre488/Labs/MP-0/vitus/MP0_wrapper/hw/MP0_wrapper.xsa
TRACE::2026-02-03.17:03:27::SCWPlatform::DSA absoulate path X:/cpre488/Labs/MP-0/vitus/MP0_wrapper/hw/MP0_wrapper.xsa
TRACE::2026-02-03.17:03:27::SCWPlatform::DSA directory X:/cpre488/Labs/MP-0/vitus/MP0_wrapper/hw
TRACE::2026-02-03.17:03:27::SCWPlatform:: Platform Path X:/cpre488/Labs/MP-0/vitus/MP0_wrapper/hw/MP0_wrapper.xsa
TRACE::2026-02-03.17:03:27::SCWPlatform:: Unique name xilinx:zed::0.0
TRACE::2026-02-03.17:03:27::SCWPlatform::Trying to set the existing hwdb with name MP0_wrapper_0
TRACE::2026-02-03.17:03:27::SCWPlatform::Opened existing hwdb MP0_wrapper_0
TRACE::2026-02-03.17:03:27::SCWPlatform::Found the Hw Db part of the input DSA
TRACE::2026-02-03.17:03:27::SCWMssOS::Checking the sw design at  X:/cpre488/Labs/MP-0/vitus/MP0_wrapper/zynq_fsbl/zynq_fsbl_bsp/system.mss
TRACE::2026-02-03.17:03:27::SCWMssOS::DEBUG:  swdes dump  X:/cpre488/Labs/MP-0/vitus/MP0_wrapper/ps7_cortexa9_0/domain_ps7_cortexa9_0/bsp/system.mss|system_0||
X:/cpre488/Labs/MP-0/vitus/MP0_wrapper/zynq_fsbl/zynq_fsbl_bsp/system.mss|system||

KEYINFO::2026-02-03.17:03:27::SCWMssOS::Could not open the swdb for system
KEYINFO::2026-02-03.17:03:27::SCWMssOS::Could not open the sw design at  system
ERROR: [Hsi 55-1558] Software Design system is not found

TRACE::2026-02-03.17:03:27::SCWMssOS::Cleared the swdb table entry
TRACE::2026-02-03.17:03:27::SCWMssOS::No sw design opened at  X:/cpre488/Labs/MP-0/vitus/MP0_wrapper/zynq_fsbl/zynq_fsbl_bsp/system.mss
TRACE::2026-02-03.17:03:27::SCWMssOS::mss exists loading the mss file  X:/cpre488/Labs/MP-0/vitus/MP0_wrapper/zynq_fsbl/zynq_fsbl_bsp/system.mss
TRACE::2026-02-03.17:03:27::SCWMssOS::Opened the sw design from mss  X:/cpre488/Labs/MP-0/vitus/MP0_wrapper/zynq_fsbl/zynq_fsbl_bsp/system.mss
TRACE::2026-02-03.17:03:27::SCWMssOS::Adding the swdes entry X:/cpre488/Labs/MP-0/vitus/MP0_wrapper/zynq_fsbl/zynq_fsbl_bsp/system.mss with des name system
TRACE::2026-02-03.17:03:27::SCWMssOS::updating the scw layer about changes
TRACE::2026-02-03.17:03:27::SCWMssOS::Opened the sw design.  X:/cpre488/Labs/MP-0/vitus/MP0_wrapper/zynq_fsbl/zynq_fsbl_bsp/system.mss
TRACE::2026-02-03.17:03:30::SCWBDomain::removing the temporary location in _platform.
TRACE::2026-02-03.17:03:30::SCWBDomain::Makefile is Updated.
TRACE::2026-02-03.17:03:30::SCWBDomain::doing clean.
TRACE::2026-02-03.17:03:30::SCWBDomain::System Command Ran  X:&  cd  X:/cpre488/Labs/MP-0/vitus/MP0_wrapper/zynq_fsbl & make clean
TRACE::2026-02-03.17:03:30::SCWBDomain::rm -rf  sd.o  nand.o  image_mover.o  md5.o  fsbl_hooks.o  main.o  nor.o  qspi.o  rsa.o  ps7_init.o  pcap.o  fsbl_handoff.o zynq
TRACE::2026-02-03.17:03:30::SCWBDomain::_fsbl_bsp/ps7_cortexa9_0/lib/libxil.a executable.elf *.o

TRACE::2026-02-03.17:03:31::SCWBDomain::System Command Ran  X:&  cd  X:/cpre488/Labs/MP-0/vitus/MP0_wrapper/zynq_fsbl & make 
TRACE::2026-02-03.17:03:31::SCWBDomain::make -C zynq_fsbl_bsp

TRACE::2026-02-03.17:03:31::SCWBDomain::make[1]: Entering directory 'X:/cpre488/Labs/MP-0/vitus/MP0_wrapper/zynq_fsbl/zynq_fsbl_bsp'

TRACE::2026-02-03.17:03:31::SCWBDomain::"Running Make include in ps7_cortexa9_0/libsrc/axivdma_v6_7/src"

TRACE::2026-02-03.17:03:31::SCWBDomain::make -C ps7_cortexa9_0/libsrc/axivdma_v6_7/src -s include  "SHELL=CMD" "COMPILER=arm-none-eabi-gcc" "ASSEMBLER=arm-none-eabi-as
TRACE::2026-02-03.17:03:31::SCWBDomain::" "ARCHIVER=arm-none-eabi-ar" "COMPILER_FLAGS=  -O2 -c" "EXTRA_COMPILER_FLAGS=-mcpu=cortex-a9 -mfpu=vfpv3 -mfloat-abi=hard -nos
TRACE::2026-02-03.17:03:31::SCWBDomain::tartfiles -g -Wall -Wextra"

TRACE::2026-02-03.17:03:31::SCWBDomain::make[2]: Entering directory 'X:/cpre488/Labs/MP-0/vitus/MP0_wrapper/zynq_fsbl/zynq_fsbl_bsp/ps7_cortexa9_0/libsrc/axivdma_v6_7/
TRACE::2026-02-03.17:03:31::SCWBDomain::src'

TRACE::2026-02-03.17:03:31::SCWBDomain::make[2]: Leaving directory 'X:/cpre488/Labs/MP-0/vitus/MP0_wrapper/zynq_fsbl/zynq_fsbl_bsp/ps7_cortexa9_0/libsrc/axivdma_v6_7/s
TRACE::2026-02-03.17:03:31::SCWBDomain::rc'

TRACE::2026-02-03.17:03:31::SCWBDomain::"Running Make include in ps7_cortexa9_0/libsrc/coresightps_dcc_v1_7/src"

TRACE::2026-02-03.17:03:31::SCWBDomain::make -C ps7_cortexa9_0/libsrc/coresightps_dcc_v1_7/src -s include  "SHELL=CMD" "COMPILER=arm-none-eabi-gcc" "ASSEMBLER=arm-none
TRACE::2026-02-03.17:03:31::SCWBDomain::-eabi-as" "ARCHIVER=arm-none-eabi-ar" "COMPILER_FLAGS=  -O2 -c" "EXTRA_COMPILER_FLAGS=-mcpu=cortex-a9 -mfpu=vfpv3 -mfloat-abi=h
TRACE::2026-02-03.17:03:31::SCWBDomain::ard -nostartfiles -g -Wall -Wextra"

TRACE::2026-02-03.17:03:31::SCWBDomain::make[2]: Entering directory 'X:/cpre488/Labs/MP-0/vitus/MP0_wrapper/zynq_fsbl/zynq_fsbl_bsp/ps7_cortexa9_0/libsrc/coresightps_d
TRACE::2026-02-03.17:03:31::SCWBDomain::cc_v1_7/src'

TRACE::2026-02-03.17:03:31::SCWBDomain::make[2]: Leaving directory 'X:/cpre488/Labs/MP-0/vitus/MP0_wrapper/zynq_fsbl/zynq_fsbl_bsp/ps7_cortexa9_0/libsrc/coresightps_dc
TRACE::2026-02-03.17:03:31::SCWBDomain::c_v1_7/src'

TRACE::2026-02-03.17:03:31::SCWBDomain::"Running Make include in ps7_cortexa9_0/libsrc/cpu_cortexa9_v2_9/src"

TRACE::2026-02-03.17:03:31::SCWBDomain::make -C ps7_cortexa9_0/libsrc/cpu_cortexa9_v2_9/src -s include  "SHELL=CMD" "COMPILER=arm-none-eabi-gcc" "ASSEMBLER=arm-none-ea
TRACE::2026-02-03.17:03:31::SCWBDomain::bi-as" "ARCHIVER=arm-none-eabi-ar" "COMPILER_FLAGS=  -O2 -c" "EXTRA_COMPILER_FLAGS=-mcpu=cortex-a9 -mfpu=vfpv3 -mfloat-abi=hard
TRACE::2026-02-03.17:03:31::SCWBDomain:: -nostartfiles -g -Wall -Wextra"

TRACE::2026-02-03.17:03:31::SCWBDomain::make[2]: Entering directory 'X:/cpre488/Labs/MP-0/vitus/MP0_wrapper/zynq_fsbl/zynq_fsbl_bsp/ps7_cortexa9_0/libsrc/cpu_cortexa9_
TRACE::2026-02-03.17:03:31::SCWBDomain::v2_9/src'

TRACE::2026-02-03.17:03:31::SCWBDomain::make[2]: Leaving directory 'X:/cpre488/Labs/MP-0/vitus/MP0_wrapper/zynq_fsbl/zynq_fsbl_bsp/ps7_cortexa9_0/libsrc/cpu_cortexa9_v
TRACE::2026-02-03.17:03:31::SCWBDomain::2_9/src'

TRACE::2026-02-03.17:03:31::SCWBDomain::"Running Make include in ps7_cortexa9_0/libsrc/ddrps_v1_1/src"

TRACE::2026-02-03.17:03:31::SCWBDomain::make -C ps7_cortexa9_0/libsrc/ddrps_v1_1/src -s include  "SHELL=CMD" "COMPILER=arm-none-eabi-gcc" "ASSEMBLER=arm-none-eabi-as" 
TRACE::2026-02-03.17:03:31::SCWBDomain::"ARCHIVER=arm-none-eabi-ar" "COMPILER_FLAGS=  -O2 -c" "EXTRA_COMPILER_FLAGS=-mcpu=cortex-a9 -mfpu=vfpv3 -mfloat-abi=hard -nosta
TRACE::2026-02-03.17:03:31::SCWBDomain::rtfiles -g -Wall -Wextra"

TRACE::2026-02-03.17:03:32::SCWBDomain::make[2]: Entering directory 'X:/cpre488/Labs/MP-0/vitus/MP0_wrapper/zynq_fsbl/zynq_fsbl_bsp/ps7_cortexa9_0/libsrc/ddrps_v1_1/sr
TRACE::2026-02-03.17:03:32::SCWBDomain::c'

TRACE::2026-02-03.17:03:32::SCWBDomain::make[2]: Leaving directory 'X:/cpre488/Labs/MP-0/vitus/MP0_wrapper/zynq_fsbl/zynq_fsbl_bsp/ps7_cortexa9_0/libsrc/ddrps_v1_1/src
TRACE::2026-02-03.17:03:32::SCWBDomain::'

TRACE::2026-02-03.17:03:32::SCWBDomain::"Running Make include in ps7_cortexa9_0/libsrc/devcfg_v3_6/src"

TRACE::2026-02-03.17:03:32::SCWBDomain::make -C ps7_cortexa9_0/libsrc/devcfg_v3_6/src -s include  "SHELL=CMD" "COMPILER=arm-none-eabi-gcc" "ASSEMBLER=arm-none-eabi-as"
TRACE::2026-02-03.17:03:32::SCWBDomain:: "ARCHIVER=arm-none-eabi-ar" "COMPILER_FLAGS=  -O2 -c" "EXTRA_COMPILER_FLAGS=-mcpu=cortex-a9 -mfpu=vfpv3 -mfloat-abi=hard -nost
TRACE::2026-02-03.17:03:32::SCWBDomain::artfiles -g -Wall -Wextra"

TRACE::2026-02-03.17:03:32::SCWBDomain::make[2]: Entering directory 'X:/cpre488/Labs/MP-0/vitus/MP0_wrapper/zynq_fsbl/zynq_fsbl_bsp/ps7_cortexa9_0/libsrc/devcfg_v3_6/s
TRACE::2026-02-03.17:03:32::SCWBDomain::rc'

TRACE::2026-02-03.17:03:32::SCWBDomain::make[2]: Leaving directory 'X:/cpre488/Labs/MP-0/vitus/MP0_wrapper/zynq_fsbl/zynq_fsbl_bsp/ps7_cortexa9_0/libsrc/devcfg_v3_6/sr
TRACE::2026-02-03.17:03:32::SCWBDomain::c'

TRACE::2026-02-03.17:03:32::SCWBDomain::"Running Make include in ps7_cortexa9_0/libsrc/dmaps_v2_6/src"

TRACE::2026-02-03.17:03:32::SCWBDomain::make -C ps7_cortexa9_0/libsrc/dmaps_v2_6/src -s include  "SHELL=CMD" "COMPILER=arm-none-eabi-gcc" "ASSEMBLER=arm-none-eabi-as" 
TRACE::2026-02-03.17:03:32::SCWBDomain::"ARCHIVER=arm-none-eabi-ar" "COMPILER_FLAGS=  -O2 -c" "EXTRA_COMPILER_FLAGS=-mcpu=cortex-a9 -mfpu=vfpv3 -mfloat-abi=hard -nosta
TRACE::2026-02-03.17:03:32::SCWBDomain::rtfiles -g -Wall -Wextra"

TRACE::2026-02-03.17:03:32::SCWBDomain::make[2]: Entering directory 'X:/cpre488/Labs/MP-0/vitus/MP0_wrapper/zynq_fsbl/zynq_fsbl_bsp/ps7_cortexa9_0/libsrc/dmaps_v2_6/sr
TRACE::2026-02-03.17:03:32::SCWBDomain::c'

TRACE::2026-02-03.17:03:32::SCWBDomain::make[2]: Leaving directory 'X:/cpre488/Labs/MP-0/vitus/MP0_wrapper/zynq_fsbl/zynq_fsbl_bsp/ps7_cortexa9_0/libsrc/dmaps_v2_6/src
TRACE::2026-02-03.17:03:32::SCWBDomain::'

TRACE::2026-02-03.17:03:32::SCWBDomain::"Running Make include in ps7_cortexa9_0/libsrc/emacps_v3_11/src"

TRACE::2026-02-03.17:03:32::SCWBDomain::make -C ps7_cortexa9_0/libsrc/emacps_v3_11/src -s include  "SHELL=CMD" "COMPILER=arm-none-eabi-gcc" "ASSEMBLER=arm-none-eabi-as
TRACE::2026-02-03.17:03:32::SCWBDomain::" "ARCHIVER=arm-none-eabi-ar" "COMPILER_FLAGS=  -O2 -c" "EXTRA_COMPILER_FLAGS=-mcpu=cortex-a9 -mfpu=vfpv3 -mfloat-abi=hard -nos
TRACE::2026-02-03.17:03:32::SCWBDomain::tartfiles -g -Wall -Wextra"

TRACE::2026-02-03.17:03:32::SCWBDomain::make[2]: Entering directory 'X:/cpre488/Labs/MP-0/vitus/MP0_wrapper/zynq_fsbl/zynq_fsbl_bsp/ps7_cortexa9_0/libsrc/emacps_v3_11/
TRACE::2026-02-03.17:03:32::SCWBDomain::src'

TRACE::2026-02-03.17:03:32::SCWBDomain::make[2]: Leaving directory 'X:/cpre488/Labs/MP-0/vitus/MP0_wrapper/zynq_fsbl/zynq_fsbl_bsp/ps7_cortexa9_0/libsrc/emacps_v3_11/s
TRACE::2026-02-03.17:03:32::SCWBDomain::rc'

TRACE::2026-02-03.17:03:32::SCWBDomain::"Running Make include in ps7_cortexa9_0/libsrc/gpiops_v3_7/src"

TRACE::2026-02-03.17:03:32::SCWBDomain::make -C ps7_cortexa9_0/libsrc/gpiops_v3_7/src -s include  "SHELL=CMD" "COMPILER=arm-none-eabi-gcc" "ASSEMBLER=arm-none-eabi-as"
TRACE::2026-02-03.17:03:32::SCWBDomain:: "ARCHIVER=arm-none-eabi-ar" "COMPILER_FLAGS=  -O2 -c" "EXTRA_COMPILER_FLAGS=-mcpu=cortex-a9 -mfpu=vfpv3 -mfloat-abi=hard -nost
TRACE::2026-02-03.17:03:32::SCWBDomain::artfiles -g -Wall -Wextra"

TRACE::2026-02-03.17:03:32::SCWBDomain::make[2]: Entering directory 'X:/cpre488/Labs/MP-0/vitus/MP0_wrapper/zynq_fsbl/zynq_fsbl_bsp/ps7_cortexa9_0/libsrc/gpiops_v3_7/s
TRACE::2026-02-03.17:03:32::SCWBDomain::rc'

TRACE::2026-02-03.17:03:32::SCWBDomain::make[2]: Leaving directory 'X:/cpre488/Labs/MP-0/vitus/MP0_wrapper/zynq_fsbl/zynq_fsbl_bsp/ps7_cortexa9_0/libsrc/gpiops_v3_7/sr
TRACE::2026-02-03.17:03:32::SCWBDomain::c'

TRACE::2026-02-03.17:03:32::SCWBDomain::"Running Make include in ps7_cortexa9_0/libsrc/gpio_v4_6/src"

TRACE::2026-02-03.17:03:32::SCWBDomain::make -C ps7_cortexa9_0/libsrc/gpio_v4_6/src -s include  "SHELL=CMD" "COMPILER=arm-none-eabi-gcc" "ASSEMBLER=arm-none-eabi-as" "
TRACE::2026-02-03.17:03:32::SCWBDomain::ARCHIVER=arm-none-eabi-ar" "COMPILER_FLAGS=  -O2 -c" "EXTRA_COMPILER_FLAGS=-mcpu=cortex-a9 -mfpu=vfpv3 -mfloat-abi=hard -nostar
TRACE::2026-02-03.17:03:32::SCWBDomain::tfiles -g -Wall -Wextra"

TRACE::2026-02-03.17:03:32::SCWBDomain::make[2]: Entering directory 'X:/cpre488/Labs/MP-0/vitus/MP0_wrapper/zynq_fsbl/zynq_fsbl_bsp/ps7_cortexa9_0/libsrc/gpio_v4_6/src
TRACE::2026-02-03.17:03:32::SCWBDomain::'

TRACE::2026-02-03.17:03:32::SCWBDomain::make[2]: Leaving directory 'X:/cpre488/Labs/MP-0/vitus/MP0_wrapper/zynq_fsbl/zynq_fsbl_bsp/ps7_cortexa9_0/libsrc/gpio_v4_6/src'
TRACE::2026-02-03.17:03:32::SCWBDomain::

TRACE::2026-02-03.17:03:32::SCWBDomain::"Running Make include in ps7_cortexa9_0/libsrc/qspips_v3_7/src"

TRACE::2026-02-03.17:03:32::SCWBDomain::make -C ps7_cortexa9_0/libsrc/qspips_v3_7/src -s include  "SHELL=CMD" "COMPILER=arm-none-eabi-gcc" "ASSEMBLER=arm-none-eabi-as"
TRACE::2026-02-03.17:03:32::SCWBDomain:: "ARCHIVER=arm-none-eabi-ar" "COMPILER_FLAGS=  -O2 -c" "EXTRA_COMPILER_FLAGS=-mcpu=cortex-a9 -mfpu=vfpv3 -mfloat-abi=hard -nost
TRACE::2026-02-03.17:03:32::SCWBDomain::artfiles -g -Wall -Wextra"

TRACE::2026-02-03.17:03:32::SCWBDomain::make[2]: Entering directory 'X:/cpre488/Labs/MP-0/vitus/MP0_wrapper/zynq_fsbl/zynq_fsbl_bsp/ps7_cortexa9_0/libsrc/qspips_v3_7/s
TRACE::2026-02-03.17:03:32::SCWBDomain::rc'

TRACE::2026-02-03.17:03:32::SCWBDomain::make[2]: Leaving directory 'X:/cpre488/Labs/MP-0/vitus/MP0_wrapper/zynq_fsbl/zynq_fsbl_bsp/ps7_cortexa9_0/libsrc/qspips_v3_7/sr
TRACE::2026-02-03.17:03:32::SCWBDomain::c'

TRACE::2026-02-03.17:03:32::SCWBDomain::"Running Make include in ps7_cortexa9_0/libsrc/scugic_v4_2/src"

TRACE::2026-02-03.17:03:32::SCWBDomain::make -C ps7_cortexa9_0/libsrc/scugic_v4_2/src -s include  "SHELL=CMD" "COMPILER=arm-none-eabi-gcc" "ASSEMBLER=arm-none-eabi-as"
TRACE::2026-02-03.17:03:32::SCWBDomain:: "ARCHIVER=arm-none-eabi-ar" "COMPILER_FLAGS=  -O2 -c" "EXTRA_COMPILER_FLAGS=-mcpu=cortex-a9 -mfpu=vfpv3 -mfloat-abi=hard -nost
TRACE::2026-02-03.17:03:32::SCWBDomain::artfiles -g -Wall -Wextra"

TRACE::2026-02-03.17:03:32::SCWBDomain::make[2]: Entering directory 'X:/cpre488/Labs/MP-0/vitus/MP0_wrapper/zynq_fsbl/zynq_fsbl_bsp/ps7_cortexa9_0/libsrc/scugic_v4_2/s
TRACE::2026-02-03.17:03:32::SCWBDomain::rc'

TRACE::2026-02-03.17:03:32::SCWBDomain::make[2]: Leaving directory 'X:/cpre488/Labs/MP-0/vitus/MP0_wrapper/zynq_fsbl/zynq_fsbl_bsp/ps7_cortexa9_0/libsrc/scugic_v4_2/sr
TRACE::2026-02-03.17:03:32::SCWBDomain::c'

TRACE::2026-02-03.17:03:32::SCWBDomain::"Running Make include in ps7_cortexa9_0/libsrc/scutimer_v2_2/src"

TRACE::2026-02-03.17:03:32::SCWBDomain::make -C ps7_cortexa9_0/libsrc/scutimer_v2_2/src -s include  "SHELL=CMD" "COMPILER=arm-none-eabi-gcc" "ASSEMBLER=arm-none-eabi-a
TRACE::2026-02-03.17:03:32::SCWBDomain::s" "ARCHIVER=arm-none-eabi-ar" "COMPILER_FLAGS=  -O2 -c" "EXTRA_COMPILER_FLAGS=-mcpu=cortex-a9 -mfpu=vfpv3 -mfloat-abi=hard -no
TRACE::2026-02-03.17:03:32::SCWBDomain::startfiles -g -Wall -Wextra"

TRACE::2026-02-03.17:03:32::SCWBDomain::make[2]: Entering directory 'X:/cpre488/Labs/MP-0/vitus/MP0_wrapper/zynq_fsbl/zynq_fsbl_bsp/ps7_cortexa9_0/libsrc/scutimer_v2_2
TRACE::2026-02-03.17:03:32::SCWBDomain::/src'

TRACE::2026-02-03.17:03:32::SCWBDomain::make[2]: Leaving directory 'X:/cpre488/Labs/MP-0/vitus/MP0_wrapper/zynq_fsbl/zynq_fsbl_bsp/ps7_cortexa9_0/libsrc/scutimer_v2_2/
TRACE::2026-02-03.17:03:32::SCWBDomain::src'

TRACE::2026-02-03.17:03:33::SCWBDomain::"Running Make include in ps7_cortexa9_0/libsrc/scuwdt_v2_2/src"

TRACE::2026-02-03.17:03:33::SCWBDomain::make -C ps7_cortexa9_0/libsrc/scuwdt_v2_2/src -s include  "SHELL=CMD" "COMPILER=arm-none-eabi-gcc" "ASSEMBLER=arm-none-eabi-as"
TRACE::2026-02-03.17:03:33::SCWBDomain:: "ARCHIVER=arm-none-eabi-ar" "COMPILER_FLAGS=  -O2 -c" "EXTRA_COMPILER_FLAGS=-mcpu=cortex-a9 -mfpu=vfpv3 -mfloat-abi=hard -nost
TRACE::2026-02-03.17:03:33::SCWBDomain::artfiles -g -Wall -Wextra"

TRACE::2026-02-03.17:03:33::SCWBDomain::make[2]: Entering directory 'X:/cpre488/Labs/MP-0/vitus/MP0_wrapper/zynq_fsbl/zynq_fsbl_bsp/ps7_cortexa9_0/libsrc/scuwdt_v2_2/s
TRACE::2026-02-03.17:03:33::SCWBDomain::rc'

TRACE::2026-02-03.17:03:33::SCWBDomain::make[2]: Leaving directory 'X:/cpre488/Labs/MP-0/vitus/MP0_wrapper/zynq_fsbl/zynq_fsbl_bsp/ps7_cortexa9_0/libsrc/scuwdt_v2_2/sr
TRACE::2026-02-03.17:03:33::SCWBDomain::c'

TRACE::2026-02-03.17:03:33::SCWBDomain::"Running Make include in ps7_cortexa9_0/libsrc/sdps_v3_9/src"

TRACE::2026-02-03.17:03:33::SCWBDomain::make -C ps7_cortexa9_0/libsrc/sdps_v3_9/src -s include  "SHELL=CMD" "COMPILER=arm-none-eabi-gcc" "ASSEMBLER=arm-none-eabi-as" "
TRACE::2026-02-03.17:03:33::SCWBDomain::ARCHIVER=arm-none-eabi-ar" "COMPILER_FLAGS=  -O2 -c" "EXTRA_COMPILER_FLAGS=-mcpu=cortex-a9 -mfpu=vfpv3 -mfloat-abi=hard -nostar
TRACE::2026-02-03.17:03:33::SCWBDomain::tfiles -g -Wall -Wextra"

TRACE::2026-02-03.17:03:33::SCWBDomain::make[2]: Entering directory 'X:/cpre488/Labs/MP-0/vitus/MP0_wrapper/zynq_fsbl/zynq_fsbl_bsp/ps7_cortexa9_0/libsrc/sdps_v3_9/src
TRACE::2026-02-03.17:03:33::SCWBDomain::'

TRACE::2026-02-03.17:03:33::SCWBDomain::make[2]: Leaving directory 'X:/cpre488/Labs/MP-0/vitus/MP0_wrapper/zynq_fsbl/zynq_fsbl_bsp/ps7_cortexa9_0/libsrc/sdps_v3_9/src'
TRACE::2026-02-03.17:03:33::SCWBDomain::

TRACE::2026-02-03.17:03:33::SCWBDomain::"Running Make include in ps7_cortexa9_0/libsrc/standalone_v7_2/src"

TRACE::2026-02-03.17:03:33::SCWBDomain::make -C ps7_cortexa9_0/libsrc/standalone_v7_2/src -s include  "SHELL=CMD" "COMPILER=arm-none-eabi-gcc" "ASSEMBLER=arm-none-eabi
TRACE::2026-02-03.17:03:33::SCWBDomain::-as" "ARCHIVER=arm-none-eabi-ar" "COMPILER_FLAGS=  -O2 -c" "EXTRA_COMPILER_FLAGS=-mcpu=cortex-a9 -mfpu=vfpv3 -mfloat-abi=hard -
TRACE::2026-02-03.17:03:33::SCWBDomain::nostartfiles -g -Wall -Wextra"

TRACE::2026-02-03.17:03:33::SCWBDomain::make[2]: Entering directory 'X:/cpre488/Labs/MP-0/vitus/MP0_wrapper/zynq_fsbl/zynq_fsbl_bsp/ps7_cortexa9_0/libsrc/standalone_v7
TRACE::2026-02-03.17:03:33::SCWBDomain::_2/src'

TRACE::2026-02-03.17:03:33::SCWBDomain::make[3]: Entering directory 'X:/cpre488/Labs/MP-0/vitus/MP0_wrapper/zynq_fsbl/zynq_fsbl_bsp/ps7_cortexa9_0/libsrc/standalone_v7
TRACE::2026-02-03.17:03:33::SCWBDomain::_2/src/profile'

TRACE::2026-02-03.17:03:33::SCWBDomain::make[3]: Leaving directory 'X:/cpre488/Labs/MP-0/vitus/MP0_wrapper/zynq_fsbl/zynq_fsbl_bsp/ps7_cortexa9_0/libsrc/standalone_v7_
TRACE::2026-02-03.17:03:33::SCWBDomain::2/src/profile'

TRACE::2026-02-03.17:03:33::SCWBDomain::make[2]: Leaving directory 'X:/cpre488/Labs/MP-0/vitus/MP0_wrapper/zynq_fsbl/zynq_fsbl_bsp/ps7_cortexa9_0/libsrc/standalone_v7_
TRACE::2026-02-03.17:03:33::SCWBDomain::2/src'

TRACE::2026-02-03.17:03:33::SCWBDomain::"Running Make include in ps7_cortexa9_0/libsrc/ttcps_v3_11/src"

TRACE::2026-02-03.17:03:33::SCWBDomain::make -C ps7_cortexa9_0/libsrc/ttcps_v3_11/src -s include  "SHELL=CMD" "COMPILER=arm-none-eabi-gcc" "ASSEMBLER=arm-none-eabi-as"
TRACE::2026-02-03.17:03:33::SCWBDomain:: "ARCHIVER=arm-none-eabi-ar" "COMPILER_FLAGS=  -O2 -c" "EXTRA_COMPILER_FLAGS=-mcpu=cortex-a9 -mfpu=vfpv3 -mfloat-abi=hard -nost
TRACE::2026-02-03.17:03:33::SCWBDomain::artfiles -g -Wall -Wextra"

TRACE::2026-02-03.17:03:33::SCWBDomain::make[2]: Entering directory 'X:/cpre488/Labs/MP-0/vitus/MP0_wrapper/zynq_fsbl/zynq_fsbl_bsp/ps7_cortexa9_0/libsrc/ttcps_v3_11/s
TRACE::2026-02-03.17:03:33::SCWBDomain::rc'

TRACE::2026-02-03.17:03:34::SCWBDomain::make[2]: Leaving directory 'X:/cpre488/Labs/MP-0/vitus/MP0_wrapper/zynq_fsbl/zynq_fsbl_bsp/ps7_cortexa9_0/libsrc/ttcps_v3_11/sr
TRACE::2026-02-03.17:03:34::SCWBDomain::c'

TRACE::2026-02-03.17:03:34::SCWBDomain::"Running Make include in ps7_cortexa9_0/libsrc/uartps_v3_9/src"

TRACE::2026-02-03.17:03:34::SCWBDomain::make -C ps7_cortexa9_0/libsrc/uartps_v3_9/src -s include  "SHELL=CMD" "COMPILER=arm-none-eabi-gcc" "ASSEMBLER=arm-none-eabi-as"
TRACE::2026-02-03.17:03:34::SCWBDomain:: "ARCHIVER=arm-none-eabi-ar" "COMPILER_FLAGS=  -O2 -c" "EXTRA_COMPILER_FLAGS=-mcpu=cortex-a9 -mfpu=vfpv3 -mfloat-abi=hard -nost
TRACE::2026-02-03.17:03:34::SCWBDomain::artfiles -g -Wall -Wextra"

TRACE::2026-02-03.17:03:34::SCWBDomain::make[2]: Entering directory 'X:/cpre488/Labs/MP-0/vitus/MP0_wrapper/zynq_fsbl/zynq_fsbl_bsp/ps7_cortexa9_0/libsrc/uartps_v3_9/s
TRACE::2026-02-03.17:03:34::SCWBDomain::rc'

TRACE::2026-02-03.17:03:34::SCWBDomain::make[2]: Leaving directory 'X:/cpre488/Labs/MP-0/vitus/MP0_wrapper/zynq_fsbl/zynq_fsbl_bsp/ps7_cortexa9_0/libsrc/uartps_v3_9/sr
TRACE::2026-02-03.17:03:34::SCWBDomain::c'

TRACE::2026-02-03.17:03:34::SCWBDomain::"Running Make include in ps7_cortexa9_0/libsrc/usbps_v2_5/src"

TRACE::2026-02-03.17:03:34::SCWBDomain::make -C ps7_cortexa9_0/libsrc/usbps_v2_5/src -s include  "SHELL=CMD" "COMPILER=arm-none-eabi-gcc" "ASSEMBLER=arm-none-eabi-as" 
TRACE::2026-02-03.17:03:34::SCWBDomain::"ARCHIVER=arm-none-eabi-ar" "COMPILER_FLAGS=  -O2 -c" "EXTRA_COMPILER_FLAGS=-mcpu=cortex-a9 -mfpu=vfpv3 -mfloat-abi=hard -nosta
TRACE::2026-02-03.17:03:34::SCWBDomain::rtfiles -g -Wall -Wextra"

TRACE::2026-02-03.17:03:34::SCWBDomain::make[2]: Entering directory 'X:/cpre488/Labs/MP-0/vitus/MP0_wrapper/zynq_fsbl/zynq_fsbl_bsp/ps7_cortexa9_0/libsrc/usbps_v2_5/sr
TRACE::2026-02-03.17:03:34::SCWBDomain::c'

TRACE::2026-02-03.17:03:34::SCWBDomain::make[2]: Leaving directory 'X:/cpre488/Labs/MP-0/vitus/MP0_wrapper/zynq_fsbl/zynq_fsbl_bsp/ps7_cortexa9_0/libsrc/usbps_v2_5/src
TRACE::2026-02-03.17:03:34::SCWBDomain::'

TRACE::2026-02-03.17:03:34::SCWBDomain::"Running Make include in ps7_cortexa9_0/libsrc/vtc_v8_2/src"

TRACE::2026-02-03.17:03:34::SCWBDomain::make -C ps7_cortexa9_0/libsrc/vtc_v8_2/src -s include  "SHELL=CMD" "COMPILER=arm-none-eabi-gcc" "ASSEMBLER=arm-none-eabi-as" "A
TRACE::2026-02-03.17:03:34::SCWBDomain::RCHIVER=arm-none-eabi-ar" "COMPILER_FLAGS=  -O2 -c" "EXTRA_COMPILER_FLAGS=-mcpu=cortex-a9 -mfpu=vfpv3 -mfloat-abi=hard -nostart
TRACE::2026-02-03.17:03:34::SCWBDomain::files -g -Wall -Wextra"

TRACE::2026-02-03.17:03:34::SCWBDomain::make[2]: Entering directory 'X:/cpre488/Labs/MP-0/vitus/MP0_wrapper/zynq_fsbl/zynq_fsbl_bsp/ps7_cortexa9_0/libsrc/vtc_v8_2/src'
TRACE::2026-02-03.17:03:34::SCWBDomain::

TRACE::2026-02-03.17:03:34::SCWBDomain::make[2]: Leaving directory 'X:/cpre488/Labs/MP-0/vitus/MP0_wrapper/zynq_fsbl/zynq_fsbl_bsp/ps7_cortexa9_0/libsrc/vtc_v8_2/src'

TRACE::2026-02-03.17:03:34::SCWBDomain::"Running Make include in ps7_cortexa9_0/libsrc/xadcps_v2_4/src"

TRACE::2026-02-03.17:03:34::SCWBDomain::make -C ps7_cortexa9_0/libsrc/xadcps_v2_4/src -s include  "SHELL=CMD" "COMPILER=arm-none-eabi-gcc" "ASSEMBLER=arm-none-eabi-as"
TRACE::2026-02-03.17:03:34::SCWBDomain:: "ARCHIVER=arm-none-eabi-ar" "COMPILER_FLAGS=  -O2 -c" "EXTRA_COMPILER_FLAGS=-mcpu=cortex-a9 -mfpu=vfpv3 -mfloat-abi=hard -nost
TRACE::2026-02-03.17:03:34::SCWBDomain::artfiles -g -Wall -Wextra"

TRACE::2026-02-03.17:03:34::SCWBDomain::make[2]: Entering directory 'X:/cpre488/Labs/MP-0/vitus/MP0_wrapper/zynq_fsbl/zynq_fsbl_bsp/ps7_cortexa9_0/libsrc/xadcps_v2_4/s
TRACE::2026-02-03.17:03:34::SCWBDomain::rc'

TRACE::2026-02-03.17:03:34::SCWBDomain::make[2]: Leaving directory 'X:/cpre488/Labs/MP-0/vitus/MP0_wrapper/zynq_fsbl/zynq_fsbl_bsp/ps7_cortexa9_0/libsrc/xadcps_v2_4/sr
TRACE::2026-02-03.17:03:34::SCWBDomain::c'

TRACE::2026-02-03.17:03:34::SCWBDomain::"Running Make include in ps7_cortexa9_0/libsrc/xilffs_v4_3/src"

TRACE::2026-02-03.17:03:34::SCWBDomain::make -C ps7_cortexa9_0/libsrc/xilffs_v4_3/src -s include  "SHELL=CMD" "COMPILER=arm-none-eabi-gcc" "ASSEMBLER=arm-none-eabi-as"
TRACE::2026-02-03.17:03:34::SCWBDomain:: "ARCHIVER=arm-none-eabi-ar" "COMPILER_FLAGS=  -O2 -c" "EXTRA_COMPILER_FLAGS=-mcpu=cortex-a9 -mfpu=vfpv3 -mfloat-abi=hard -nost
TRACE::2026-02-03.17:03:34::SCWBDomain::artfiles -g -Wall -Wextra"

TRACE::2026-02-03.17:03:34::SCWBDomain::make[2]: Entering directory 'X:/cpre488/Labs/MP-0/vitus/MP0_wrapper/zynq_fsbl/zynq_fsbl_bsp/ps7_cortexa9_0/libsrc/xilffs_v4_3/s
TRACE::2026-02-03.17:03:34::SCWBDomain::rc'

TRACE::2026-02-03.17:03:34::SCWBDomain::make[2]: Leaving directory 'X:/cpre488/Labs/MP-0/vitus/MP0_wrapper/zynq_fsbl/zynq_fsbl_bsp/ps7_cortexa9_0/libsrc/xilffs_v4_3/sr
TRACE::2026-02-03.17:03:34::SCWBDomain::c'

TRACE::2026-02-03.17:03:34::SCWBDomain::"Running Make include in ps7_cortexa9_0/libsrc/xilrsa_v1_6/src"

TRACE::2026-02-03.17:03:34::SCWBDomain::make -C ps7_cortexa9_0/libsrc/xilrsa_v1_6/src -s include  "SHELL=CMD" "COMPILER=arm-none-eabi-gcc" "ASSEMBLER=arm-none-eabi-as"
TRACE::2026-02-03.17:03:34::SCWBDomain:: "ARCHIVER=arm-none-eabi-ar" "COMPILER_FLAGS=  -O2 -c" "EXTRA_COMPILER_FLAGS=-mcpu=cortex-a9 -mfpu=vfpv3 -mfloat-abi=hard -nost
TRACE::2026-02-03.17:03:34::SCWBDomain::artfiles -g -Wall -Wextra"

TRACE::2026-02-03.17:03:34::SCWBDomain::make[2]: Entering directory 'X:/cpre488/Labs/MP-0/vitus/MP0_wrapper/zynq_fsbl/zynq_fsbl_bsp/ps7_cortexa9_0/libsrc/xilrsa_v1_6/s
TRACE::2026-02-03.17:03:34::SCWBDomain::rc'

TRACE::2026-02-03.17:03:34::SCWBDomain::make[2]: Leaving directory 'X:/cpre488/Labs/MP-0/vitus/MP0_wrapper/zynq_fsbl/zynq_fsbl_bsp/ps7_cortexa9_0/libsrc/xilrsa_v1_6/sr
TRACE::2026-02-03.17:03:34::SCWBDomain::c'

TRACE::2026-02-03.17:03:34::SCWBDomain::"Running Make libs in ps7_cortexa9_0/libsrc/axivdma_v6_7/src"

TRACE::2026-02-03.17:03:34::SCWBDomain::make -C ps7_cortexa9_0/libsrc/axivdma_v6_7/src -s libs  "SHELL=CMD" "COMPILER=arm-none-eabi-gcc" "ASSEMBLER=arm-none-eabi-as" "
TRACE::2026-02-03.17:03:34::SCWBDomain::ARCHIVER=arm-none-eabi-ar" "COMPILER_FLAGS=  -O2 -c" "EXTRA_COMPILER_FLAGS=-mcpu=cortex-a9 -mfpu=vfpv3 -mfloat-abi=hard -nostar
TRACE::2026-02-03.17:03:34::SCWBDomain::tfiles -g -Wall -Wextra"

TRACE::2026-02-03.17:03:34::SCWBDomain::make[2]: Entering directory 'X:/cpre488/Labs/MP-0/vitus/MP0_wrapper/zynq_fsbl/zynq_fsbl_bsp/ps7_cortexa9_0/libsrc/axivdma_v6_7/
TRACE::2026-02-03.17:03:34::SCWBDomain::src'

TRACE::2026-02-03.17:03:34::SCWBDomain::"Compiling axivdma"

TRACE::2026-02-03.17:03:36::SCWBDomain::make[2]: Leaving directory 'X:/cpre488/Labs/MP-0/vitus/MP0_wrapper/zynq_fsbl/zynq_fsbl_bsp/ps7_cortexa9_0/libsrc/axivdma_v6_7/s
TRACE::2026-02-03.17:03:36::SCWBDomain::rc'

TRACE::2026-02-03.17:03:36::SCWBDomain::"Running Make libs in ps7_cortexa9_0/libsrc/coresightps_dcc_v1_7/src"

TRACE::2026-02-03.17:03:36::SCWBDomain::make -C ps7_cortexa9_0/libsrc/coresightps_dcc_v1_7/src -s libs  "SHELL=CMD" "COMPILER=arm-none-eabi-gcc" "ASSEMBLER=arm-none-ea
TRACE::2026-02-03.17:03:36::SCWBDomain::bi-as" "ARCHIVER=arm-none-eabi-ar" "COMPILER_FLAGS=  -O2 -c" "EXTRA_COMPILER_FLAGS=-mcpu=cortex-a9 -mfpu=vfpv3 -mfloat-abi=hard
TRACE::2026-02-03.17:03:36::SCWBDomain:: -nostartfiles -g -Wall -Wextra"

TRACE::2026-02-03.17:03:36::SCWBDomain::make[2]: Entering directory 'X:/cpre488/Labs/MP-0/vitus/MP0_wrapper/zynq_fsbl/zynq_fsbl_bsp/ps7_cortexa9_0/libsrc/coresightps_d
TRACE::2026-02-03.17:03:36::SCWBDomain::cc_v1_7/src'

TRACE::2026-02-03.17:03:36::SCWBDomain::"Compiling coresightps_dcc"

TRACE::2026-02-03.17:03:36::SCWBDomain::make[2]: Leaving directory 'X:/cpre488/Labs/MP-0/vitus/MP0_wrapper/zynq_fsbl/zynq_fsbl_bsp/ps7_cortexa9_0/libsrc/coresightps_dc
TRACE::2026-02-03.17:03:36::SCWBDomain::c_v1_7/src'

TRACE::2026-02-03.17:03:36::SCWBDomain::"Running Make libs in ps7_cortexa9_0/libsrc/cpu_cortexa9_v2_9/src"

TRACE::2026-02-03.17:03:36::SCWBDomain::make -C ps7_cortexa9_0/libsrc/cpu_cortexa9_v2_9/src -s libs  "SHELL=CMD" "COMPILER=arm-none-eabi-gcc" "ASSEMBLER=arm-none-eabi-
TRACE::2026-02-03.17:03:36::SCWBDomain::as" "ARCHIVER=arm-none-eabi-ar" "COMPILER_FLAGS=  -O2 -c" "EXTRA_COMPILER_FLAGS=-mcpu=cortex-a9 -mfpu=vfpv3 -mfloat-abi=hard -n
TRACE::2026-02-03.17:03:36::SCWBDomain::ostartfiles -g -Wall -Wextra"

TRACE::2026-02-03.17:03:36::SCWBDomain::make[2]: Entering directory 'X:/cpre488/Labs/MP-0/vitus/MP0_wrapper/zynq_fsbl/zynq_fsbl_bsp/ps7_cortexa9_0/libsrc/cpu_cortexa9_
TRACE::2026-02-03.17:03:36::SCWBDomain::v2_9/src'

TRACE::2026-02-03.17:03:36::SCWBDomain::"Compiling cpu_cortexa9"

TRACE::2026-02-03.17:03:36::SCWBDomain::make[2]: Leaving directory 'X:/cpre488/Labs/MP-0/vitus/MP0_wrapper/zynq_fsbl/zynq_fsbl_bsp/ps7_cortexa9_0/libsrc/cpu_cortexa9_v
TRACE::2026-02-03.17:03:36::SCWBDomain::2_9/src'

TRACE::2026-02-03.17:03:36::SCWBDomain::"Running Make libs in ps7_cortexa9_0/libsrc/ddrps_v1_1/src"

TRACE::2026-02-03.17:03:36::SCWBDomain::make -C ps7_cortexa9_0/libsrc/ddrps_v1_1/src -s libs  "SHELL=CMD" "COMPILER=arm-none-eabi-gcc" "ASSEMBLER=arm-none-eabi-as" "AR
TRACE::2026-02-03.17:03:36::SCWBDomain::CHIVER=arm-none-eabi-ar" "COMPILER_FLAGS=  -O2 -c" "EXTRA_COMPILER_FLAGS=-mcpu=cortex-a9 -mfpu=vfpv3 -mfloat-abi=hard -nostartf
TRACE::2026-02-03.17:03:36::SCWBDomain::iles -g -Wall -Wextra"

TRACE::2026-02-03.17:03:36::SCWBDomain::make[2]: Entering directory 'X:/cpre488/Labs/MP-0/vitus/MP0_wrapper/zynq_fsbl/zynq_fsbl_bsp/ps7_cortexa9_0/libsrc/ddrps_v1_1/sr
TRACE::2026-02-03.17:03:36::SCWBDomain::c'

TRACE::2026-02-03.17:03:36::SCWBDomain::"Compiling ddrps"

TRACE::2026-02-03.17:03:36::SCWBDomain::make[2]: Leaving directory 'X:/cpre488/Labs/MP-0/vitus/MP0_wrapper/zynq_fsbl/zynq_fsbl_bsp/ps7_cortexa9_0/libsrc/ddrps_v1_1/src
TRACE::2026-02-03.17:03:36::SCWBDomain::'

TRACE::2026-02-03.17:03:36::SCWBDomain::"Running Make libs in ps7_cortexa9_0/libsrc/devcfg_v3_6/src"

TRACE::2026-02-03.17:03:36::SCWBDomain::make -C ps7_cortexa9_0/libsrc/devcfg_v3_6/src -s libs  "SHELL=CMD" "COMPILER=arm-none-eabi-gcc" "ASSEMBLER=arm-none-eabi-as" "A
TRACE::2026-02-03.17:03:36::SCWBDomain::RCHIVER=arm-none-eabi-ar" "COMPILER_FLAGS=  -O2 -c" "EXTRA_COMPILER_FLAGS=-mcpu=cortex-a9 -mfpu=vfpv3 -mfloat-abi=hard -nostart
TRACE::2026-02-03.17:03:36::SCWBDomain::files -g -Wall -Wextra"

TRACE::2026-02-03.17:03:36::SCWBDomain::make[2]: Entering directory 'X:/cpre488/Labs/MP-0/vitus/MP0_wrapper/zynq_fsbl/zynq_fsbl_bsp/ps7_cortexa9_0/libsrc/devcfg_v3_6/s
TRACE::2026-02-03.17:03:36::SCWBDomain::rc'

TRACE::2026-02-03.17:03:36::SCWBDomain::"Compiling devcfg"

TRACE::2026-02-03.17:03:37::SCWBDomain::make[2]: Leaving directory 'X:/cpre488/Labs/MP-0/vitus/MP0_wrapper/zynq_fsbl/zynq_fsbl_bsp/ps7_cortexa9_0/libsrc/devcfg_v3_6/sr
TRACE::2026-02-03.17:03:37::SCWBDomain::c'

TRACE::2026-02-03.17:03:37::SCWBDomain::"Running Make libs in ps7_cortexa9_0/libsrc/dmaps_v2_6/src"

TRACE::2026-02-03.17:03:37::SCWBDomain::make -C ps7_cortexa9_0/libsrc/dmaps_v2_6/src -s libs  "SHELL=CMD" "COMPILER=arm-none-eabi-gcc" "ASSEMBLER=arm-none-eabi-as" "AR
TRACE::2026-02-03.17:03:37::SCWBDomain::CHIVER=arm-none-eabi-ar" "COMPILER_FLAGS=  -O2 -c" "EXTRA_COMPILER_FLAGS=-mcpu=cortex-a9 -mfpu=vfpv3 -mfloat-abi=hard -nostartf
TRACE::2026-02-03.17:03:37::SCWBDomain::iles -g -Wall -Wextra"

TRACE::2026-02-03.17:03:37::SCWBDomain::make[2]: Entering directory 'X:/cpre488/Labs/MP-0/vitus/MP0_wrapper/zynq_fsbl/zynq_fsbl_bsp/ps7_cortexa9_0/libsrc/dmaps_v2_6/sr
TRACE::2026-02-03.17:03:37::SCWBDomain::c'

TRACE::2026-02-03.17:03:37::SCWBDomain::"Compiling dmaps"

TRACE::2026-02-03.17:03:37::SCWBDomain::make[2]: Leaving directory 'X:/cpre488/Labs/MP-0/vitus/MP0_wrapper/zynq_fsbl/zynq_fsbl_bsp/ps7_cortexa9_0/libsrc/dmaps_v2_6/src
TRACE::2026-02-03.17:03:37::SCWBDomain::'

TRACE::2026-02-03.17:03:37::SCWBDomain::"Running Make libs in ps7_cortexa9_0/libsrc/emacps_v3_11/src"

TRACE::2026-02-03.17:03:37::SCWBDomain::make -C ps7_cortexa9_0/libsrc/emacps_v3_11/src -s libs  "SHELL=CMD" "COMPILER=arm-none-eabi-gcc" "ASSEMBLER=arm-none-eabi-as" "
TRACE::2026-02-03.17:03:37::SCWBDomain::ARCHIVER=arm-none-eabi-ar" "COMPILER_FLAGS=  -O2 -c" "EXTRA_COMPILER_FLAGS=-mcpu=cortex-a9 -mfpu=vfpv3 -mfloat-abi=hard -nostar
TRACE::2026-02-03.17:03:37::SCWBDomain::tfiles -g -Wall -Wextra"

TRACE::2026-02-03.17:03:37::SCWBDomain::make[2]: Entering directory 'X:/cpre488/Labs/MP-0/vitus/MP0_wrapper/zynq_fsbl/zynq_fsbl_bsp/ps7_cortexa9_0/libsrc/emacps_v3_11/
TRACE::2026-02-03.17:03:37::SCWBDomain::src'

TRACE::2026-02-03.17:03:37::SCWBDomain::"Compiling emacps"

TRACE::2026-02-03.17:03:38::SCWBDomain::make[2]: Leaving directory 'X:/cpre488/Labs/MP-0/vitus/MP0_wrapper/zynq_fsbl/zynq_fsbl_bsp/ps7_cortexa9_0/libsrc/emacps_v3_11/s
TRACE::2026-02-03.17:03:38::SCWBDomain::rc'

TRACE::2026-02-03.17:03:38::SCWBDomain::"Running Make libs in ps7_cortexa9_0/libsrc/gpiops_v3_7/src"

TRACE::2026-02-03.17:03:38::SCWBDomain::make -C ps7_cortexa9_0/libsrc/gpiops_v3_7/src -s libs  "SHELL=CMD" "COMPILER=arm-none-eabi-gcc" "ASSEMBLER=arm-none-eabi-as" "A
TRACE::2026-02-03.17:03:38::SCWBDomain::RCHIVER=arm-none-eabi-ar" "COMPILER_FLAGS=  -O2 -c" "EXTRA_COMPILER_FLAGS=-mcpu=cortex-a9 -mfpu=vfpv3 -mfloat-abi=hard -nostart
TRACE::2026-02-03.17:03:38::SCWBDomain::files -g -Wall -Wextra"

TRACE::2026-02-03.17:03:38::SCWBDomain::make[2]: Entering directory 'X:/cpre488/Labs/MP-0/vitus/MP0_wrapper/zynq_fsbl/zynq_fsbl_bsp/ps7_cortexa9_0/libsrc/gpiops_v3_7/s
TRACE::2026-02-03.17:03:38::SCWBDomain::rc'

TRACE::2026-02-03.17:03:38::SCWBDomain::"Compiling gpiops"

TRACE::2026-02-03.17:03:39::SCWBDomain::make[2]: Leaving directory 'X:/cpre488/Labs/MP-0/vitus/MP0_wrapper/zynq_fsbl/zynq_fsbl_bsp/ps7_cortexa9_0/libsrc/gpiops_v3_7/sr
TRACE::2026-02-03.17:03:39::SCWBDomain::c'

TRACE::2026-02-03.17:03:39::SCWBDomain::"Running Make libs in ps7_cortexa9_0/libsrc/gpio_v4_6/src"

TRACE::2026-02-03.17:03:39::SCWBDomain::make -C ps7_cortexa9_0/libsrc/gpio_v4_6/src -s libs  "SHELL=CMD" "COMPILER=arm-none-eabi-gcc" "ASSEMBLER=arm-none-eabi-as" "ARC
TRACE::2026-02-03.17:03:39::SCWBDomain::HIVER=arm-none-eabi-ar" "COMPILER_FLAGS=  -O2 -c" "EXTRA_COMPILER_FLAGS=-mcpu=cortex-a9 -mfpu=vfpv3 -mfloat-abi=hard -nostartfi
TRACE::2026-02-03.17:03:39::SCWBDomain::les -g -Wall -Wextra"

TRACE::2026-02-03.17:03:39::SCWBDomain::make[2]: Entering directory 'X:/cpre488/Labs/MP-0/vitus/MP0_wrapper/zynq_fsbl/zynq_fsbl_bsp/ps7_cortexa9_0/libsrc/gpio_v4_6/src
TRACE::2026-02-03.17:03:39::SCWBDomain::'

TRACE::2026-02-03.17:03:39::SCWBDomain::"Compiling gpio"

TRACE::2026-02-03.17:03:40::SCWBDomain::make[2]: Leaving directory 'X:/cpre488/Labs/MP-0/vitus/MP0_wrapper/zynq_fsbl/zynq_fsbl_bsp/ps7_cortexa9_0/libsrc/gpio_v4_6/src'
TRACE::2026-02-03.17:03:40::SCWBDomain::

TRACE::2026-02-03.17:03:40::SCWBDomain::"Running Make libs in ps7_cortexa9_0/libsrc/qspips_v3_7/src"

TRACE::2026-02-03.17:03:40::SCWBDomain::make -C ps7_cortexa9_0/libsrc/qspips_v3_7/src -s libs  "SHELL=CMD" "COMPILER=arm-none-eabi-gcc" "ASSEMBLER=arm-none-eabi-as" "A
TRACE::2026-02-03.17:03:40::SCWBDomain::RCHIVER=arm-none-eabi-ar" "COMPILER_FLAGS=  -O2 -c" "EXTRA_COMPILER_FLAGS=-mcpu=cortex-a9 -mfpu=vfpv3 -mfloat-abi=hard -nostart
TRACE::2026-02-03.17:03:40::SCWBDomain::files -g -Wall -Wextra"

TRACE::2026-02-03.17:03:40::SCWBDomain::make[2]: Entering directory 'X:/cpre488/Labs/MP-0/vitus/MP0_wrapper/zynq_fsbl/zynq_fsbl_bsp/ps7_cortexa9_0/libsrc/qspips_v3_7/s
TRACE::2026-02-03.17:03:40::SCWBDomain::rc'

TRACE::2026-02-03.17:03:40::SCWBDomain::"Compiling qspips"

TRACE::2026-02-03.17:03:40::SCWBDomain::make[2]: Leaving directory 'X:/cpre488/Labs/MP-0/vitus/MP0_wrapper/zynq_fsbl/zynq_fsbl_bsp/ps7_cortexa9_0/libsrc/qspips_v3_7/sr
TRACE::2026-02-03.17:03:40::SCWBDomain::c'

TRACE::2026-02-03.17:03:40::SCWBDomain::"Running Make libs in ps7_cortexa9_0/libsrc/scugic_v4_2/src"

TRACE::2026-02-03.17:03:40::SCWBDomain::make -C ps7_cortexa9_0/libsrc/scugic_v4_2/src -s libs  "SHELL=CMD" "COMPILER=arm-none-eabi-gcc" "ASSEMBLER=arm-none-eabi-as" "A
TRACE::2026-02-03.17:03:40::SCWBDomain::RCHIVER=arm-none-eabi-ar" "COMPILER_FLAGS=  -O2 -c" "EXTRA_COMPILER_FLAGS=-mcpu=cortex-a9 -mfpu=vfpv3 -mfloat-abi=hard -nostart
TRACE::2026-02-03.17:03:40::SCWBDomain::files -g -Wall -Wextra"

TRACE::2026-02-03.17:03:40::SCWBDomain::make[2]: Entering directory 'X:/cpre488/Labs/MP-0/vitus/MP0_wrapper/zynq_fsbl/zynq_fsbl_bsp/ps7_cortexa9_0/libsrc/scugic_v4_2/s
TRACE::2026-02-03.17:03:40::SCWBDomain::rc'

TRACE::2026-02-03.17:03:40::SCWBDomain::"Compiling scugic"

TRACE::2026-02-03.17:03:41::SCWBDomain::make[2]: Leaving directory 'X:/cpre488/Labs/MP-0/vitus/MP0_wrapper/zynq_fsbl/zynq_fsbl_bsp/ps7_cortexa9_0/libsrc/scugic_v4_2/sr
TRACE::2026-02-03.17:03:41::SCWBDomain::c'

TRACE::2026-02-03.17:03:41::SCWBDomain::"Running Make libs in ps7_cortexa9_0/libsrc/scutimer_v2_2/src"

TRACE::2026-02-03.17:03:41::SCWBDomain::make -C ps7_cortexa9_0/libsrc/scutimer_v2_2/src -s libs  "SHELL=CMD" "COMPILER=arm-none-eabi-gcc" "ASSEMBLER=arm-none-eabi-as" 
TRACE::2026-02-03.17:03:41::SCWBDomain::"ARCHIVER=arm-none-eabi-ar" "COMPILER_FLAGS=  -O2 -c" "EXTRA_COMPILER_FLAGS=-mcpu=cortex-a9 -mfpu=vfpv3 -mfloat-abi=hard -nosta
TRACE::2026-02-03.17:03:41::SCWBDomain::rtfiles -g -Wall -Wextra"

TRACE::2026-02-03.17:03:41::SCWBDomain::make[2]: Entering directory 'X:/cpre488/Labs/MP-0/vitus/MP0_wrapper/zynq_fsbl/zynq_fsbl_bsp/ps7_cortexa9_0/libsrc/scutimer_v2_2
TRACE::2026-02-03.17:03:41::SCWBDomain::/src'

TRACE::2026-02-03.17:03:41::SCWBDomain::"Compiling scutimer"

TRACE::2026-02-03.17:03:42::SCWBDomain::make[2]: Leaving directory 'X:/cpre488/Labs/MP-0/vitus/MP0_wrapper/zynq_fsbl/zynq_fsbl_bsp/ps7_cortexa9_0/libsrc/scutimer_v2_2/
TRACE::2026-02-03.17:03:42::SCWBDomain::src'

TRACE::2026-02-03.17:03:42::SCWBDomain::"Running Make libs in ps7_cortexa9_0/libsrc/scuwdt_v2_2/src"

TRACE::2026-02-03.17:03:42::SCWBDomain::make -C ps7_cortexa9_0/libsrc/scuwdt_v2_2/src -s libs  "SHELL=CMD" "COMPILER=arm-none-eabi-gcc" "ASSEMBLER=arm-none-eabi-as" "A
TRACE::2026-02-03.17:03:42::SCWBDomain::RCHIVER=arm-none-eabi-ar" "COMPILER_FLAGS=  -O2 -c" "EXTRA_COMPILER_FLAGS=-mcpu=cortex-a9 -mfpu=vfpv3 -mfloat-abi=hard -nostart
TRACE::2026-02-03.17:03:42::SCWBDomain::files -g -Wall -Wextra"

TRACE::2026-02-03.17:03:42::SCWBDomain::make[2]: Entering directory 'X:/cpre488/Labs/MP-0/vitus/MP0_wrapper/zynq_fsbl/zynq_fsbl_bsp/ps7_cortexa9_0/libsrc/scuwdt_v2_2/s
TRACE::2026-02-03.17:03:42::SCWBDomain::rc'

TRACE::2026-02-03.17:03:42::SCWBDomain::"Compiling scuwdt"

TRACE::2026-02-03.17:03:42::SCWBDomain::make[2]: Leaving directory 'X:/cpre488/Labs/MP-0/vitus/MP0_wrapper/zynq_fsbl/zynq_fsbl_bsp/ps7_cortexa9_0/libsrc/scuwdt_v2_2/sr
TRACE::2026-02-03.17:03:42::SCWBDomain::c'

TRACE::2026-02-03.17:03:42::SCWBDomain::"Running Make libs in ps7_cortexa9_0/libsrc/sdps_v3_9/src"

TRACE::2026-02-03.17:03:42::SCWBDomain::make -C ps7_cortexa9_0/libsrc/sdps_v3_9/src -s libs  "SHELL=CMD" "COMPILER=arm-none-eabi-gcc" "ASSEMBLER=arm-none-eabi-as" "ARC
TRACE::2026-02-03.17:03:42::SCWBDomain::HIVER=arm-none-eabi-ar" "COMPILER_FLAGS=  -O2 -c" "EXTRA_COMPILER_FLAGS=-mcpu=cortex-a9 -mfpu=vfpv3 -mfloat-abi=hard -nostartfi
TRACE::2026-02-03.17:03:42::SCWBDomain::les -g -Wall -Wextra"

TRACE::2026-02-03.17:03:42::SCWBDomain::make[2]: Entering directory 'X:/cpre488/Labs/MP-0/vitus/MP0_wrapper/zynq_fsbl/zynq_fsbl_bsp/ps7_cortexa9_0/libsrc/sdps_v3_9/src
TRACE::2026-02-03.17:03:42::SCWBDomain::'

TRACE::2026-02-03.17:03:42::SCWBDomain::"Compiling sdps"

TRACE::2026-02-03.17:03:43::SCWBDomain::make[2]: Leaving directory 'X:/cpre488/Labs/MP-0/vitus/MP0_wrapper/zynq_fsbl/zynq_fsbl_bsp/ps7_cortexa9_0/libsrc/sdps_v3_9/src'
TRACE::2026-02-03.17:03:43::SCWBDomain::

TRACE::2026-02-03.17:03:43::SCWBDomain::"Running Make libs in ps7_cortexa9_0/libsrc/standalone_v7_2/src"

TRACE::2026-02-03.17:03:43::SCWBDomain::make -C ps7_cortexa9_0/libsrc/standalone_v7_2/src -s libs  "SHELL=CMD" "COMPILER=arm-none-eabi-gcc" "ASSEMBLER=arm-none-eabi-as
TRACE::2026-02-03.17:03:43::SCWBDomain::" "ARCHIVER=arm-none-eabi-ar" "COMPILER_FLAGS=  -O2 -c" "EXTRA_COMPILER_FLAGS=-mcpu=cortex-a9 -mfpu=vfpv3 -mfloat-abi=hard -nos
TRACE::2026-02-03.17:03:43::SCWBDomain::tartfiles -g -Wall -Wextra"

TRACE::2026-02-03.17:03:43::SCWBDomain::make[2]: Entering directory 'X:/cpre488/Labs/MP-0/vitus/MP0_wrapper/zynq_fsbl/zynq_fsbl_bsp/ps7_cortexa9_0/libsrc/standalone_v7
TRACE::2026-02-03.17:03:43::SCWBDomain::_2/src'

TRACE::2026-02-03.17:03:43::SCWBDomain::"Compiling standalone"

TRACE::2026-02-03.17:03:46::SCWBDomain::make[3]: Entering directory 'X:/cpre488/Labs/MP-0/vitus/MP0_wrapper/zynq_fsbl/zynq_fsbl_bsp/ps7_cortexa9_0/libsrc/standalone_v7
TRACE::2026-02-03.17:03:46::SCWBDomain::_2/src/profile'

TRACE::2026-02-03.17:03:46::SCWBDomain::make[3]: Leaving directory 'X:/cpre488/Labs/MP-0/vitus/MP0_wrapper/zynq_fsbl/zynq_fsbl_bsp/ps7_cortexa9_0/libsrc/standalone_v7_
TRACE::2026-02-03.17:03:46::SCWBDomain::2/src/profile'

TRACE::2026-02-03.17:03:46::SCWBDomain::make[2]: Leaving directory 'X:/cpre488/Labs/MP-0/vitus/MP0_wrapper/zynq_fsbl/zynq_fsbl_bsp/ps7_cortexa9_0/libsrc/standalone_v7_
TRACE::2026-02-03.17:03:46::SCWBDomain::2/src'

TRACE::2026-02-03.17:03:46::SCWBDomain::"Running Make libs in ps7_cortexa9_0/libsrc/ttcps_v3_11/src"

TRACE::2026-02-03.17:03:46::SCWBDomain::make -C ps7_cortexa9_0/libsrc/ttcps_v3_11/src -s libs  "SHELL=CMD" "COMPILER=arm-none-eabi-gcc" "ASSEMBLER=arm-none-eabi-as" "A
TRACE::2026-02-03.17:03:46::SCWBDomain::RCHIVER=arm-none-eabi-ar" "COMPILER_FLAGS=  -O2 -c" "EXTRA_COMPILER_FLAGS=-mcpu=cortex-a9 -mfpu=vfpv3 -mfloat-abi=hard -nostart
TRACE::2026-02-03.17:03:46::SCWBDomain::files -g -Wall -Wextra"

TRACE::2026-02-03.17:03:46::SCWBDomain::make[2]: Entering directory 'X:/cpre488/Labs/MP-0/vitus/MP0_wrapper/zynq_fsbl/zynq_fsbl_bsp/ps7_cortexa9_0/libsrc/ttcps_v3_11/s
TRACE::2026-02-03.17:03:46::SCWBDomain::rc'

TRACE::2026-02-03.17:03:46::SCWBDomain::"Compiling ttcps"

TRACE::2026-02-03.17:03:47::SCWBDomain::make[2]: Leaving directory 'X:/cpre488/Labs/MP-0/vitus/MP0_wrapper/zynq_fsbl/zynq_fsbl_bsp/ps7_cortexa9_0/libsrc/ttcps_v3_11/sr
TRACE::2026-02-03.17:03:47::SCWBDomain::c'

TRACE::2026-02-03.17:03:47::SCWBDomain::"Running Make libs in ps7_cortexa9_0/libsrc/uartps_v3_9/src"

TRACE::2026-02-03.17:03:47::SCWBDomain::make -C ps7_cortexa9_0/libsrc/uartps_v3_9/src -s libs  "SHELL=CMD" "COMPILER=arm-none-eabi-gcc" "ASSEMBLER=arm-none-eabi-as" "A
TRACE::2026-02-03.17:03:47::SCWBDomain::RCHIVER=arm-none-eabi-ar" "COMPILER_FLAGS=  -O2 -c" "EXTRA_COMPILER_FLAGS=-mcpu=cortex-a9 -mfpu=vfpv3 -mfloat-abi=hard -nostart
TRACE::2026-02-03.17:03:47::SCWBDomain::files -g -Wall -Wextra"

TRACE::2026-02-03.17:03:47::SCWBDomain::make[2]: Entering directory 'X:/cpre488/Labs/MP-0/vitus/MP0_wrapper/zynq_fsbl/zynq_fsbl_bsp/ps7_cortexa9_0/libsrc/uartps_v3_9/s
TRACE::2026-02-03.17:03:47::SCWBDomain::rc'

TRACE::2026-02-03.17:03:47::SCWBDomain::"Compiling uartps"

TRACE::2026-02-03.17:03:48::SCWBDomain::make[2]: Leaving directory 'X:/cpre488/Labs/MP-0/vitus/MP0_wrapper/zynq_fsbl/zynq_fsbl_bsp/ps7_cortexa9_0/libsrc/uartps_v3_9/sr
TRACE::2026-02-03.17:03:48::SCWBDomain::c'

TRACE::2026-02-03.17:03:48::SCWBDomain::"Running Make libs in ps7_cortexa9_0/libsrc/usbps_v2_5/src"

TRACE::2026-02-03.17:03:48::SCWBDomain::make -C ps7_cortexa9_0/libsrc/usbps_v2_5/src -s libs  "SHELL=CMD" "COMPILER=arm-none-eabi-gcc" "ASSEMBLER=arm-none-eabi-as" "AR
TRACE::2026-02-03.17:03:48::SCWBDomain::CHIVER=arm-none-eabi-ar" "COMPILER_FLAGS=  -O2 -c" "EXTRA_COMPILER_FLAGS=-mcpu=cortex-a9 -mfpu=vfpv3 -mfloat-abi=hard -nostartf
TRACE::2026-02-03.17:03:48::SCWBDomain::iles -g -Wall -Wextra"

TRACE::2026-02-03.17:03:48::SCWBDomain::make[2]: Entering directory 'X:/cpre488/Labs/MP-0/vitus/MP0_wrapper/zynq_fsbl/zynq_fsbl_bsp/ps7_cortexa9_0/libsrc/usbps_v2_5/sr
TRACE::2026-02-03.17:03:48::SCWBDomain::c'

TRACE::2026-02-03.17:03:48::SCWBDomain::"Compiling usbps"

TRACE::2026-02-03.17:03:49::SCWBDomain::make[2]: Leaving directory 'X:/cpre488/Labs/MP-0/vitus/MP0_wrapper/zynq_fsbl/zynq_fsbl_bsp/ps7_cortexa9_0/libsrc/usbps_v2_5/src
TRACE::2026-02-03.17:03:49::SCWBDomain::'

TRACE::2026-02-03.17:03:49::SCWBDomain::"Running Make libs in ps7_cortexa9_0/libsrc/vtc_v8_2/src"

TRACE::2026-02-03.17:03:49::SCWBDomain::make -C ps7_cortexa9_0/libsrc/vtc_v8_2/src -s libs  "SHELL=CMD" "COMPILER=arm-none-eabi-gcc" "ASSEMBLER=arm-none-eabi-as" "ARCH
TRACE::2026-02-03.17:03:49::SCWBDomain::IVER=arm-none-eabi-ar" "COMPILER_FLAGS=  -O2 -c" "EXTRA_COMPILER_FLAGS=-mcpu=cortex-a9 -mfpu=vfpv3 -mfloat-abi=hard -nostartfil
TRACE::2026-02-03.17:03:49::SCWBDomain::es -g -Wall -Wextra"

TRACE::2026-02-03.17:03:49::SCWBDomain::make[2]: Entering directory 'X:/cpre488/Labs/MP-0/vitus/MP0_wrapper/zynq_fsbl/zynq_fsbl_bsp/ps7_cortexa9_0/libsrc/vtc_v8_2/src'
TRACE::2026-02-03.17:03:49::SCWBDomain::

TRACE::2026-02-03.17:03:49::SCWBDomain::"Compiling video timing controller"

TRACE::2026-02-03.17:03:49::SCWBDomain::make[3]: Entering directory 'X:/cpre488/Labs/MP-0/vitus/MP0_wrapper/zynq_fsbl/zynq_fsbl_bsp/ps7_cortexa9_0/libsrc/vtc_v8_2/src'
TRACE::2026-02-03.17:03:49::SCWBDomain::

TRACE::2026-02-03.17:03:49::SCWBDomain::make[3]: Leaving directory 'X:/cpre488/Labs/MP-0/vitus/MP0_wrapper/zynq_fsbl/zynq_fsbl_bsp/ps7_cortexa9_0/libsrc/vtc_v8_2/src'

TRACE::2026-02-03.17:03:49::SCWBDomain::make[2]: Leaving directory 'X:/cpre488/Labs/MP-0/vitus/MP0_wrapper/zynq_fsbl/zynq_fsbl_bsp/ps7_cortexa9_0/libsrc/vtc_v8_2/src'

TRACE::2026-02-03.17:03:49::SCWBDomain::"Running Make libs in ps7_cortexa9_0/libsrc/xadcps_v2_4/src"

TRACE::2026-02-03.17:03:49::SCWBDomain::make -C ps7_cortexa9_0/libsrc/xadcps_v2_4/src -s libs  "SHELL=CMD" "COMPILER=arm-none-eabi-gcc" "ASSEMBLER=arm-none-eabi-as" "A
TRACE::2026-02-03.17:03:49::SCWBDomain::RCHIVER=arm-none-eabi-ar" "COMPILER_FLAGS=  -O2 -c" "EXTRA_COMPILER_FLAGS=-mcpu=cortex-a9 -mfpu=vfpv3 -mfloat-abi=hard -nostart
TRACE::2026-02-03.17:03:49::SCWBDomain::files -g -Wall -Wextra"

TRACE::2026-02-03.17:03:49::SCWBDomain::make[2]: Entering directory 'X:/cpre488/Labs/MP-0/vitus/MP0_wrapper/zynq_fsbl/zynq_fsbl_bsp/ps7_cortexa9_0/libsrc/xadcps_v2_4/s
TRACE::2026-02-03.17:03:49::SCWBDomain::rc'

TRACE::2026-02-03.17:03:49::SCWBDomain::"Compiling xadcps"

TRACE::2026-02-03.17:03:50::SCWBDomain::make[2]: Leaving directory 'X:/cpre488/Labs/MP-0/vitus/MP0_wrapper/zynq_fsbl/zynq_fsbl_bsp/ps7_cortexa9_0/libsrc/xadcps_v2_4/sr
TRACE::2026-02-03.17:03:50::SCWBDomain::c'

TRACE::2026-02-03.17:03:50::SCWBDomain::"Running Make libs in ps7_cortexa9_0/libsrc/xilffs_v4_3/src"

TRACE::2026-02-03.17:03:50::SCWBDomain::make -C ps7_cortexa9_0/libsrc/xilffs_v4_3/src -s libs  "SHELL=CMD" "COMPILER=arm-none-eabi-gcc" "ASSEMBLER=arm-none-eabi-as" "A
TRACE::2026-02-03.17:03:50::SCWBDomain::RCHIVER=arm-none-eabi-ar" "COMPILER_FLAGS=  -O2 -c" "EXTRA_COMPILER_FLAGS=-mcpu=cortex-a9 -mfpu=vfpv3 -mfloat-abi=hard -nostart
TRACE::2026-02-03.17:03:50::SCWBDomain::files -g -Wall -Wextra"

TRACE::2026-02-03.17:03:50::SCWBDomain::make[2]: Entering directory 'X:/cpre488/Labs/MP-0/vitus/MP0_wrapper/zynq_fsbl/zynq_fsbl_bsp/ps7_cortexa9_0/libsrc/xilffs_v4_3/s
TRACE::2026-02-03.17:03:50::SCWBDomain::rc'

TRACE::2026-02-03.17:03:50::SCWBDomain::"Compiling XilFFs Library"

TRACE::2026-02-03.17:03:51::SCWBDomain::make[2]: Leaving directory 'X:/cpre488/Labs/MP-0/vitus/MP0_wrapper/zynq_fsbl/zynq_fsbl_bsp/ps7_cortexa9_0/libsrc/xilffs_v4_3/sr
TRACE::2026-02-03.17:03:51::SCWBDomain::c'

TRACE::2026-02-03.17:03:51::SCWBDomain::"Running Make libs in ps7_cortexa9_0/libsrc/xilrsa_v1_6/src"

TRACE::2026-02-03.17:03:51::SCWBDomain::make -C ps7_cortexa9_0/libsrc/xilrsa_v1_6/src -s libs  "SHELL=CMD" "COMPILER=arm-none-eabi-gcc" "ASSEMBLER=arm-none-eabi-as" "A
TRACE::2026-02-03.17:03:51::SCWBDomain::RCHIVER=arm-none-eabi-ar" "COMPILER_FLAGS=  -O2 -c" "EXTRA_COMPILER_FLAGS=-mcpu=cortex-a9 -mfpu=vfpv3 -mfloat-abi=hard -nostart
TRACE::2026-02-03.17:03:51::SCWBDomain::files -g -Wall -Wextra"

TRACE::2026-02-03.17:03:51::SCWBDomain::make[2]: Entering directory 'X:/cpre488/Labs/MP-0/vitus/MP0_wrapper/zynq_fsbl/zynq_fsbl_bsp/ps7_cortexa9_0/libsrc/xilrsa_v1_6/s
TRACE::2026-02-03.17:03:51::SCWBDomain::rc'

TRACE::2026-02-03.17:03:51::SCWBDomain::make[2]: Leaving directory 'X:/cpre488/Labs/MP-0/vitus/MP0_wrapper/zynq_fsbl/zynq_fsbl_bsp/ps7_cortexa9_0/libsrc/xilrsa_v1_6/sr
TRACE::2026-02-03.17:03:51::SCWBDomain::c'

TRACE::2026-02-03.17:03:51::SCWBDomain::'Finished building libraries'

TRACE::2026-02-03.17:03:51::SCWBDomain::make[1]: Leaving directory 'X:/cpre488/Labs/MP-0/vitus/MP0_wrapper/zynq_fsbl/zynq_fsbl_bsp'

TRACE::2026-02-03.17:03:51::SCWBDomain::arm-none-eabi-gcc -MMD -MP       -mcpu=cortex-a9 -mfpu=vfpv3 -mfloat-abi=hard   -O2 -c -c sd.c -o sd.o -Izynq_fsbl_bsp/ps7_cort
TRACE::2026-02-03.17:03:51::SCWBDomain::exa9_0/include -I.

TRACE::2026-02-03.17:03:51::SCWBDomain::arm-none-eabi-gcc -MMD -MP       -mcpu=cortex-a9 -mfpu=vfpv3 -mfloat-abi=hard   -O2 -c -c nand.c -o nand.o -Izynq_fsbl_bsp/ps7_
TRACE::2026-02-03.17:03:51::SCWBDomain::cortexa9_0/include -I.

TRACE::2026-02-03.17:03:51::SCWBDomain::arm-none-eabi-gcc -MMD -MP       -mcpu=cortex-a9 -mfpu=vfpv3 -mfloat-abi=hard   -O2 -c -c image_mover.c -o image_mover.o -Izynq
TRACE::2026-02-03.17:03:51::SCWBDomain::_fsbl_bsp/ps7_cortexa9_0/include -I.

TRACE::2026-02-03.17:03:51::SCWBDomain::arm-none-eabi-gcc -MMD -MP       -mcpu=cortex-a9 -mfpu=vfpv3 -mfloat-abi=hard   -O2 -c -c md5.c -o md5.o -Izynq_fsbl_bsp/ps7_co
TRACE::2026-02-03.17:03:51::SCWBDomain::rtexa9_0/include -I.

TRACE::2026-02-03.17:03:51::SCWBDomain::arm-none-eabi-gcc -MMD -MP       -mcpu=cortex-a9 -mfpu=vfpv3 -mfloat-abi=hard   -O2 -c -c fsbl_hooks.c -o fsbl_hooks.o -Izynq_f
TRACE::2026-02-03.17:03:51::SCWBDomain::sbl_bsp/ps7_cortexa9_0/include -I.

TRACE::2026-02-03.17:03:51::SCWBDomain::arm-none-eabi-gcc -MMD -MP       -mcpu=cortex-a9 -mfpu=vfpv3 -mfloat-abi=hard   -O2 -c -c main.c -o main.o -Izynq_fsbl_bsp/ps7_
TRACE::2026-02-03.17:03:51::SCWBDomain::cortexa9_0/include -I.

TRACE::2026-02-03.17:03:52::SCWBDomain::arm-none-eabi-gcc -MMD -MP       -mcpu=cortex-a9 -mfpu=vfpv3 -mfloat-abi=hard   -O2 -c -c rsa.c -o rsa.o -Izynq_fsbl_bsp/ps7_co
TRACE::2026-02-03.17:03:52::SCWBDomain::rtexa9_0/include -I.

TRACE::2026-02-03.17:03:52::SCWBDomain::arm-none-eabi-gcc -MMD -MP       -mcpu=cortex-a9 -mfpu=vfpv3 -mfloat-abi=hard   -O2 -c -c nor.c -o nor.o -Izynq_fsbl_bsp/ps7_co
TRACE::2026-02-03.17:03:52::SCWBDomain::rtexa9_0/include -I.

TRACE::2026-02-03.17:03:52::SCWBDomain::arm-none-eabi-gcc -MMD -MP       -mcpu=cortex-a9 -mfpu=vfpv3 -mfloat-abi=hard   -O2 -c -c qspi.c -o qspi.o -Izynq_fsbl_bsp/ps7_
TRACE::2026-02-03.17:03:52::SCWBDomain::cortexa9_0/include -I.

TRACE::2026-02-03.17:03:52::SCWBDomain::arm-none-eabi-gcc -MMD -MP       -mcpu=cortex-a9 -mfpu=vfpv3 -mfloat-abi=hard   -O2 -c -c ps7_init.c -o ps7_init.o -Izynq_fsbl_
TRACE::2026-02-03.17:03:52::SCWBDomain::bsp/ps7_cortexa9_0/include -I.

TRACE::2026-02-03.17:03:52::SCWBDomain::arm-none-eabi-gcc -MMD -MP       -mcpu=cortex-a9 -mfpu=vfpv3 -mfloat-abi=hard   -O2 -c -c pcap.c -o pcap.o -Izynq_fsbl_bsp/ps7_
TRACE::2026-02-03.17:03:52::SCWBDomain::cortexa9_0/include -I.

TRACE::2026-02-03.17:03:52::SCWBDomain::arm-none-eabi-gcc -MMD -MP       -mcpu=cortex-a9 -mfpu=vfpv3 -mfloat-abi=hard   -O2 -c -c fsbl_handoff.S -o fsbl_handoff.o -Izy
TRACE::2026-02-03.17:03:52::SCWBDomain::nq_fsbl_bsp/ps7_cortexa9_0/include -I.

TRACE::2026-02-03.17:03:52::SCWBDomain::arm-none-eabi-gcc -o executable.elf  sd.o  nand.o  image_mover.o  md5.o  fsbl_hooks.o  main.o  rsa.o  nor.o  qspi.o  ps7_init.o
TRACE::2026-02-03.17:03:52::SCWBDomain::  pcap.o  fsbl_handoff.o -MMD -MP       -mcpu=cortex-a9 -mfpu=vfpv3 -mfloat-abi=hard   -mcpu=cortex-a9 -mfpu=vfpv3 -mfloat-abi=
TRACE::2026-02-03.17:03:52::SCWBDomain::hard -Wl,-build-id=none -specs=Xilinx.spec  -lrsa -Wl,--start-group,-lxil,-lgcc,-lc,--end-group -Wl,--start-group,-lxilffs,-lxi
TRACE::2026-02-03.17:03:52::SCWBDomain::l,-lgcc,-lc,--end-group -Wl,--start-group,-lrsa,-lxil,-lgcc,-lc,--end-group                                         -Wl,--gc-se
TRACE::2026-02-03.17:03:52::SCWBDomain::ctions -Lzynq_fsbl_bsp/ps7_cortexa9_0/lib -L./ -Tlscript.ld

LOG::2026-02-03.17:03:53::SCWSystem::Checking the domain domain_ps7_cortexa9_0
LOG::2026-02-03.17:03:53::SCWSystem::Not a boot domain 
LOG::2026-02-03.17:03:53::SCWSystem::Started Processing the domain domain_ps7_cortexa9_0
TRACE::2026-02-03.17:03:53::SCWDomain::Generating domain artifcats
TRACE::2026-02-03.17:03:53::SCWMssOS::Generating standalone artifcats
TRACE::2026-02-03.17:03:53::SCWMssOS::Copying the qemu file from  C:/Xilinx/Vitis/2020.1/data/emulation/platforms/zynq/qemu/qemu_args.txt To X:/cpre488/Labs/MP-0/vitus/MP0_wrapper/export/MP0_wrapper/sw/MP0_wrapper/qemu/
TRACE::2026-02-03.17:03:53::SCWMssOS::Copying the qemu file from  C:/Xilinx/Vitis/2020.1/data/emulation/platforms/zynq/qemu/qemu_args.txt To X:/cpre488/Labs/MP-0/vitus/MP0_wrapper/export/MP0_wrapper/sw/MP0_wrapper/domain_ps7_cortexa9_0/qemu/
TRACE::2026-02-03.17:03:53::SCWMssOS:: Copying the user libraries. 
TRACE::2026-02-03.17:03:53::SCWPlatform::Trying to open the hw design at X:/cpre488/Labs/MP-0/vitus/MP0_wrapper/hw/MP0_wrapper.xsa
TRACE::2026-02-03.17:03:53::SCWPlatform::DSA given X:/cpre488/Labs/MP-0/vitus/MP0_wrapper/hw/MP0_wrapper.xsa
TRACE::2026-02-03.17:03:53::SCWPlatform::DSA absoulate path X:/cpre488/Labs/MP-0/vitus/MP0_wrapper/hw/MP0_wrapper.xsa
TRACE::2026-02-03.17:03:53::SCWPlatform::DSA directory X:/cpre488/Labs/MP-0/vitus/MP0_wrapper/hw
TRACE::2026-02-03.17:03:53::SCWPlatform:: Platform Path X:/cpre488/Labs/MP-0/vitus/MP0_wrapper/hw/MP0_wrapper.xsa
TRACE::2026-02-03.17:03:53::SCWPlatform:: Unique name xilinx:zed::0.0
TRACE::2026-02-03.17:03:53::SCWPlatform::Trying to set the existing hwdb with name MP0_wrapper_0
TRACE::2026-02-03.17:03:53::SCWPlatform::Opened existing hwdb MP0_wrapper_0
TRACE::2026-02-03.17:03:53::SCWPlatform::Found the Hw Db part of the input DSA
TRACE::2026-02-03.17:03:53::SCWMssOS::Checking the sw design at  X:/cpre488/Labs/MP-0/vitus/MP0_wrapper/ps7_cortexa9_0/domain_ps7_cortexa9_0/bsp/system.mss
TRACE::2026-02-03.17:03:53::SCWMssOS::DEBUG:  swdes dump  X:/cpre488/Labs/MP-0/vitus/MP0_wrapper/ps7_cortexa9_0/domain_ps7_cortexa9_0/bsp/system.mss|system_0||
X:/cpre488/Labs/MP-0/vitus/MP0_wrapper/zynq_fsbl/zynq_fsbl_bsp/system.mss|system||

TRACE::2026-02-03.17:03:53::SCWMssOS::Sw design exists and opened at  X:/cpre488/Labs/MP-0/vitus/MP0_wrapper/ps7_cortexa9_0/domain_ps7_cortexa9_0/bsp/system.mss
TRACE::2026-02-03.17:03:53::SCWMssOS::Completed writing the mss file at X:/cpre488/Labs/MP-0/vitus/MP0_wrapper/ps7_cortexa9_0/domain_ps7_cortexa9_0/bsp
TRACE::2026-02-03.17:03:53::SCWMssOS::Mss edits present, copying mssfile into export location X:/cpre488/Labs/MP-0/vitus/MP0_wrapper/ps7_cortexa9_0/domain_ps7_cortexa9_0/bsp/system.mss
TRACE::2026-02-03.17:03:53::SCWMssOS::bsp generated is upto date with the mss file. Skipping bsp generation.
TRACE::2026-02-03.17:03:53::SCWMssOS::BSP is already built. skipping the bsp build ... 
TRACE::2026-02-03.17:03:53::SCWDomain::Building the domain as part of full build :  domain_ps7_cortexa9_0
TRACE::2026-02-03.17:03:53::SCWMssOS::doing bsp build ... 
TRACE::2026-02-03.17:03:53::SCWMssOS::System Command Ran  X: & cd  X:/cpre488/Labs/MP-0/vitus/MP0_wrapper/ps7_cortexa9_0/domain_ps7_cortexa9_0/bsp & make 
TRACE::2026-02-03.17:03:53::SCWMssOS::"Running Make include in ps7_cortexa9_0/libsrc/axivdma_v6_7/src"

TRACE::2026-02-03.17:03:53::SCWMssOS::make -C ps7_cortexa9_0/libsrc/axivdma_v6_7/src -s include  "SHELL=CMD" "COMPILER=arm-none-eabi-gcc" "ASSEMBLER=arm-none-eabi-as
TRACE::2026-02-03.17:03:53::SCWMssOS::" "ARCHIVER=arm-none-eabi-ar" "COMPILER_FLAGS=  -O2 -c" "EXTRA_COMPILER_FLAGS=-mcpu=cortex-a9 -mfpu=vfpv3 -mfloat-abi=hard -nos
TRACE::2026-02-03.17:03:53::SCWMssOS::tartfiles -g -Wall -Wextra"

TRACE::2026-02-03.17:03:53::SCWMssOS::"Running Make include in ps7_cortexa9_0/libsrc/coresightps_dcc_v1_7/src"

TRACE::2026-02-03.17:03:53::SCWMssOS::make -C ps7_cortexa9_0/libsrc/coresightps_dcc_v1_7/src -s include  "SHELL=CMD" "COMPILER=arm-none-eabi-gcc" "ASSEMBLER=arm-none
TRACE::2026-02-03.17:03:53::SCWMssOS::-eabi-as" "ARCHIVER=arm-none-eabi-ar" "COMPILER_FLAGS=  -O2 -c" "EXTRA_COMPILER_FLAGS=-mcpu=cortex-a9 -mfpu=vfpv3 -mfloat-abi=h
TRACE::2026-02-03.17:03:53::SCWMssOS::ard -nostartfiles -g -Wall -Wextra"

TRACE::2026-02-03.17:03:53::SCWMssOS::"Running Make include in ps7_cortexa9_0/libsrc/cpu_cortexa9_v2_9/src"

TRACE::2026-02-03.17:03:53::SCWMssOS::make -C ps7_cortexa9_0/libsrc/cpu_cortexa9_v2_9/src -s include  "SHELL=CMD" "COMPILER=arm-none-eabi-gcc" "ASSEMBLER=arm-none-ea
TRACE::2026-02-03.17:03:53::SCWMssOS::bi-as" "ARCHIVER=arm-none-eabi-ar" "COMPILER_FLAGS=  -O2 -c" "EXTRA_COMPILER_FLAGS=-mcpu=cortex-a9 -mfpu=vfpv3 -mfloat-abi=hard
TRACE::2026-02-03.17:03:53::SCWMssOS:: -nostartfiles -g -Wall -Wextra"

TRACE::2026-02-03.17:03:53::SCWMssOS::"Running Make include in ps7_cortexa9_0/libsrc/ddrps_v1_1/src"

TRACE::2026-02-03.17:03:53::SCWMssOS::make -C ps7_cortexa9_0/libsrc/ddrps_v1_1/src -s include  "SHELL=CMD" "COMPILER=arm-none-eabi-gcc" "ASSEMBLER=arm-none-eabi-as" 
TRACE::2026-02-03.17:03:53::SCWMssOS::"ARCHIVER=arm-none-eabi-ar" "COMPILER_FLAGS=  -O2 -c" "EXTRA_COMPILER_FLAGS=-mcpu=cortex-a9 -mfpu=vfpv3 -mfloat-abi=hard -nosta
TRACE::2026-02-03.17:03:53::SCWMssOS::rtfiles -g -Wall -Wextra"

TRACE::2026-02-03.17:03:53::SCWMssOS::"Running Make include in ps7_cortexa9_0/libsrc/devcfg_v3_6/src"

TRACE::2026-02-03.17:03:53::SCWMssOS::make -C ps7_cortexa9_0/libsrc/devcfg_v3_6/src -s include  "SHELL=CMD" "COMPILER=arm-none-eabi-gcc" "ASSEMBLER=arm-none-eabi-as"
TRACE::2026-02-03.17:03:53::SCWMssOS:: "ARCHIVER=arm-none-eabi-ar" "COMPILER_FLAGS=  -O2 -c" "EXTRA_COMPILER_FLAGS=-mcpu=cortex-a9 -mfpu=vfpv3 -mfloat-abi=hard -nost
TRACE::2026-02-03.17:03:53::SCWMssOS::artfiles -g -Wall -Wextra"

TRACE::2026-02-03.17:03:53::SCWMssOS::"Running Make include in ps7_cortexa9_0/libsrc/dmaps_v2_6/src"

TRACE::2026-02-03.17:03:53::SCWMssOS::make -C ps7_cortexa9_0/libsrc/dmaps_v2_6/src -s include  "SHELL=CMD" "COMPILER=arm-none-eabi-gcc" "ASSEMBLER=arm-none-eabi-as" 
TRACE::2026-02-03.17:03:53::SCWMssOS::"ARCHIVER=arm-none-eabi-ar" "COMPILER_FLAGS=  -O2 -c" "EXTRA_COMPILER_FLAGS=-mcpu=cortex-a9 -mfpu=vfpv3 -mfloat-abi=hard -nosta
TRACE::2026-02-03.17:03:53::SCWMssOS::rtfiles -g -Wall -Wextra"

TRACE::2026-02-03.17:03:53::SCWMssOS::"Running Make include in ps7_cortexa9_0/libsrc/emacps_v3_11/src"

TRACE::2026-02-03.17:03:53::SCWMssOS::make -C ps7_cortexa9_0/libsrc/emacps_v3_11/src -s include  "SHELL=CMD" "COMPILER=arm-none-eabi-gcc" "ASSEMBLER=arm-none-eabi-as
TRACE::2026-02-03.17:03:53::SCWMssOS::" "ARCHIVER=arm-none-eabi-ar" "COMPILER_FLAGS=  -O2 -c" "EXTRA_COMPILER_FLAGS=-mcpu=cortex-a9 -mfpu=vfpv3 -mfloat-abi=hard -nos
TRACE::2026-02-03.17:03:53::SCWMssOS::tartfiles -g -Wall -Wextra"

TRACE::2026-02-03.17:03:53::SCWMssOS::"Running Make include in ps7_cortexa9_0/libsrc/gpiops_v3_7/src"

TRACE::2026-02-03.17:03:53::SCWMssOS::make -C ps7_cortexa9_0/libsrc/gpiops_v3_7/src -s include  "SHELL=CMD" "COMPILER=arm-none-eabi-gcc" "ASSEMBLER=arm-none-eabi-as"
TRACE::2026-02-03.17:03:53::SCWMssOS:: "ARCHIVER=arm-none-eabi-ar" "COMPILER_FLAGS=  -O2 -c" "EXTRA_COMPILER_FLAGS=-mcpu=cortex-a9 -mfpu=vfpv3 -mfloat-abi=hard -nost
TRACE::2026-02-03.17:03:53::SCWMssOS::artfiles -g -Wall -Wextra"

TRACE::2026-02-03.17:03:53::SCWMssOS::"Running Make include in ps7_cortexa9_0/libsrc/gpio_v4_6/src"

TRACE::2026-02-03.17:03:53::SCWMssOS::make -C ps7_cortexa9_0/libsrc/gpio_v4_6/src -s include  "SHELL=CMD" "COMPILER=arm-none-eabi-gcc" "ASSEMBLER=arm-none-eabi-as" "
TRACE::2026-02-03.17:03:53::SCWMssOS::ARCHIVER=arm-none-eabi-ar" "COMPILER_FLAGS=  -O2 -c" "EXTRA_COMPILER_FLAGS=-mcpu=cortex-a9 -mfpu=vfpv3 -mfloat-abi=hard -nostar
TRACE::2026-02-03.17:03:53::SCWMssOS::tfiles -g -Wall -Wextra"

TRACE::2026-02-03.17:03:54::SCWMssOS::"Running Make include in ps7_cortexa9_0/libsrc/qspips_v3_7/src"

TRACE::2026-02-03.17:03:54::SCWMssOS::make -C ps7_cortexa9_0/libsrc/qspips_v3_7/src -s include  "SHELL=CMD" "COMPILER=arm-none-eabi-gcc" "ASSEMBLER=arm-none-eabi-as"
TRACE::2026-02-03.17:03:54::SCWMssOS:: "ARCHIVER=arm-none-eabi-ar" "COMPILER_FLAGS=  -O2 -c" "EXTRA_COMPILER_FLAGS=-mcpu=cortex-a9 -mfpu=vfpv3 -mfloat-abi=hard -nost
TRACE::2026-02-03.17:03:54::SCWMssOS::artfiles -g -Wall -Wextra"

TRACE::2026-02-03.17:03:54::SCWMssOS::"Running Make include in ps7_cortexa9_0/libsrc/scugic_v4_2/src"

TRACE::2026-02-03.17:03:54::SCWMssOS::make -C ps7_cortexa9_0/libsrc/scugic_v4_2/src -s include  "SHELL=CMD" "COMPILER=arm-none-eabi-gcc" "ASSEMBLER=arm-none-eabi-as"
TRACE::2026-02-03.17:03:54::SCWMssOS:: "ARCHIVER=arm-none-eabi-ar" "COMPILER_FLAGS=  -O2 -c" "EXTRA_COMPILER_FLAGS=-mcpu=cortex-a9 -mfpu=vfpv3 -mfloat-abi=hard -nost
TRACE::2026-02-03.17:03:54::SCWMssOS::artfiles -g -Wall -Wextra"

TRACE::2026-02-03.17:03:54::SCWMssOS::"Running Make include in ps7_cortexa9_0/libsrc/scutimer_v2_2/src"

TRACE::2026-02-03.17:03:54::SCWMssOS::make -C ps7_cortexa9_0/libsrc/scutimer_v2_2/src -s include  "SHELL=CMD" "COMPILER=arm-none-eabi-gcc" "ASSEMBLER=arm-none-eabi-a
TRACE::2026-02-03.17:03:54::SCWMssOS::s" "ARCHIVER=arm-none-eabi-ar" "COMPILER_FLAGS=  -O2 -c" "EXTRA_COMPILER_FLAGS=-mcpu=cortex-a9 -mfpu=vfpv3 -mfloat-abi=hard -no
TRACE::2026-02-03.17:03:54::SCWMssOS::startfiles -g -Wall -Wextra"

TRACE::2026-02-03.17:03:54::SCWMssOS::"Running Make include in ps7_cortexa9_0/libsrc/scuwdt_v2_2/src"

TRACE::2026-02-03.17:03:54::SCWMssOS::make -C ps7_cortexa9_0/libsrc/scuwdt_v2_2/src -s include  "SHELL=CMD" "COMPILER=arm-none-eabi-gcc" "ASSEMBLER=arm-none-eabi-as"
TRACE::2026-02-03.17:03:54::SCWMssOS:: "ARCHIVER=arm-none-eabi-ar" "COMPILER_FLAGS=  -O2 -c" "EXTRA_COMPILER_FLAGS=-mcpu=cortex-a9 -mfpu=vfpv3 -mfloat-abi=hard -nost
TRACE::2026-02-03.17:03:54::SCWMssOS::artfiles -g -Wall -Wextra"

TRACE::2026-02-03.17:03:54::SCWMssOS::"Running Make include in ps7_cortexa9_0/libsrc/sdps_v3_9/src"

TRACE::2026-02-03.17:03:54::SCWMssOS::make -C ps7_cortexa9_0/libsrc/sdps_v3_9/src -s include  "SHELL=CMD" "COMPILER=arm-none-eabi-gcc" "ASSEMBLER=arm-none-eabi-as" "
TRACE::2026-02-03.17:03:54::SCWMssOS::ARCHIVER=arm-none-eabi-ar" "COMPILER_FLAGS=  -O2 -c" "EXTRA_COMPILER_FLAGS=-mcpu=cortex-a9 -mfpu=vfpv3 -mfloat-abi=hard -nostar
TRACE::2026-02-03.17:03:54::SCWMssOS::tfiles -g -Wall -Wextra"

TRACE::2026-02-03.17:03:54::SCWMssOS::"Running Make include in ps7_cortexa9_0/libsrc/standalone_v7_2/src"

TRACE::2026-02-03.17:03:54::SCWMssOS::make -C ps7_cortexa9_0/libsrc/standalone_v7_2/src -s include  "SHELL=CMD" "COMPILER=arm-none-eabi-gcc" "ASSEMBLER=arm-none-eabi
TRACE::2026-02-03.17:03:54::SCWMssOS::-as" "ARCHIVER=arm-none-eabi-ar" "COMPILER_FLAGS=  -O2 -c" "EXTRA_COMPILER_FLAGS=-mcpu=cortex-a9 -mfpu=vfpv3 -mfloat-abi=hard -
TRACE::2026-02-03.17:03:54::SCWMssOS::nostartfiles -g -Wall -Wextra"

TRACE::2026-02-03.17:03:55::SCWMssOS::"Running Make include in ps7_cortexa9_0/libsrc/ttcps_v3_11/src"

TRACE::2026-02-03.17:03:55::SCWMssOS::make -C ps7_cortexa9_0/libsrc/ttcps_v3_11/src -s include  "SHELL=CMD" "COMPILER=arm-none-eabi-gcc" "ASSEMBLER=arm-none-eabi-as"
TRACE::2026-02-03.17:03:55::SCWMssOS:: "ARCHIVER=arm-none-eabi-ar" "COMPILER_FLAGS=  -O2 -c" "EXTRA_COMPILER_FLAGS=-mcpu=cortex-a9 -mfpu=vfpv3 -mfloat-abi=hard -nost
TRACE::2026-02-03.17:03:55::SCWMssOS::artfiles -g -Wall -Wextra"

TRACE::2026-02-03.17:03:55::SCWMssOS::"Running Make include in ps7_cortexa9_0/libsrc/uartps_v3_9/src"

TRACE::2026-02-03.17:03:55::SCWMssOS::make -C ps7_cortexa9_0/libsrc/uartps_v3_9/src -s include  "SHELL=CMD" "COMPILER=arm-none-eabi-gcc" "ASSEMBLER=arm-none-eabi-as"
TRACE::2026-02-03.17:03:55::SCWMssOS:: "ARCHIVER=arm-none-eabi-ar" "COMPILER_FLAGS=  -O2 -c" "EXTRA_COMPILER_FLAGS=-mcpu=cortex-a9 -mfpu=vfpv3 -mfloat-abi=hard -nost
TRACE::2026-02-03.17:03:55::SCWMssOS::artfiles -g -Wall -Wextra"

TRACE::2026-02-03.17:03:55::SCWMssOS::"Running Make include in ps7_cortexa9_0/libsrc/usbps_v2_5/src"

TRACE::2026-02-03.17:03:55::SCWMssOS::make -C ps7_cortexa9_0/libsrc/usbps_v2_5/src -s include  "SHELL=CMD" "COMPILER=arm-none-eabi-gcc" "ASSEMBLER=arm-none-eabi-as" 
TRACE::2026-02-03.17:03:55::SCWMssOS::"ARCHIVER=arm-none-eabi-ar" "COMPILER_FLAGS=  -O2 -c" "EXTRA_COMPILER_FLAGS=-mcpu=cortex-a9 -mfpu=vfpv3 -mfloat-abi=hard -nosta
TRACE::2026-02-03.17:03:55::SCWMssOS::rtfiles -g -Wall -Wextra"

TRACE::2026-02-03.17:03:55::SCWMssOS::"Running Make include in ps7_cortexa9_0/libsrc/vtc_v8_2/src"

TRACE::2026-02-03.17:03:55::SCWMssOS::make -C ps7_cortexa9_0/libsrc/vtc_v8_2/src -s include  "SHELL=CMD" "COMPILER=arm-none-eabi-gcc" "ASSEMBLER=arm-none-eabi-as" "A
TRACE::2026-02-03.17:03:55::SCWMssOS::RCHIVER=arm-none-eabi-ar" "COMPILER_FLAGS=  -O2 -c" "EXTRA_COMPILER_FLAGS=-mcpu=cortex-a9 -mfpu=vfpv3 -mfloat-abi=hard -nostart
TRACE::2026-02-03.17:03:55::SCWMssOS::files -g -Wall -Wextra"

TRACE::2026-02-03.17:03:55::SCWMssOS::"Running Make include in ps7_cortexa9_0/libsrc/xadcps_v2_4/src"

TRACE::2026-02-03.17:03:55::SCWMssOS::make -C ps7_cortexa9_0/libsrc/xadcps_v2_4/src -s include  "SHELL=CMD" "COMPILER=arm-none-eabi-gcc" "ASSEMBLER=arm-none-eabi-as"
TRACE::2026-02-03.17:03:55::SCWMssOS:: "ARCHIVER=arm-none-eabi-ar" "COMPILER_FLAGS=  -O2 -c" "EXTRA_COMPILER_FLAGS=-mcpu=cortex-a9 -mfpu=vfpv3 -mfloat-abi=hard -nost
TRACE::2026-02-03.17:03:55::SCWMssOS::artfiles -g -Wall -Wextra"

TRACE::2026-02-03.17:03:55::SCWMssOS::"Running Make libs in ps7_cortexa9_0/libsrc/axivdma_v6_7/src"

TRACE::2026-02-03.17:03:55::SCWMssOS::make -C ps7_cortexa9_0/libsrc/axivdma_v6_7/src -s libs  "SHELL=CMD" "COMPILER=arm-none-eabi-gcc" "ASSEMBLER=arm-none-eabi-as" "
TRACE::2026-02-03.17:03:55::SCWMssOS::ARCHIVER=arm-none-eabi-ar" "COMPILER_FLAGS=  -O2 -c" "EXTRA_COMPILER_FLAGS=-mcpu=cortex-a9 -mfpu=vfpv3 -mfloat-abi=hard -nostar
TRACE::2026-02-03.17:03:55::SCWMssOS::tfiles -g -Wall -Wextra"

TRACE::2026-02-03.17:03:55::SCWMssOS::"Compiling axivdma"

TRACE::2026-02-03.17:03:56::SCWMssOS::"Running Make libs in ps7_cortexa9_0/libsrc/coresightps_dcc_v1_7/src"

TRACE::2026-02-03.17:03:56::SCWMssOS::make -C ps7_cortexa9_0/libsrc/coresightps_dcc_v1_7/src -s libs  "SHELL=CMD" "COMPILER=arm-none-eabi-gcc" "ASSEMBLER=arm-none-ea
TRACE::2026-02-03.17:03:56::SCWMssOS::bi-as" "ARCHIVER=arm-none-eabi-ar" "COMPILER_FLAGS=  -O2 -c" "EXTRA_COMPILER_FLAGS=-mcpu=cortex-a9 -mfpu=vfpv3 -mfloat-abi=hard
TRACE::2026-02-03.17:03:56::SCWMssOS:: -nostartfiles -g -Wall -Wextra"

TRACE::2026-02-03.17:03:56::SCWMssOS::"Compiling coresightps_dcc"

TRACE::2026-02-03.17:03:56::SCWMssOS::"Running Make libs in ps7_cortexa9_0/libsrc/cpu_cortexa9_v2_9/src"

TRACE::2026-02-03.17:03:56::SCWMssOS::make -C ps7_cortexa9_0/libsrc/cpu_cortexa9_v2_9/src -s libs  "SHELL=CMD" "COMPILER=arm-none-eabi-gcc" "ASSEMBLER=arm-none-eabi-
TRACE::2026-02-03.17:03:56::SCWMssOS::as" "ARCHIVER=arm-none-eabi-ar" "COMPILER_FLAGS=  -O2 -c" "EXTRA_COMPILER_FLAGS=-mcpu=cortex-a9 -mfpu=vfpv3 -mfloat-abi=hard -n
TRACE::2026-02-03.17:03:56::SCWMssOS::ostartfiles -g -Wall -Wextra"

TRACE::2026-02-03.17:03:57::SCWMssOS::"Compiling cpu_cortexa9"

TRACE::2026-02-03.17:03:57::SCWMssOS::"Running Make libs in ps7_cortexa9_0/libsrc/ddrps_v1_1/src"

TRACE::2026-02-03.17:03:57::SCWMssOS::make -C ps7_cortexa9_0/libsrc/ddrps_v1_1/src -s libs  "SHELL=CMD" "COMPILER=arm-none-eabi-gcc" "ASSEMBLER=arm-none-eabi-as" "AR
TRACE::2026-02-03.17:03:57::SCWMssOS::CHIVER=arm-none-eabi-ar" "COMPILER_FLAGS=  -O2 -c" "EXTRA_COMPILER_FLAGS=-mcpu=cortex-a9 -mfpu=vfpv3 -mfloat-abi=hard -nostartf
TRACE::2026-02-03.17:03:57::SCWMssOS::iles -g -Wall -Wextra"

TRACE::2026-02-03.17:03:57::SCWMssOS::"Compiling ddrps"

TRACE::2026-02-03.17:03:57::SCWMssOS::"Running Make libs in ps7_cortexa9_0/libsrc/devcfg_v3_6/src"

TRACE::2026-02-03.17:03:57::SCWMssOS::make -C ps7_cortexa9_0/libsrc/devcfg_v3_6/src -s libs  "SHELL=CMD" "COMPILER=arm-none-eabi-gcc" "ASSEMBLER=arm-none-eabi-as" "A
TRACE::2026-02-03.17:03:57::SCWMssOS::RCHIVER=arm-none-eabi-ar" "COMPILER_FLAGS=  -O2 -c" "EXTRA_COMPILER_FLAGS=-mcpu=cortex-a9 -mfpu=vfpv3 -mfloat-abi=hard -nostart
TRACE::2026-02-03.17:03:57::SCWMssOS::files -g -Wall -Wextra"

TRACE::2026-02-03.17:03:57::SCWMssOS::"Compiling devcfg"

TRACE::2026-02-03.17:03:57::SCWMssOS::"Running Make libs in ps7_cortexa9_0/libsrc/dmaps_v2_6/src"

TRACE::2026-02-03.17:03:57::SCWMssOS::make -C ps7_cortexa9_0/libsrc/dmaps_v2_6/src -s libs  "SHELL=CMD" "COMPILER=arm-none-eabi-gcc" "ASSEMBLER=arm-none-eabi-as" "AR
TRACE::2026-02-03.17:03:57::SCWMssOS::CHIVER=arm-none-eabi-ar" "COMPILER_FLAGS=  -O2 -c" "EXTRA_COMPILER_FLAGS=-mcpu=cortex-a9 -mfpu=vfpv3 -mfloat-abi=hard -nostartf
TRACE::2026-02-03.17:03:57::SCWMssOS::iles -g -Wall -Wextra"

TRACE::2026-02-03.17:03:57::SCWMssOS::"Compiling dmaps"

TRACE::2026-02-03.17:03:58::SCWMssOS::"Running Make libs in ps7_cortexa9_0/libsrc/emacps_v3_11/src"

TRACE::2026-02-03.17:03:58::SCWMssOS::make -C ps7_cortexa9_0/libsrc/emacps_v3_11/src -s libs  "SHELL=CMD" "COMPILER=arm-none-eabi-gcc" "ASSEMBLER=arm-none-eabi-as" "
TRACE::2026-02-03.17:03:58::SCWMssOS::ARCHIVER=arm-none-eabi-ar" "COMPILER_FLAGS=  -O2 -c" "EXTRA_COMPILER_FLAGS=-mcpu=cortex-a9 -mfpu=vfpv3 -mfloat-abi=hard -nostar
TRACE::2026-02-03.17:03:58::SCWMssOS::tfiles -g -Wall -Wextra"

TRACE::2026-02-03.17:03:58::SCWMssOS::"Compiling emacps"

TRACE::2026-02-03.17:03:59::SCWMssOS::"Running Make libs in ps7_cortexa9_0/libsrc/gpiops_v3_7/src"

TRACE::2026-02-03.17:03:59::SCWMssOS::make -C ps7_cortexa9_0/libsrc/gpiops_v3_7/src -s libs  "SHELL=CMD" "COMPILER=arm-none-eabi-gcc" "ASSEMBLER=arm-none-eabi-as" "A
TRACE::2026-02-03.17:03:59::SCWMssOS::RCHIVER=arm-none-eabi-ar" "COMPILER_FLAGS=  -O2 -c" "EXTRA_COMPILER_FLAGS=-mcpu=cortex-a9 -mfpu=vfpv3 -mfloat-abi=hard -nostart
TRACE::2026-02-03.17:03:59::SCWMssOS::files -g -Wall -Wextra"

TRACE::2026-02-03.17:03:59::SCWMssOS::"Compiling gpiops"

TRACE::2026-02-03.17:04:00::SCWMssOS::"Running Make libs in ps7_cortexa9_0/libsrc/gpio_v4_6/src"

TRACE::2026-02-03.17:04:00::SCWMssOS::make -C ps7_cortexa9_0/libsrc/gpio_v4_6/src -s libs  "SHELL=CMD" "COMPILER=arm-none-eabi-gcc" "ASSEMBLER=arm-none-eabi-as" "ARC
TRACE::2026-02-03.17:04:00::SCWMssOS::HIVER=arm-none-eabi-ar" "COMPILER_FLAGS=  -O2 -c" "EXTRA_COMPILER_FLAGS=-mcpu=cortex-a9 -mfpu=vfpv3 -mfloat-abi=hard -nostartfi
TRACE::2026-02-03.17:04:00::SCWMssOS::les -g -Wall -Wextra"

TRACE::2026-02-03.17:04:00::SCWMssOS::"Compiling gpio"

TRACE::2026-02-03.17:04:00::SCWMssOS::"Running Make libs in ps7_cortexa9_0/libsrc/qspips_v3_7/src"

TRACE::2026-02-03.17:04:00::SCWMssOS::make -C ps7_cortexa9_0/libsrc/qspips_v3_7/src -s libs  "SHELL=CMD" "COMPILER=arm-none-eabi-gcc" "ASSEMBLER=arm-none-eabi-as" "A
TRACE::2026-02-03.17:04:00::SCWMssOS::RCHIVER=arm-none-eabi-ar" "COMPILER_FLAGS=  -O2 -c" "EXTRA_COMPILER_FLAGS=-mcpu=cortex-a9 -mfpu=vfpv3 -mfloat-abi=hard -nostart
TRACE::2026-02-03.17:04:00::SCWMssOS::files -g -Wall -Wextra"

TRACE::2026-02-03.17:04:00::SCWMssOS::"Compiling qspips"

TRACE::2026-02-03.17:04:01::SCWMssOS::"Running Make libs in ps7_cortexa9_0/libsrc/scugic_v4_2/src"

TRACE::2026-02-03.17:04:01::SCWMssOS::make -C ps7_cortexa9_0/libsrc/scugic_v4_2/src -s libs  "SHELL=CMD" "COMPILER=arm-none-eabi-gcc" "ASSEMBLER=arm-none-eabi-as" "A
TRACE::2026-02-03.17:04:01::SCWMssOS::RCHIVER=arm-none-eabi-ar" "COMPILER_FLAGS=  -O2 -c" "EXTRA_COMPILER_FLAGS=-mcpu=cortex-a9 -mfpu=vfpv3 -mfloat-abi=hard -nostart
TRACE::2026-02-03.17:04:01::SCWMssOS::files -g -Wall -Wextra"

TRACE::2026-02-03.17:04:01::SCWMssOS::"Compiling scugic"

TRACE::2026-02-03.17:04:02::SCWMssOS::"Running Make libs in ps7_cortexa9_0/libsrc/scutimer_v2_2/src"

TRACE::2026-02-03.17:04:02::SCWMssOS::make -C ps7_cortexa9_0/libsrc/scutimer_v2_2/src -s libs  "SHELL=CMD" "COMPILER=arm-none-eabi-gcc" "ASSEMBLER=arm-none-eabi-as" 
TRACE::2026-02-03.17:04:02::SCWMssOS::"ARCHIVER=arm-none-eabi-ar" "COMPILER_FLAGS=  -O2 -c" "EXTRA_COMPILER_FLAGS=-mcpu=cortex-a9 -mfpu=vfpv3 -mfloat-abi=hard -nosta
TRACE::2026-02-03.17:04:02::SCWMssOS::rtfiles -g -Wall -Wextra"

TRACE::2026-02-03.17:04:02::SCWMssOS::"Compiling scutimer"

TRACE::2026-02-03.17:04:02::SCWMssOS::"Running Make libs in ps7_cortexa9_0/libsrc/scuwdt_v2_2/src"

TRACE::2026-02-03.17:04:02::SCWMssOS::make -C ps7_cortexa9_0/libsrc/scuwdt_v2_2/src -s libs  "SHELL=CMD" "COMPILER=arm-none-eabi-gcc" "ASSEMBLER=arm-none-eabi-as" "A
TRACE::2026-02-03.17:04:02::SCWMssOS::RCHIVER=arm-none-eabi-ar" "COMPILER_FLAGS=  -O2 -c" "EXTRA_COMPILER_FLAGS=-mcpu=cortex-a9 -mfpu=vfpv3 -mfloat-abi=hard -nostart
TRACE::2026-02-03.17:04:02::SCWMssOS::files -g -Wall -Wextra"

TRACE::2026-02-03.17:04:03::SCWMssOS::"Compiling scuwdt"

TRACE::2026-02-03.17:04:03::SCWMssOS::"Running Make libs in ps7_cortexa9_0/libsrc/sdps_v3_9/src"

TRACE::2026-02-03.17:04:03::SCWMssOS::make -C ps7_cortexa9_0/libsrc/sdps_v3_9/src -s libs  "SHELL=CMD" "COMPILER=arm-none-eabi-gcc" "ASSEMBLER=arm-none-eabi-as" "ARC
TRACE::2026-02-03.17:04:03::SCWMssOS::HIVER=arm-none-eabi-ar" "COMPILER_FLAGS=  -O2 -c" "EXTRA_COMPILER_FLAGS=-mcpu=cortex-a9 -mfpu=vfpv3 -mfloat-abi=hard -nostartfi
TRACE::2026-02-03.17:04:03::SCWMssOS::les -g -Wall -Wextra"

TRACE::2026-02-03.17:04:03::SCWMssOS::"Compiling sdps"

TRACE::2026-02-03.17:04:04::SCWMssOS::"Running Make libs in ps7_cortexa9_0/libsrc/standalone_v7_2/src"

TRACE::2026-02-03.17:04:04::SCWMssOS::make -C ps7_cortexa9_0/libsrc/standalone_v7_2/src -s libs  "SHELL=CMD" "COMPILER=arm-none-eabi-gcc" "ASSEMBLER=arm-none-eabi-as
TRACE::2026-02-03.17:04:04::SCWMssOS::" "ARCHIVER=arm-none-eabi-ar" "COMPILER_FLAGS=  -O2 -c" "EXTRA_COMPILER_FLAGS=-mcpu=cortex-a9 -mfpu=vfpv3 -mfloat-abi=hard -nos
TRACE::2026-02-03.17:04:04::SCWMssOS::tartfiles -g -Wall -Wextra"

TRACE::2026-02-03.17:04:04::SCWMssOS::"Compiling standalone"

TRACE::2026-02-03.17:04:07::SCWMssOS::"Running Make libs in ps7_cortexa9_0/libsrc/ttcps_v3_11/src"

TRACE::2026-02-03.17:04:07::SCWMssOS::make -C ps7_cortexa9_0/libsrc/ttcps_v3_11/src -s libs  "SHELL=CMD" "COMPILER=arm-none-eabi-gcc" "ASSEMBLER=arm-none-eabi-as" "A
TRACE::2026-02-03.17:04:07::SCWMssOS::RCHIVER=arm-none-eabi-ar" "COMPILER_FLAGS=  -O2 -c" "EXTRA_COMPILER_FLAGS=-mcpu=cortex-a9 -mfpu=vfpv3 -mfloat-abi=hard -nostart
TRACE::2026-02-03.17:04:07::SCWMssOS::files -g -Wall -Wextra"

TRACE::2026-02-03.17:04:07::SCWMssOS::"Compiling ttcps"

TRACE::2026-02-03.17:04:08::SCWMssOS::"Running Make libs in ps7_cortexa9_0/libsrc/uartps_v3_9/src"

TRACE::2026-02-03.17:04:08::SCWMssOS::make -C ps7_cortexa9_0/libsrc/uartps_v3_9/src -s libs  "SHELL=CMD" "COMPILER=arm-none-eabi-gcc" "ASSEMBLER=arm-none-eabi-as" "A
TRACE::2026-02-03.17:04:08::SCWMssOS::RCHIVER=arm-none-eabi-ar" "COMPILER_FLAGS=  -O2 -c" "EXTRA_COMPILER_FLAGS=-mcpu=cortex-a9 -mfpu=vfpv3 -mfloat-abi=hard -nostart
TRACE::2026-02-03.17:04:08::SCWMssOS::files -g -Wall -Wextra"

TRACE::2026-02-03.17:04:08::SCWMssOS::"Compiling uartps"

TRACE::2026-02-03.17:04:08::SCWMssOS::"Running Make libs in ps7_cortexa9_0/libsrc/usbps_v2_5/src"

TRACE::2026-02-03.17:04:08::SCWMssOS::make -C ps7_cortexa9_0/libsrc/usbps_v2_5/src -s libs  "SHELL=CMD" "COMPILER=arm-none-eabi-gcc" "ASSEMBLER=arm-none-eabi-as" "AR
TRACE::2026-02-03.17:04:08::SCWMssOS::CHIVER=arm-none-eabi-ar" "COMPILER_FLAGS=  -O2 -c" "EXTRA_COMPILER_FLAGS=-mcpu=cortex-a9 -mfpu=vfpv3 -mfloat-abi=hard -nostartf
TRACE::2026-02-03.17:04:08::SCWMssOS::iles -g -Wall -Wextra"

TRACE::2026-02-03.17:04:08::SCWMssOS::"Compiling usbps"

TRACE::2026-02-03.17:04:09::SCWMssOS::"Running Make libs in ps7_cortexa9_0/libsrc/vtc_v8_2/src"

TRACE::2026-02-03.17:04:09::SCWMssOS::make -C ps7_cortexa9_0/libsrc/vtc_v8_2/src -s libs  "SHELL=CMD" "COMPILER=arm-none-eabi-gcc" "ASSEMBLER=arm-none-eabi-as" "ARCH
TRACE::2026-02-03.17:04:09::SCWMssOS::IVER=arm-none-eabi-ar" "COMPILER_FLAGS=  -O2 -c" "EXTRA_COMPILER_FLAGS=-mcpu=cortex-a9 -mfpu=vfpv3 -mfloat-abi=hard -nostartfil
TRACE::2026-02-03.17:04:09::SCWMssOS::es -g -Wall -Wextra"

TRACE::2026-02-03.17:04:09::SCWMssOS::"Compiling video timing controller"

TRACE::2026-02-03.17:04:10::SCWMssOS::"Running Make libs in ps7_cortexa9_0/libsrc/xadcps_v2_4/src"

TRACE::2026-02-03.17:04:10::SCWMssOS::make -C ps7_cortexa9_0/libsrc/xadcps_v2_4/src -s libs  "SHELL=CMD" "COMPILER=arm-none-eabi-gcc" "ASSEMBLER=arm-none-eabi-as" "A
TRACE::2026-02-03.17:04:10::SCWMssOS::RCHIVER=arm-none-eabi-ar" "COMPILER_FLAGS=  -O2 -c" "EXTRA_COMPILER_FLAGS=-mcpu=cortex-a9 -mfpu=vfpv3 -mfloat-abi=hard -nostart
TRACE::2026-02-03.17:04:10::SCWMssOS::files -g -Wall -Wextra"

TRACE::2026-02-03.17:04:10::SCWMssOS::"Compiling xadcps"

TRACE::2026-02-03.17:04:11::SCWMssOS::'Finished building libraries'

TRACE::2026-02-03.17:04:11::SCWMssOS::Copying to export directory.
TRACE::2026-02-03.17:04:12::SCWMssOS:: Checking if to create the Supporting Applications
TRACE::2026-02-03.17:04:12::SCWMssOS:: No Linux domain exists, trying to generate FSBL 
LOG::2026-02-03.17:04:12::SCWSystem::Completed Processing the domain domain_ps7_cortexa9_0
LOG::2026-02-03.17:04:12::SCWSystem::Completed Processing the sysconfig MP0_wrapper
LOG::2026-02-03.17:04:12::SCWPlatform::Completed generating the artifacts for system configuration MP0_wrapper
TRACE::2026-02-03.17:04:12::SCWPlatform::Started preparing the platform 
TRACE::2026-02-03.17:04:12::SCWSystem::Writing the bif file for system config MP0_wrapper
TRACE::2026-02-03.17:04:12::SCWSystem::dir created 
TRACE::2026-02-03.17:04:12::SCWSystem::Writing the bif 
TRACE::2026-02-03.17:04:12::SCWPlatform::Started writing the spfm file 
TRACE::2026-02-03.17:04:12::SCWPlatform::Started writing the xpfm file 
TRACE::2026-02-03.17:04:12::SCWPlatform::Completed generating the platform
TRACE::2026-02-03.17:04:12::SCWMssOS::Saving the mss changes X:/cpre488/Labs/MP-0/vitus/MP0_wrapper/zynq_fsbl/zynq_fsbl_bsp/system.mss
TRACE::2026-02-03.17:04:12::SCWMssOS::Found a swdesign opened with the mssfile.
TRACE::2026-02-03.17:04:12::SCWMssOS::Running validate of swdbs.
KEYINFO::2026-02-03.17:04:12::SCWMssOS::Could not open the swdb for system
KEYINFO::2026-02-03.17:04:12::SCWMssOS::Could not open the sw design at  system
ERROR: [Hsi 55-1558] Software Design system is not found

TRACE::2026-02-03.17:04:12::SCWMssOS::Cleared the swdb table entry
TRACE::2026-02-03.17:04:12::SCWMssOS::Adding the swdes entry, mss present, able to open swdb X:/cpre488/Labs/MP-0/vitus/MP0_wrapper/zynq_fsbl/zynq_fsbl_bsp/system.mss with des name system
TRACE::2026-02-03.17:04:12::SCWMssOS::Writing the mss file completed X:/cpre488/Labs/MP-0/vitus/MP0_wrapper/zynq_fsbl/zynq_fsbl_bsp/system.mss
TRACE::2026-02-03.17:04:12::SCWMssOS::Commit changes completed.
TRACE::2026-02-03.17:04:12::SCWMssOS::Saving the mss changes X:/cpre488/Labs/MP-0/vitus/MP0_wrapper/ps7_cortexa9_0/domain_ps7_cortexa9_0/bsp/system.mss
TRACE::2026-02-03.17:04:12::SCWMssOS::Found a swdesign opened with the mssfile.
TRACE::2026-02-03.17:04:12::SCWMssOS::Completed writemss as part of save.
TRACE::2026-02-03.17:04:12::SCWMssOS::Commit changes completed.
TRACE::2026-02-03.17:04:12::SCWPlatform::Trying to open the hw design at X:/cpre488/Labs/MP-0/vitus/MP0_wrapper/hw/MP0_wrapper.xsa
TRACE::2026-02-03.17:04:12::SCWPlatform::DSA given X:/cpre488/Labs/MP-0/vitus/MP0_wrapper/hw/MP0_wrapper.xsa
TRACE::2026-02-03.17:04:12::SCWPlatform::DSA absoulate path X:/cpre488/Labs/MP-0/vitus/MP0_wrapper/hw/MP0_wrapper.xsa
TRACE::2026-02-03.17:04:12::SCWPlatform::DSA directory X:/cpre488/Labs/MP-0/vitus/MP0_wrapper/hw
TRACE::2026-02-03.17:04:12::SCWPlatform:: Platform Path X:/cpre488/Labs/MP-0/vitus/MP0_wrapper/hw/MP0_wrapper.xsa
TRACE::2026-02-03.17:04:12::SCWPlatform:: Unique name xilinx:zed::0.0
TRACE::2026-02-03.17:04:12::SCWPlatform::Trying to set the existing hwdb with name MP0_wrapper_0
TRACE::2026-02-03.17:04:12::SCWPlatform::Opened existing hwdb MP0_wrapper_0
TRACE::2026-02-03.17:04:12::SCWPlatform::Found the Hw Db part of the input DSA
TRACE::2026-02-03.17:04:12::SCWMssOS::Checking the sw design at  X:/cpre488/Labs/MP-0/vitus/MP0_wrapper/zynq_fsbl/zynq_fsbl_bsp/system.mss
TRACE::2026-02-03.17:04:12::SCWMssOS::DEBUG:  swdes dump  X:/cpre488/Labs/MP-0/vitus/MP0_wrapper/ps7_cortexa9_0/domain_ps7_cortexa9_0/bsp/system.mss|system_0||
X:/cpre488/Labs/MP-0/vitus/MP0_wrapper/zynq_fsbl/zynq_fsbl_bsp/system.mss|system||

TRACE::2026-02-03.17:04:12::SCWMssOS::Sw design exists and opened at  X:/cpre488/Labs/MP-0/vitus/MP0_wrapper/zynq_fsbl/zynq_fsbl_bsp/system.mss
TRACE::2026-02-03.17:04:12::SCWPlatform::Trying to open the hw design at X:/cpre488/Labs/MP-0/vitus/MP0_wrapper/hw/MP0_wrapper.xsa
TRACE::2026-02-03.17:04:12::SCWPlatform::DSA given X:/cpre488/Labs/MP-0/vitus/MP0_wrapper/hw/MP0_wrapper.xsa
TRACE::2026-02-03.17:04:12::SCWPlatform::DSA absoulate path X:/cpre488/Labs/MP-0/vitus/MP0_wrapper/hw/MP0_wrapper.xsa
TRACE::2026-02-03.17:04:12::SCWPlatform::DSA directory X:/cpre488/Labs/MP-0/vitus/MP0_wrapper/hw
TRACE::2026-02-03.17:04:12::SCWPlatform:: Platform Path X:/cpre488/Labs/MP-0/vitus/MP0_wrapper/hw/MP0_wrapper.xsa
TRACE::2026-02-03.17:04:12::SCWPlatform:: Unique name xilinx:zed::0.0
TRACE::2026-02-03.17:04:12::SCWPlatform::Trying to set the existing hwdb with name MP0_wrapper_0
TRACE::2026-02-03.17:04:12::SCWPlatform::Opened existing hwdb MP0_wrapper_0
TRACE::2026-02-03.17:04:12::SCWPlatform::Found the Hw Db part of the input DSA
TRACE::2026-02-03.17:04:12::SCWMssOS::Checking the sw design at  X:/cpre488/Labs/MP-0/vitus/MP0_wrapper/ps7_cortexa9_0/domain_ps7_cortexa9_0/bsp/system.mss
TRACE::2026-02-03.17:04:12::SCWMssOS::DEBUG:  swdes dump  X:/cpre488/Labs/MP-0/vitus/MP0_wrapper/ps7_cortexa9_0/domain_ps7_cortexa9_0/bsp/system.mss|system_0||
X:/cpre488/Labs/MP-0/vitus/MP0_wrapper/zynq_fsbl/zynq_fsbl_bsp/system.mss|system||

TRACE::2026-02-03.17:04:12::SCWMssOS::Sw design exists and opened at  X:/cpre488/Labs/MP-0/vitus/MP0_wrapper/ps7_cortexa9_0/domain_ps7_cortexa9_0/bsp/system.mss
TRACE::2026-02-03.17:04:12::SCWWriter::formatted JSON is {
	"platformName":	"MP0_wrapper",
	"sprVersion":	"2.0",
	"mode":	"gui",
	"dsaType":	"Fixed",
	"platformDesc":	"MP0_wrapper",
	"platHandOff":	"X:/cpre488/Labs/MP-0/MP-0/MP0_wrapper.xsa",
	"platIntHandOff":	"<platformDir>/hw/MP0_wrapper.xsa",
	"deviceType":	"zynq",
	"platIsPrebuiltAutogen":	"false",
	"platIsNoBootBsp":	"false",
	"hasFsblMakeHasChanges":	"false",
	"hasPmufwMakeHasChanges":	"false",
	"fsblExtraCompilerFlags":	"-MMD -MP       -mcpu=cortex-a9 -mfpu=vfpv3 -mfloat-abi=hard ",
	"platPreBuiltFlag":	false,
	"platformSamplesDir":	"",
	"platActiveSys":	"MP0_wrapper",
	"systems":	[{
			"systemName":	"MP0_wrapper",
			"systemDesc":	"MP0_wrapper",
			"sysIsBootAutoGen":	"true",
			"systemDispName":	"MP0_wrapper",
			"sysActiveDom":	"domain_ps7_cortexa9_0",
			"sysDefaultDom":	"domain_ps7_cortexa9_0",
			"domains":	[{
					"domainName":	"zynq_fsbl",
					"domainDispName":	"zynq_fsbl",
					"domainDesc":	"FSBL Application BSP - Auto Generated.",
					"processors":	"ps7_cortexa9_0",
					"os":	"standalone",
					"sdxOs":	"standalone",
					"debugEnable":	"",
					"domRuntimes":	["cpp"],
					"swRepo":	"",
					"mssOsVer":	"7.2",
					"mssFile":	"",
					"md5Digest":	"9942495f931e7219553d4fa2d9960465",
					"compatibleApp":	"zynq_fsbl",
					"domType":	"bootDomain",
					"arch":	"32-bit",
					"appSettings":	{
						"appCompilerFlags":	"",
						"appLinkerFlags":	""
					},
					"addedLibs":	["xilffs:4.3", "xilrsa:1.6"],
					"libOptions":	{
						"libsContainingOptions":	[]
					},
					"prebuiltLibs":	{
						"prebuiltIncPath":	[],
						"prebuiltLibPath":	[]
					},
					"isolation":	{
					}
				}, {
					"domainName":	"domain_ps7_cortexa9_0",
					"domainDispName":	"domain_ps7_cortexa9_0",
					"domainDesc":	"domain_ps7_cortexa9_0",
					"processors":	"ps7_cortexa9_0",
					"os":	"standalone",
					"sdxOs":	"standalone",
					"qemuArgs":	"C:/Xilinx/Vitis/2020.1/data/emulation/platforms/zynq/qemu/qemu_args.txt",
					"qemuData":	"C:/Xilinx/Vitis/2020.1/data/emulation/platforms/zynq/qemu/",
					"debugEnable":	"False",
					"domRuntimes":	["cpp"],
					"swRepo":	"",
					"mssOsVer":	"7.2",
					"mssFile":	"",
					"md5Digest":	"7fb497b05e7fa148af2cf6db6c8b55c6",
					"compatibleApp":	"",
					"domType":	"mssDomain",
					"arch":	"32-bit",
					"appSettings":	{
						"appCompilerFlags":	"",
						"appLinkerFlags":	""
					},
					"addedLibs":	[],
					"libOptions":	{
						"libsContainingOptions":	[]
					},
					"prebuiltLibs":	{
						"prebuiltIncPath":	[],
						"prebuiltLibPath":	[]
					},
					"isolation":	{
					}
				}]
		}]
}
KEYINFO::2026-02-03.17:04:12::SCWPlatform::updated the xpfm file.
TRACE::2026-02-03.17:04:12::SCWPlatform::Trying to open the hw design at X:/cpre488/Labs/MP-0/vitus/MP0_wrapper/hw/MP0_wrapper.xsa
TRACE::2026-02-03.17:04:12::SCWPlatform::DSA given X:/cpre488/Labs/MP-0/vitus/MP0_wrapper/hw/MP0_wrapper.xsa
TRACE::2026-02-03.17:04:12::SCWPlatform::DSA absoulate path X:/cpre488/Labs/MP-0/vitus/MP0_wrapper/hw/MP0_wrapper.xsa
TRACE::2026-02-03.17:04:12::SCWPlatform::DSA directory X:/cpre488/Labs/MP-0/vitus/MP0_wrapper/hw
TRACE::2026-02-03.17:04:12::SCWPlatform:: Platform Path X:/cpre488/Labs/MP-0/vitus/MP0_wrapper/hw/MP0_wrapper.xsa
TRACE::2026-02-03.17:04:12::SCWPlatform:: Unique name xilinx:zed::0.0
TRACE::2026-02-03.17:04:12::SCWPlatform::Trying to set the existing hwdb with name MP0_wrapper_0
TRACE::2026-02-03.17:04:12::SCWPlatform::Opened existing hwdb MP0_wrapper_0
TRACE::2026-02-03.17:04:12::SCWPlatform::Found the Hw Db part of the input DSA
TRACE::2026-02-03.17:04:12::SCWMssOS::Checking the sw design at  X:/cpre488/Labs/MP-0/vitus/MP0_wrapper/ps7_cortexa9_0/domain_ps7_cortexa9_0/bsp/system.mss
TRACE::2026-02-03.17:04:12::SCWMssOS::DEBUG:  swdes dump  X:/cpre488/Labs/MP-0/vitus/MP0_wrapper/ps7_cortexa9_0/domain_ps7_cortexa9_0/bsp/system.mss|system_0||
X:/cpre488/Labs/MP-0/vitus/MP0_wrapper/zynq_fsbl/zynq_fsbl_bsp/system.mss|system||

TRACE::2026-02-03.17:04:12::SCWMssOS::Sw design exists and opened at  X:/cpre488/Labs/MP-0/vitus/MP0_wrapper/ps7_cortexa9_0/domain_ps7_cortexa9_0/bsp/system.mss
